# timestamp tx ty tz qx qy qz qw
1403636580.863555670 -3.4181800 0.2907511 -0.2675814 0.8417536 0.0310194 -0.4863513 0.2322740
1403636580.913555384 -3.4263467 0.2792861 -0.2463864 0.8374819 0.0303305 -0.4896758 0.2406693
1403636580.963555574 -3.4380260 0.2994703 -0.2089093 0.8331945 0.0300728 -0.4944016 0.2458651
1403636581.013555527 -3.4208823 0.3038748 -0.1712332 0.8292418 0.0305535 -0.4994365 0.2489732
1403636581.063555479 -3.4431000 0.3014916 -0.1500806 0.8255255 0.0300409 -0.5050090 0.2501422
1403636581.113555431 -3.4339946 0.2843621 -0.1257180 0.8218566 0.0286028 -0.5100752 0.2521048
1403636581.163555622 -3.4311474 0.2656221 -0.1051813 0.8175535 0.0253469 -0.5164696 0.2534223
1403636581.213555574 -3.4443656 0.2671449 -0.0764648 0.8130021 0.0230159 -0.5227887 0.2553229
1403636581.263555527 -3.4360709 0.2884273 -0.0665191 0.8079819 0.0203900 -0.5299226 0.2567714
1403636581.313555479 -3.4469461 0.2739664 -0.0493832 0.8034733 0.0207300 -0.5354726 0.2593647
1403636581.363555670 -3.4245623 0.2831556 -0.0389083 0.8003714 0.0200791 -0.5391257 0.2614307
1403636581.413555384 -3.4440695 0.2425494 -0.0352430 0.7995241 0.0206911 -0.5387357 0.2647582
1403636581.463555574 -3.4250704 0.2672712 -0.0432323 0.8007950 0.0223799 -0.5358991 0.2665309
1403636581.513555527 -3.4125477 0.2626215 -0.0605379 0.8037583 0.0240950 -0.5310059 0.2672539
1403636581.563555479 -3.4525422 0.2466312 -0.0737156 0.8075036 0.0230973 -0.5264220 0.2651118
1403636581.613555431 -3.4440760 0.2596178 -0.0958320 0.8113623 0.0231147 -0.5221877 0.2616811
1403636581.663555622 -3.4448367 0.2718049 -0.1247162 0.8143703 0.0219371 -0.5191968 0.2583687
1403636581.713555574 -3.4488185 0.2533392 -0.1469093 0.8163083 0.0239157 -0.5163784 0.2577251
1403636581.763555527 -3.4538538 0.2743620 -0.1753628 0.8173721 0.0233540 -0.5159886 0.2551729
1403636581.813555479 -3.4401933 0.2666513 -0.1903796 0.8182249 0.0252092 -0.5158929 0.2524420
1403636581.863555670 -3.4440215 0.2692492 -0.2175054 0.8195503 0.0254690 -0.5147248 0.2504934
1403636581.913555384 -3.4357638 0.2635580 -0.2433809 0.8223440 0.0249424 -0.5122279 0.2464767
1403636581.963555574 -3.4347503 0.2877620 -0.2816044 0.8262183 0.0231319 -0.5066610 0.2451995
1403636582.013555527 -3.4426552 0.2658538 -0.2862159 0.8307950 0.0212993 -0.5002058 0.2431463
1403636582.063555479 -3.4397568 0.2591324 -0.3058214 0.8355521 0.0211634 -0.4928987 0.2417762
1403636582.113555431 -3.4491986 0.2709633 -0.3360777 0.8401446 0.0225823 -0.4862811 0.2391186
1403636582.163555622 -3.4320006 0.2490243 -0.3418514 0.8440132 0.0235755 -0.4814779 0.2350850
1403636582.213555574 -3.4741208 0.2772600 -0.3519793 0.8470357 0.0253791 -0.4774950 0.2321312
1403636582.263555527 -3.4346556 0.2562409 -0.3423541 0.8488927 0.0263519 -0.4750150 0.2303204
1403636582.313555479 -3.4280025 0.2691684 -0.3379957 0.8494407 0.0272179 -0.4747035 0.2288368
1403636582.363555670 -3.4299027 0.2551324 -0.3161723 0.8481228 0.0269927 -0.4772347 0.2284865
1403636582.413555384 -3.4421200 0.2654699 -0.3105726 0.8447154 0.0267862 -0.4823982 0.2302831
1403636582.463555574 -3.4290497 0.2669573 -0.2856616 0.8405746 0.0258418 -0.4885086 0.2326499
1403636582.513555527 -3.4224368 0.2407907 -0.2462735 0.8369246 0.0262038 -0.4926964 0.2368984
1403636582.563555479 -3.4193495 0.2501621 -0.2383840 0.8341571 0.0250839 -0.4958939 0.2400875
1403636582.613555431 -3.4402623 0.2671509 -0.1978489 0.8323543 0.0249641 -0.4968036 0.2444365
1403636582.663555622 -3.4128819 0.2592519 -0.1817320 0.8310385 0.0233077 -0.4976541 0.2473303
1403636582.713555574 -3.4176857 0.2417884 -0.1582190 0.8297573 0.0219180 -0.4991938 0.2486522
1403636582.763555527 -3.4043122 0.2596156 -0.1299047 0.8279556 0.0188874 -0.5014794 0.2503023
1403636582.813555479 -3.3970036 0.2626415 -0.1038945 0.8253726 0.0145885 -0.5045645 0.2529069
1403636582.863555670 -3.4090111 0.2505751 -0.0845723 0.8217054 0.0095451 -0.5085089 0.2571535
1403636582.913555384 -3.4168660 0.2812453 -0.0616191 0.8171313 0.0050558 -0.5140974 0.2607197
1403636582.963555574 -3.4264552 0.2671657 -0.0348151 0.8121839 0.0031953 -0.5199378 0.2645975
1403636583.013555527 -3.4164362 0.2696753 -0.0168933 0.8073137 0.0012930 -0.5255609 0.2683817
1403636583.063555479 -3.4280044 0.2711759 -0.0171846 0.8040939 0.0019887 -0.5292790 0.2707265
1403636583.113555431 -3.4277702 0.2468730 -0.0105589 0.8026702 0.0020987 -0.5304273 0.2726958
1403636583.163555622 -3.4581966 0.2665779 -0.0176527 0.8025023 0.0026676 -0.5292878 0.2753859
1403636583.213555574 -3.4572565 0.2613326 -0.0194710 0.8031394 0.0039966 -0.5277399 0.2764811
1403636583.263555527 -3.4424146 0.2596359 -0.0458891 0.8042333 0.0052138 -0.5264621 0.2757159
1403636583.313555479 -3.4471024 0.2812843 -0.0623812 0.8054763 0.0058331 -0.5252724 0.2743408
1403636583.363555670 -3.4323528 0.2951137 -0.0768096 0.8068564 0.0069576 -0.5236700 0.2733204
1403636583.413555384 -3.4350867 0.2849263 -0.0973213 0.8082993 0.0077449 -0.5229313 0.2704351
1403636583.463555574 -3.4364152 0.2875542 -0.1297259 0.8101403 0.0108603 -0.5208799 0.2687729
1403636583.513555527 -3.4263996 0.2784472 -0.1647769 0.8119821 0.0124244 -0.5189171 0.2669378
1403636583.563555479 -3.4277506 0.2728287 -0.1703206 0.8144169 0.0143890 -0.5153514 0.2663290
1403636583.613555431 -3.4489489 0.2907943 -0.1899255 0.8175222 0.0145111 -0.5099925 0.2671229
1403636583.663555622 -3.4489233 0.2679922 -0.2317043 0.8223490 0.0154441 -0.5051867 0.2613234
1403636583.713555574 -3.4474083 0.2932710 -0.2512916 0.8284824 0.0140812 -0.4986025 0.2545865
1403636583.763555527 -3.4208293 0.2594406 -0.2868494 0.8350216 0.0129474 -0.4914279 0.2471231
1403636583.813555479 -3.4242817 0.2845490 -0.3041100 0.8406776 0.0115668 -0.4843228 0.2419893
1403636583.863555670 -3.4113724 0.2796051 -0.3313951 0.8447592 0.0118115 -0.4785132 0.2393063
1403636583.913555384 -3.4203726 0.2766672 -0.3433055 0.8473674 0.0142790 -0.4736334 0.2396581
1403636583.963555574 -3.4126063 0.2704023 -0.3578695 0.8488453 0.0179691 -0.4710572 0.2392570
1403636584.013555527 -3.4197991 0.2491963 -0.3662678 0.8494550 0.0210452 -0.4706553 0.2376276
1403636584.063555479 -3.4133234 0.2362887 -0.3845409 0.8493797 0.0239977 -0.4717767 0.2353825
1403636584.113555431 -3.4322009 0.2563068 -0.3698485 0.8493212 0.0255004 -0.4729669 0.2330354
1403636584.163555622 -3.4259466 0.2562934 -0.3683837 0.8493439 0.0269140 -0.4735217 0.2316630
1403636584.213555574 -3.4268822 0.2584085 -0.3450544 0.8491754 0.0278841 -0.4737837 0.2316304
1403636584.263555527 -3.4413078 0.2714076 -0.3153974 0.8483949 0.0278140 -0.4750169 0.2319726
1403636584.313555479 -3.4425023 0.2676862 -0.3064705 0.8472725 0.0277550 -0.4765767 0.2328811
1403636584.363555670 -3.4409406 0.2970555 -0.2799585 0.8462518 0.0281991 -0.4772374 0.2351748
1403636584.413555384 -3.4336842 0.2840075 -0.2623140 0.8450594 0.0286133 -0.4766826 0.2404781
1403636584.463555574 -3.4591500 0.2834570 -0.2303233 0.8431318 0.0285385 -0.4775461 0.2454873
1403636584.513555527 -3.4508591 0.3113807 -0.2036129 0.8403774 0.0279017 -0.4805751 0.2490680
1403636584.563555479 -3.4489479 0.3011493 -0.1734170 0.8367540 0.0257366 -0.4853518 0.2522180
1403636584.613555431 -3.4610157 0.2814179 -0.1545248 0.8320105 0.0229526 -0.4913362 0.2565551
1403636584.663555622 -3.4471093 0.3003716 -0.1168418 0.8263272 0.0189657 -0.4981333 0.2620817
1403636584.713555574 -3.4461081 0.2950622 -0.1036137 0.8201408 0.0162295 -0.5053167 0.2678818
1403636584.763555527 -3.4551734 0.2922394 -0.0668040 0.8144170 0.0127884 -0.5115150 0.2737040
1403636584.813555479 -3.4494386 0.3097818 -0.0419744 0.8095851 0.0110722 -0.5170831 0.2776230
1403636584.863555670 -3.4693519 0.2903752 -0.0245920 0.8057161 0.0081132 -0.5223259 0.2791620
1403636584.913555384 -3.4670025 0.2980957 -0.0108664 0.8030113 0.0067831 -0.5263455 0.2794410
1403636584.963555574 -3.4602334 0.3026242 0.0000434 0.8017127 0.0035138 -0.5285219 0.2791217
1403636585.013555527 -3.4607392 0.3025160 -0.0019485 0.8019600 0.0014162 -0.5279013 0.2796039
1403636585.063555479 -3.4539302 0.3103271 -0.0037821 0.8030041 -0.0005307 -0.5262944 0.2796397
1403636585.113555431 -3.4395309 0.3139818 -0.0197480 0.8044123 -0.0008968 -0.5245862 0.2787998
1403636585.163555622 -3.4228225 0.3081669 -0.0102722 0.8061048 -0.0027199 -0.5217096 0.2792968
1403636585.213555574 -3.4403469 0.3159269 -0.0384522 0.8079378 -0.0038394 -0.5182108 0.2804984
1403636585.263555527 -3.4099328 0.3030965 -0.0506863 0.8097098 -0.0028907 -0.5138168 0.2834676
1403636585.313555479 -3.4182273 0.3108904 -0.0691458 0.8112538 -0.0019006 -0.5100746 0.2858102
1403636585.363555670 -3.4230317 0.3182190 -0.0929249 0.8128602 0.0012532 -0.5061809 0.2881625
1403636585.413555384 -3.4172650 0.3043650 -0.1060040 0.8148392 0.0029463 -0.5028133 0.2884565
1403636585.463555574 -3.3957462 0.3083524 -0.1308135 0.8174892 0.0066325 -0.5000924 0.2856133
1403636585.513555527 -3.3715713 0.3128397 -0.1495731 0.8205167 0.0096020 -0.4967884 0.2825977
1403636585.563555479 -3.3769545 0.3238450 -0.1855877 0.8238154 0.0141655 -0.4944220 0.2769015
1403636585.613555431 -3.4062160 0.2953104 -0.1942000 0.8273339 0.0181140 -0.4923245 0.2698278
1403636585.663555622 -3.4153168 0.2832877 -0.2042339 0.8312266 0.0206089 -0.4899691 0.2618548
1403636585.713555574 -3.3971098 0.2721799 -0.2099928 0.8353800 0.0224860 -0.4872999 0.2533246
1403636585.763555527 -3.3998883 0.2622853 -0.2295903 0.8397768 0.0229031 -0.4833955 0.2461283
1403636585.813555479 -3.3717941 0.2626600 -0.2311111 0.8442177 0.0226717 -0.4797337 0.2379873
1403636585.863555670 -3.3726254 0.2545901 -0.2328837 0.8492177 0.0225379 -0.4746155 0.2303507
1403636585.913555384 -3.3684015 0.2333506 -0.2408729 0.8541961 0.0221527 -0.4688457 0.2237007
1403636585.963555574 -3.3694247 0.2352149 -0.2350891 0.8598117 0.0207085 -0.4608064 0.2189806
1403636586.013555527 -3.3714060 0.2274442 -0.2373228 0.8660420 0.0176949 -0.4505309 0.2160558
1403636586.063555479 -3.3600730 0.2273377 -0.2333977 0.8723015 0.0140479 -0.4382288 0.2164444
1403636586.113555431 -3.3575279 0.2447370 -0.2337328 0.8776532 0.0094711 -0.4275392 0.2164381
1403636586.163555622 -3.3518489 0.2075399 -0.2257912 0.8822502 0.0051486 -0.4183576 0.2158356
1403636586.213555574 -3.3489611 0.2150758 -0.2281373 0.8863745 0.0023254 -0.4109020 0.2132940
1403636586.263555527 -3.3634296 0.1966798 -0.2325690 0.8907884 0.0011836 -0.4031527 0.2096722
1403636586.313555479 -3.3621816 0.2071428 -0.2067453 0.8953859 -0.0009664 -0.3951489 0.2052813
1403636586.363555670 -3.3642966 0.1871547 -0.2234282 0.9000331 -0.0026456 -0.3866939 0.2010005
1403636586.413555384 -3.3693967 0.1887130 -0.2164398 0.9045480 -0.0048347 -0.3785841 0.1960704
1403636586.463555574 -3.3574550 0.2014845 -0.2212039 0.9086836 -0.0043950 -0.3704103 0.1925382
1403636586.513555527 -3.3534873 0.1936221 -0.2200932 0.9122098 -0.0032478 -0.3631769 0.1896449
1403636586.563555479 -3.3586758 0.1708136 -0.2179500 0.9149131 -0.0015058 -0.3579685 0.1865219
1403636586.613555431 -3.3605097 0.1577258 -0.2130128 0.9164508 -0.0001097 -0.3551881 0.1842806
1403636586.663555622 -3.3758636 0.1522312 -0.2148725 0.9167093 -0.0007157 -0.3548310 0.1836805
1403636586.713555574 -3.3585645 0.1606803 -0.2027653 0.9157028 -0.0003279 -0.3573334 0.1838508
1403636586.763555527 -3.3533037 0.1748613 -0.2065591 0.9141754 -0.0000403 -0.3616190 0.1830712
1403636586.813555479 -3.3501742 0.1680293 -0.1950284 0.9124498 0.0006595 -0.3659279 0.1831166
1403636586.863555670 -3.3503311 0.1811141 -0.2143759 0.9108583 0.0017768 -0.3693352 0.1841890
1403636586.913555384 -3.3582421 0.1548100 -0.1936787 0.9095981 0.0043370 -0.3719192 0.1851717
1403636586.963555574 -3.3620362 0.1404438 -0.2036988 0.9086063 0.0064184 -0.3743944 0.1849926
1403636587.013555527 -3.3448269 0.1534081 -0.2085896 0.9080369 0.0101605 -0.3756074 0.1851619
1403636587.063555479 -3.3353337 0.1541966 -0.2160406 0.9082812 0.0119927 -0.3752816 0.1845133
1403636587.113555431 -3.3264337 0.1571636 -0.2094101 0.9092065 0.0144791 -0.3732717 0.1838535
1403636587.163555622 -3.3294425 0.1556104 -0.2200655 0.9101616 0.0161051 -0.3710478 0.1834939
1403636587.213555574 -3.3371343 0.1579384 -0.2290084 0.9107478 0.0169878 -0.3700338 0.1825507
1403636587.263555527 -3.3356794 0.1641116 -0.2051686 0.9111881 0.0163098 -0.3691796 0.1821446
1403636587.313555479 -3.3285008 0.1844805 -0.2142454 0.9114896 0.0151435 -0.3686324 0.1818445
1403636587.363555670 -3.3101575 0.1985917 -0.2139418 0.9118647 0.0136737 -0.3676994 0.1819695
1403636587.413555384 -3.3115280 0.1884684 -0.2144654 0.9122670 0.0120740 -0.3668532 0.1817741
1403636587.463555574 -3.3180340 0.1708140 -0.2142341 0.9128098 0.0099069 -0.3659794 0.1809395
1403636587.513555527 -3.2990898 0.1911873 -0.2018912 0.9133319 0.0077632 -0.3652320 0.1799172
1403636587.563555479 -3.2808412 0.1796639 -0.1934840 0.9136507 0.0057995 -0.3647500 0.1793494
1403636587.613555431 -3.2529274 0.1923093 -0.2032854 0.9135319 0.0031026 -0.3648076 0.1799036
1403636587.663555622 -3.2351296 0.1705925 -0.2116719 0.9126800 0.0001449 -0.3662976 0.1812215
1403636587.713555574 -3.2347721 0.1776103 -0.2093222 0.9113374 -0.0035610 -0.3685559 0.1833520
1403636587.763555527 -3.2279470 0.1754878 -0.2000492 0.9098060 -0.0079692 -0.3711345 0.1856039
1403636587.813555479 -3.2039763 0.1666072 -0.1946810 0.9086495 -0.0118567 -0.3725008 0.1883045
1403636587.863555670 -3.2028687 0.1976125 -0.2040245 0.9082531 -0.0156222 -0.3725073 0.1899226
1403636587.913555384 -3.2048071 0.2055979 -0.2004288 0.9087487 -0.0185218 -0.3705021 0.1912090
1403636587.963555574 -3.1729590 0.2114197 -0.2019686 0.9102188 -0.0216783 -0.3659304 0.1926829
1403636588.013555527 -3.1372897 0.2045326 -0.2023362 0.9123666 -0.0244818 -0.3594678 0.1943467
1403636588.063555479 -3.1401239 0.2015552 -0.1997528 0.9142580 -0.0282006 -0.3543351 0.1943801
1403636588.113555431 -3.1443346 0.2157373 -0.2050557 0.9156081 -0.0296462 -0.3513724 0.1931848
1403636588.163555622 -3.1260755 0.2085458 -0.2145712 0.9163616 -0.0295778 -0.3493985 0.1932026
1403636588.213555574 -3.1147084 0.2048622 -0.2137628 0.9165023 -0.0291483 -0.3493349 0.1927147
1403636588.263555527 -3.1073516 0.2083595 -0.2019546 0.9161609 -0.0290811 -0.3504813 0.1922665
1403636588.313555479 -3.1030245 0.2454161 -0.2317635 0.9154904 -0.0292536 -0.3526498 0.1914672
1403636588.363555670 -3.1173114 0.2481759 -0.2181248 0.9147748 -0.0287210 -0.3549701 0.1906787
1403636588.413555384 -3.1097374 0.2276544 -0.2225963 0.9141390 -0.0295441 -0.3568152 0.1901577
1403636588.463555574 -3.1296001 0.2443387 -0.2230888 0.9139266 -0.0301415 -0.3574035 0.1899797
1403636588.513555527 -3.1148071 0.2163281 -0.2276350 0.9140905 -0.0302929 -0.3561022 0.1916041
1403636588.563555479 -3.1422992 0.2422910 -0.2200677 0.9140228 -0.0302942 -0.3556070 0.1928427
1403636588.613555431 -3.1092762 0.2414151 -0.2246855 0.9138555 -0.0303219 -0.3560224 0.1928647
1403636588.663555622 -3.1149046 0.2275072 -0.2239034 0.9136763 -0.0295669 -0.3566649 0.1926438
1403636588.713555574 -3.1338972 0.2315170 -0.2128701 0.9139207 -0.0287951 -0.3571086 0.1907700
1403636588.763555527 -3.1396501 0.2223967 -0.2287091 0.9145421 -0.0262810 -0.3565992 0.1891004
1403636588.813555479 -3.1506513 0.2266387 -0.2192311 0.9152041 -0.0243857 -0.3559786 0.1873125
1403636588.863555670 -3.1724892 0.2055152 -0.2148527 0.9155770 -0.0228534 -0.3561152 0.1854142
1403636588.913555384 -3.1853217 0.2297898 -0.2194639 0.9155676 -0.0211628 -0.3572429 0.1834820
1403636588.963555574 -3.2240719 0.2077675 -0.2186340 0.9152889 -0.0188183 -0.3586733 0.1823336
1403636589.013555527 -3.2191024 0.2184277 -0.2133313 0.9145523 -0.0162846 -0.3610962 0.1814897
1403636589.063555479 -3.2472889 0.2038831 -0.2254039 0.9134907 -0.0134792 -0.3642206 0.1808212
1403636589.113555431 -3.2632691 0.2060384 -0.2172132 0.9123550 -0.0101742 -0.3672195 0.1807062
1403636589.163555622 -3.2846939 0.1905100 -0.1998219 0.9113039 -0.0080728 -0.3699543 0.1805375
1403636589.213555574 -3.3035575 0.1832905 -0.2240594 0.9107304 -0.0061890 -0.3716769 0.1799672
1403636589.263555527 -3.3192366 0.1821599 -0.2126056 0.9107744 -0.0041268 -0.3720780 0.1789720
1403636589.313555479 -3.3309965 0.1706518 -0.2101715 0.9112634 -0.0008741 -0.3715779 0.1775613
1403636589.363555670 -3.3533284 0.1758079 -0.2015127 0.9121295 0.0018367 -0.3704149 0.1755255
1403636589.413555384 -3.3642497 0.1570477 -0.2061310 0.9128268 0.0050823 -0.3692033 0.1743859
1403636589.463555574 -3.4090850 0.1231737 -0.2143524 0.9129229 0.0074537 -0.3689191 0.1743987
1403636589.513555527 -3.4105969 0.1501500 -0.2151005 0.9125316 0.0085847 -0.3699745 0.1741588
1403636589.563555479 -3.4020156 0.1379341 -0.2127529 0.9119534 0.0098988 -0.3716862 0.1734713
1403636589.613555431 -3.4390145 0.1202552 -0.2262643 0.9113427 0.0114450 -0.3730214 0.1737197
1403636589.663555622 -3.4578309 0.1341364 -0.2139142 0.9107610 0.0131312 -0.3744338 0.1736126
1403636589.713555574 -3.4825912 0.1250803 -0.2175920 0.9104354 0.0145893 -0.3753329 0.1732622
1403636589.763555527 -3.4991810 0.1223113 -0.2162632 0.9105289 0.0168154 -0.3761698 0.1707353
1403636589.813555479 -3.5179165 0.1118008 -0.2270571 0.9112457 0.0198945 -0.3757206 0.1675393
1403636589.863555670 -3.5149447 0.1372232 -0.2199471 0.9124767 0.0232675 -0.3740659 0.1640718
1403636589.913555384 -3.5226975 0.1283895 -0.2275566 0.9136248 0.0265784 -0.3727269 0.1601809
1403636589.963555574 -3.5531557 0.1235899 -0.2351207 0.9142570 0.0290780 -0.3728416 0.1558131
1403636590.013555527 -3.5535418 0.1141105 -0.2278920 0.9139268 0.0316058 -0.3747734 0.1525902
1403636590.063555479 -3.5556820 0.1262646 -0.2286493 0.9127192 0.0336830 -0.3779944 0.1514242
1403636590.113555431 -3.5626124 0.1298015 -0.2342233 0.9111290 0.0355021 -0.3819284 0.1507123
1403636590.163555622 -3.5638518 0.1340418 -0.2343500 0.9095911 0.0367448 -0.3858590 0.1496890
1403636590.213555574 -3.5716064 0.1298439 -0.2312210 0.9085901 0.0377712 -0.3880537 0.1498388
1403636590.263555527 -3.5586744 0.1243627 -0.2162837 0.9082655 0.0385444 -0.3884641 0.1505448
1403636590.313555479 -3.5705236 0.1110448 -0.2260409 0.9086209 0.0391441 -0.3871667 0.1515839
1403636590.363555670 -3.5439656 0.1192787 -0.2244754 0.9091794 0.0381308 -0.3853813 0.1530362
1403636590.413555384 -3.5429753 0.1111001 -0.2363580 0.9095648 0.0372017 -0.3837411 0.1550832
1403636590.463555574 -3.5466625 0.1083864 -0.2079246 0.9096165 0.0351573 -0.3825352 0.1582042
1403636590.513555527 -3.5588641 0.0831533 -0.2200643 0.9092180 0.0337656 -0.3821777 0.1616253
1403636590.563555479 -3.5220397 0.0830999 -0.2262570 0.9086628 0.0320770 -0.3820400 0.1653738
1403636590.613555431 -3.5023828 0.1012423 -0.2167992 0.9080906 0.0305038 -0.3822856 0.1682221
1403636590.663555622 -3.4819642 0.1130419 -0.2170648 0.9078270 0.0282944 -0.3818770 0.1709374
1403636590.713555574 -3.4880996 0.1156953 -0.2147325 0.9080297 0.0262426 -0.3806639 0.1728827
1403636590.763555527 -3.4825087 0.1324606 -0.2106108 0.9088031 0.0233569 -0.3786183 0.1737227
1403636590.813555479 -3.4312859 0.1122683 -0.2128918 0.9100330 0.0213312 -0.3763773 0.1724094
1403636590.863555670 -3.4243483 0.0991329 -0.2207278 0.9114312 0.0189483 -0.3737286 0.1710588
1403636590.913555384 -3.3972365 0.1052427 -0.2123546 0.9126112 0.0172508 -0.3711865 0.1704811
1403636590.963555574 -3.3532040 0.1079949 -0.2154551 0.9131709 0.0160237 -0.3695984 0.1710531
1403636591.013555527 -3.3528570 0.1252828 -0.2165900 0.9132083 0.0155840 -0.3694977 0.1711115
1403636591.063555479 -3.3223968 0.1174700 -0.2212648 0.9128809 0.0153972 -0.3706564 0.1703681
1403636591.113555431 -3.3204248 0.1322488 -0.2198682 0.9126556 0.0151688 -0.3716081 0.1695199
1403636591.163555622 -3.2969066 0.0966248 -0.2167535 0.9127132 0.0137090 -0.3718838 0.1687280
1403636591.213555574 -3.2637777 0.1224895 -0.2068737 0.9130663 0.0126120 -0.3712502 0.1682979
1403636591.263555527 -3.2744583 0.1422581 -0.2171302 0.9136489 0.0112490 -0.3699265 0.1681475
1403636591.313555479 -3.2563353 0.1347940 -0.2289373 0.9142931 0.0098433 -0.3681508 0.1686306
1403636591.363555670 -3.2361359 0.1493352 -0.2271119 0.9149143 0.0077365 -0.3663076 0.1693833
1403636591.413555384 -3.2284613 0.1412271 -0.2183827 0.9152182 0.0055830 -0.3652426 0.1701245
1403636591.463555574 -3.2159022 0.1653743 -0.2414216 0.9153063 0.0035022 -0.3650500 0.1701196
1403636591.513555527 -3.1932703 0.1648224 -0.2416422 0.9149199 0.0019411 -0.3649066 0.1725139
1403636591.563555479 -3.2102670 0.1899393 -0.2320326 0.9134578 -0.0022432 -0.3660156 0.1778269
1403636591.613555431 -3.1813085 0.1789236 -0.2492802 0.9108937 -0.0081485 -0.3685199 0.1854708
1403636591.663555622 -3.1738656 0.1860517 -0.2420094 0.9069374 -0.0130825 -0.3738954 0.1936379
1403636591.713555574 -3.1832116 0.2180805 -0.2310825 0.9023496 -0.0163083 -0.3804350 0.2019122
1403636591.763555527 -3.1751040 0.2050314 -0.2423725 0.8976228 -0.0192899 -0.3867713 0.2104974
1403636591.813555479 -3.1642260 0.2161837 -0.2343197 0.8926674 -0.0231242 -0.3933044 0.2189106
1403636591.863555670 -3.1853349 0.2207005 -0.2407004 0.8885204 -0.0268456 -0.3986982 0.2255007
1403636591.913555384 -3.1590405 0.2459194 -0.2422000 0.8858621 -0.0311299 -0.4015606 0.2302789
1403636591.963555574 -3.1715030 0.2330169 -0.2516874 0.8856200 -0.0363008 -0.4010427 0.2313530
1403636592.013555527 -3.1814319 0.2248268 -0.2429774 0.8871425 -0.0412080 -0.3971926 0.2313399
1403636592.063555479 -3.1638346 0.2482269 -0.2452106 0.8886139 -0.0475377 -0.3930410 0.2315693
1403636592.113555431 -3.1633729 0.2420896 -0.2435976 0.8900393 -0.0535042 -0.3888874 0.2318059
1403636592.163555622 -3.1572552 0.2461688 -0.2445448 0.8916594 -0.0591311 -0.3844273 0.2316520
1403636592.213555574 -3.1787604 0.2628250 -0.2288540 0.8936134 -0.0629186 -0.3796647 0.2309785
1403636592.263555527 -3.1632999 0.2462572 -0.2377491 0.8955393 -0.0649055 -0.3754242 0.2298983
1403636592.313555479 -3.1862600 0.2504575 -0.2274872 0.8973574 -0.0652435 -0.3722751 0.2278251
1403636592.363555670 -3.1626988 0.3088813 -0.2272806 0.8989603 -0.0660914 -0.3706909 0.2238093
1403636592.413555384 -3.1649528 0.3120323 -0.2386817 0.9003852 -0.0638466 -0.3701877 0.2195247
1403636592.463555574 -3.1790166 0.3213365 -0.2311288 0.9008213 -0.0602909 -0.3718694 0.2158684
1403636592.513555527 -3.1657040 0.3233866 -0.2366137 0.9000533 -0.0545052 -0.3763010 0.2129102
1403636592.563555479 -3.1934399 0.3365339 -0.2362390 0.8983684 -0.0475275 -0.3822691 0.2110587
1403636592.613555431 -3.1759769 0.3831213 -0.2492996 0.8964031 -0.0389007 -0.3888008 0.2092418
1403636592.663555622 -3.2026223 0.3927289 -0.2464516 0.8947961 -0.0298561 -0.3940612 0.2077602
1403636592.713555574 -3.2046724 0.3895144 -0.2423946 0.8938139 -0.0205400 -0.3984553 0.2047150
1403636592.763555527 -3.2065940 0.4004380 -0.2392438 0.8934969 -0.0101025 -0.4022792 0.1993304
1403636592.813555479 -3.2446125 0.4311598 -0.2520000 0.8935559 0.0005898 -0.4059938 0.1916419
1403636592.863555670 -3.2536848 0.4341020 -0.2366815 0.8940945 0.0118650 -0.4092356 0.1816050
1403636592.913555384 -3.2632538 0.4197402 -0.2439048 0.8948382 0.0234805 -0.4112826 0.1719297
1403636592.963555574 -3.2671646 0.4212642 -0.2384225 0.8955479 0.0348412 -0.4128630 0.1622472
1403636593.013555527 -3.2796270 0.4006345 -0.2457150 0.8959910 0.0466008 -0.4145140 0.1523371
1403636593.063555479 -3.3436033 0.3990587 -0.2308281 0.8961442 0.0581854 -0.4159213 0.1433511
1403636593.113555431 -3.3518344 0.3749810 -0.2453745 0.8957210 0.0701726 -0.4174601 0.1359660
1403636593.163555622 -3.3817375 0.3665696 -0.2435962 0.8949906 0.0798122 -0.4201484 0.1268744
1403636593.213555574 -3.4159268 0.3746580 -0.2473103 0.8941614 0.0866192 -0.4231437 0.1179911
1403636593.263555527 -3.4553243 0.3338674 -0.2444680 0.8933033 0.0923218 -0.4263408 0.1082566
1403636593.313555479 -3.4657433 0.3343464 -0.2481633 0.8933058 0.0969893 -0.4269713 0.1014561
1403636593.363555670 -3.4530105 0.2788065 -0.2525688 0.8937093 0.1008923 -0.4260745 0.0978009
1403636593.413555384 -3.4990529 0.2588752 -0.2432232 0.8942550 0.1029831 -0.4249434 0.0955281
1403636593.463555574 -3.5005395 0.2563107 -0.2515935 0.8949112 0.1041295 -0.4231440 0.0961256
1403636593.513555527 -3.5152490 0.2420689 -0.2626716 0.8960451 0.1018452 -0.4208498 0.0980620
1403636593.563555479 -3.5146474 0.2087668 -0.2738815 0.8976349 0.0976812 -0.4182157 0.0990234
1403636593.613555431 -3.5015260 0.1933992 -0.2759471 0.9000458 0.0912641 -0.4141664 0.1002734
1403636593.663555622 -3.5058521 0.1966661 -0.2666896 0.9029016 0.0827999 -0.4095622 0.1008549
1403636593.713555574 -3.4912141 0.1638745 -0.2756304 0.9060511 0.0728548 -0.4036810 0.1039478
1403636593.763555527 -3.4750328 0.1496261 -0.2788896 0.9088831 0.0597563 -0.3980933 0.1090064
1403636593.813555479 -3.4622474 0.1378605 -0.2771792 0.9107294 0.0449040 -0.3935454 0.1169514
1403636593.863555670 -3.4563451 0.1234012 -0.2790739 0.9111877 0.0276717 -0.3910415 0.1267193
1403636593.913555384 -3.4154008 0.1072765 -0.2708417 0.9103723 0.0097645 -0.3898588 0.1383366
1403636593.963555574 -3.4123293 0.1211999 -0.2771610 0.9086628 -0.0080990 -0.3890392 0.1513763
1403636594.013555527 -3.3826309 0.1148587 -0.2805288 0.9065663 -0.0250791 -0.3877117 0.1648882
1403636594.063555479 -3.3554344 0.1147903 -0.2821091 0.9046214 -0.0418341 -0.3850665 0.1778592
1403636594.113555431 -3.3289485 0.1068330 -0.2806005 0.9031501 -0.0575147 -0.3815038 0.1883260
1403636594.163555622 -3.2755668 0.1252986 -0.2704098 0.9023352 -0.0720323 -0.3765568 0.1969965
1403636594.213555574 -3.2763184 0.1153368 -0.2804346 0.9018922 -0.0835065 -0.3711209 0.2046618
1403636594.263555527 -3.2553896 0.1276385 -0.2808580 0.9014889 -0.0925130 -0.3660371 0.2116032
1403636594.313555479 -3.2170776 0.1324307 -0.2701353 0.9010816 -0.0984754 -0.3616519 0.2180882
1403636594.363555670 -3.2002497 0.1482450 -0.2839640 0.9003360 -0.1027190 -0.3583070 0.2246330
1403636594.413555384 -3.1688514 0.1697402 -0.2798526 0.8988478 -0.1048418 -0.3572972 0.2311267
1403636594.463555574 -3.1661823 0.2080759 -0.2761887 0.8967688 -0.1047446 -0.3583213 0.2375715
1403636594.513555527 -3.1675136 0.2122275 -0.2799787 0.8942919 -0.1033878 -0.3614155 0.2427588
1403636594.563555479 -3.1403363 0.2654188 -0.2830221 0.8915879 -0.1040287 -0.3661128 0.2453783
1403636594.613555431 -3.1198208 0.2691484 -0.2922408 0.8895649 -0.1037934 -0.3704285 0.2463412
1403636594.663555622 -3.1218905 0.2582468 -0.2897524 0.8879538 -0.1040934 -0.3744035 0.2460176
1403636594.713555574 -3.1481032 0.2864676 -0.2956957 0.8871291 -0.1014760 -0.3776566 0.2451122
1403636594.763555527 -3.1713655 0.3169059 -0.2921763 0.8867507 -0.0964581 -0.3816042 0.2423784
1403636594.813555479 -3.1626529 0.3136715 -0.3069317 0.8866339 -0.0875620 -0.3864754 0.2384323
1403636594.863555670 -3.1771255 0.2886112 -0.3048207 0.8864974 -0.0771180 -0.3917608 0.2338775
1403636594.913555384 -3.2004781 0.3134937 -0.3073214 0.8862446 -0.0632978 -0.3975819 0.2291125
1403636594.963555574 -3.2106452 0.3357318 -0.3102937 0.8861351 -0.0471366 -0.4035176 0.2229712
1403636595.013555527 -3.2517568 0.3249995 -0.3114056 0.8859972 -0.0297880 -0.4107817 0.2130260
1403636595.063555479 -3.2676832 0.3402129 -0.3072773 0.8863493 -0.0112909 -0.4160955 0.2027855
1403636595.113555431 -3.2873276 0.3346975 -0.3107779 0.8870885 0.0061988 -0.4201865 0.1909945
1403636595.163555622 -3.3258341 0.3510418 -0.3091651 0.8877637 0.0223958 -0.4233221 0.1793668
1403636595.213555574 -3.3587930 0.3279432 -0.3173842 0.8883251 0.0367054 -0.4263024 0.1667256
1403636595.263555527 -3.3698973 0.3177218 -0.3182748 0.8885081 0.0503075 -0.4289302 0.1550526
1403636595.313555479 -3.3885364 0.3167752 -0.3266344 0.8886286 0.0622657 -0.4306337 0.1449715
1403636595.363555670 -3.3959157 0.2982391 -0.3128077 0.8884829 0.0722265 -0.4317233 0.1378279
1403636595.413555384 -3.4205186 0.2808387 -0.3208982 0.8884208 0.0783285 -0.4324924 0.1323764
1403636595.463555574 -3.4230822 0.2601035 -0.3081363 0.8885233 0.0829723 -0.4325073 0.1287611
1403636595.513555527 -3.4594734 0.2300581 -0.3156234 0.8892262 0.0845153 -0.4315364 0.1261357
1403636595.563555479 -3.4270632 0.2172377 -0.3116220 0.8900714 0.0871165 -0.4297264 0.1245744
1403636595.613555431 -3.4130418 0.2003819 -0.3254891 0.8912108 0.0869819 -0.4273837 0.1245819
1403636595.663555622 -3.4067503 0.1713232 -0.3298445 0.8925145 0.0854281 -0.4242714 0.1269394
1403636595.713555574 -3.4030767 0.1614984 -0.3181147 0.8938055 0.0803786 -0.4212035 0.1312961
1403636595.763555527 -3.3739167 0.1490869 -0.3209498 0.8948703 0.0746939 -0.4174578 0.1391296
1403636595.813555479 -3.3589722 0.1603554 -0.3234146 0.8958941 0.0652672 -0.4132618 0.1494275
1403636595.863555670 -3.3417824 0.1520396 -0.3203702 0.8967257 0.0548925 -0.4089134 0.1601864
1403636595.913555384 -3.3030999 0.1396293 -0.3234516 0.8977518 0.0422226 -0.4043004 0.1697059
1403636595.963555574 -3.2701633 0.1349580 -0.3255441 0.8989498 0.0296521 -0.3988882 0.1786004
1403636596.013555527 -3.2324886 0.1175795 -0.3198470 0.9004540 0.0176791 -0.3922884 0.1870289
1403636596.063555479 -3.2343028 0.1186926 -0.3194509 0.9017809 0.0049736 -0.3859877 0.1943708
1403636596.113555431 -3.2023594 0.1335761 -0.3162244 0.9028599 -0.0065383 -0.3805550 0.1999481
1403636596.163555622 -3.2124538 0.0998312 -0.3181197 0.9034606 -0.0155645 -0.3770106 0.2034201
1403636596.213555574 -3.2237106 0.1087664 -0.3120850 0.9033289 -0.0220240 -0.3758024 0.2056318
1403636596.263555527 -3.2328042 0.0899254 -0.3124711 0.9028823 -0.0268548 -0.3764427 0.2058479
1403636596.313555479 -3.2302231 0.0750388 -0.3142314 0.9020604 -0.0302193 -0.3781168 0.2059161
1403636596.363555670 -3.2422232 0.0556506 -0.3033942 0.9010822 -0.0320647 -0.3796714 0.2070562
1403636596.413555384 -3.2528538 0.0572997 -0.2960508 0.8998835 -0.0317376 -0.3813963 0.2091394
1403636596.463555574 -3.2594409 0.0219466 -0.2980868 0.8985439 -0.0297267 -0.3837511 0.2108797
1403636596.513555527 -3.2726113 0.0093834 -0.2933575 0.8973035 -0.0266357 -0.3859374 0.2125779
1403636596.563555479 -3.2969698 0.0020184 -0.2921314 0.8963100 -0.0230159 -0.3876819 0.2140125
1403636596.613555431 -3.3075700 -0.0157063 -0.2806531 0.8962655 -0.0214782 -0.3873454 0.2149661
1403636596.663555622 -3.3034617 -0.0288924 -0.2706057 0.8968203 -0.0205685 -0.3863336 0.2145613
1403636596.713555574 -3.3046187 -0.0163876 -0.2716943 0.8974452 -0.0192805 -0.3853667 0.2138058
1403636596.763555527 -3.2957091 -0.0529488 -0.2728736 0.8973650 -0.0164404 -0.3854202 0.2142828
1403636596.813555479 -3.3037985 -0.0470001 -0.2777245 0.8962369 -0.0149120 -0.3872195 0.2158661
1403636596.863555670 -3.3039877 -0.0280901 -0.2742152 0.8947792 -0.0122352 -0.3888802 0.2190722
1403636596.913555384 -3.3010306 -0.0101553 -0.2805426 0.8934368 -0.0110731 -0.3904879 0.2217368
1403636596.963555574 -3.2963211 0.0059114 -0.2840639 0.8932497 -0.0089382 -0.3893608 0.2245512
1403636597.013555527 -3.2798148 0.0072355 -0.2820467 0.8942944 -0.0092169 -0.3868998 0.2246354
1403636597.063555479 -3.2748589 0.0262560 -0.2919971 0.8966679 -0.0079499 -0.3821444 0.2233589
1403636597.113555431 -3.2743440 0.0810996 -0.2999167 0.8993371 -0.0065047 -0.3783572 0.2190806
1403636597.163555622 -3.2790387 0.0816099 -0.2800655 0.9016031 -0.0019022 -0.3755530 0.2146348
1403636597.213555574 -3.2558162 0.0952900 -0.2822020 0.9029408 0.0036427 -0.3749256 0.2100369
1403636597.263555527 -3.2727758 0.1442930 -0.2835095 0.9031698 0.0100920 -0.3762006 0.2065321
1403636597.313555479 -3.2297233 0.1510786 -0.2887185 0.9024641 0.0175899 -0.3790534 0.2038815
1403636597.363555670 -3.2358517 0.1892497 -0.2855380 0.9013079 0.0244483 -0.3832699 0.2003758
1403636597.413555384 -3.2345153 0.2158542 -0.2928193 0.9000349 0.0329447 -0.3866454 0.1983865
1403636597.463555574 -3.2348278 0.2293767 -0.2865326 0.8987951 0.0412957 -0.3903419 0.1951801
1403636597.513555527 -3.2497883 0.2408068 -0.2844147 0.8972732 0.0512650 -0.3942646 0.1919069
1403636597.563555479 -3.2318003 0.2764660 -0.2797403 0.8954026 0.0598750 -0.3999581 0.1862866
1403636597.613555431 -3.2333573 0.2736906 -0.2862233 0.8929899 0.0679483 -0.4071330 0.1794289
1403636597.663555622 -3.2401402 0.2881511 -0.2827887 0.8902518 0.0756942 -0.4147414 0.1723706
1403636597.713555574 -3.2626437 0.2853736 -0.2892664 0.8873946 0.0830582 -0.4219897 0.1660026
1403636597.763555527 -3.2553798 0.2978838 -0.2935798 0.8846266 0.0896620 -0.4281241 0.1615740
1403636597.813555479 -3.2578729 0.2956724 -0.2844215 0.8820131 0.0954439 -0.4333891 0.1584844
1403636597.863555670 -3.2760999 0.2862950 -0.2911628 0.8799221 0.1010491 -0.4366248 0.1577497
1403636597.913555384 -3.2653694 0.3038851 -0.2889279 0.8783652 0.1070606 -0.4385643 0.1570797
1403636597.963555574 -3.2772214 0.2686133 -0.2859215 0.8778900 0.1120466 -0.4382480 0.1571413
1403636598.013555527 -3.2842796 0.2738412 -0.2821015 0.8784327 0.1158236 -0.4363636 0.1566131
1403636598.063555479 -3.2999097 0.2638770 -0.2973464 0.8800084 0.1173763 -0.4331305 0.1555826
1403636598.113555431 -3.2994866 0.2336898 -0.3014374 0.8827129 0.1175824 -0.4285114 0.1528734
1403636598.163555622 -3.2856137 0.2122950 -0.3025840 0.8863039 0.1174885 -0.4215237 0.1515905
1403636598.213555574 -3.3023244 0.1988189 -0.3121864 0.8907140 0.1168318 -0.4127075 0.1505042
1403636598.263555527 -3.2960930 0.1754521 -0.3128846 0.8948624 0.1176618 -0.4033707 0.1505625
1403636598.313555479 -3.2955666 0.1748224 -0.3256325 0.8982088 0.1165151 -0.3960757 0.1508948
1403636598.363555670 -3.2955337 0.1708831 -0.3137812 0.9002742 0.1162641 -0.3902733 0.1538692
1403636598.413555384 -3.3043057 0.1687705 -0.3325294 0.9014431 0.1142818 -0.3869141 0.1569634
1403636598.463555574 -3.2824687 0.1614305 -0.3343389 0.9013654 0.1142823 -0.3859149 0.1598428
1403636598.513555527 -3.3018304 0.1279340 -0.3413432 0.9002389 0.1137722 -0.3880228 0.1614437
1403636598.563555479 -3.3063524 0.1599118 -0.3366922 0.8977302 0.1154100 -0.3931983 0.1617287
1403636598.613555431 -3.3138623 0.1980178 -0.3457015 0.8944296 0.1163240 -0.4004902 0.1614682
1403636598.663555622 -3.3161378 0.2184521 -0.3596981 0.8904944 0.1185825 -0.4088526 0.1606158
1403636598.713555574 -3.3136966 0.2076630 -0.3637557 0.8858142 0.1209435 -0.4187777 0.1591574
1403636598.763555527 -3.3117339 0.2383798 -0.3640955 0.8802220 0.1237907 -0.4302646 0.1573451
1403636598.813555479 -3.3264094 0.2578213 -0.3720640 0.8745129 0.1252175 -0.4418267 0.1560034
1403636598.863555670 -3.2971271 0.2698142 -0.3762299 0.8685750 0.1254143 -0.4531988 0.1563956
1403636598.913555384 -3.2768180 0.2718982 -0.3944870 0.8634675 0.1239722 -0.4628480 0.1575643
1403636598.963555574 -3.2946508 0.2985933 -0.4038677 0.8588962 0.1236229 -0.4701979 0.1610239
1403636599.013555527 -3.3077659 0.2814873 -0.4139155 0.8549283 0.1237774 -0.4766524 0.1630315
1403636599.063555479 -3.3088831 0.3019242 -0.4324417 0.8504927 0.1229209 -0.4846922 0.1631751
1403636599.113555431 -3.3039648 0.3245515 -0.4340332 0.8453209 0.1226360 -0.4941601 0.1618601
1403636599.163555622 -3.3216821 0.3258113 -0.4436082 0.8386359 0.1217509 -0.5060264 0.1606360
1403636599.213555574 -3.3184045 0.3290845 -0.4445564 0.8299921 0.1205234 -0.5189675 0.1651060
1403636599.263555527 -3.3039102 0.3307070 -0.4518896 0.8215895 0.1170954 -0.5319825 0.1681488
1403636599.313555479 -3.2996087 0.3371699 -0.4592045 0.8143044 0.1139984 -0.5428350 0.1710057
1403636599.363555670 -3.2958235 0.3482637 -0.4501265 0.8091381 0.1111655 -0.5501185 0.1740904
1403636599.413555384 -3.3003062 0.3330776 -0.4697250 0.8060042 0.1098229 -0.5535371 0.1785857
1403636599.463555574 -3.2921445 0.3590269 -0.4640463 0.8049278 0.1088028 -0.5537857 0.1832334
1403636599.513555527 -3.2907749 0.3664779 -0.4756433 0.8063204 0.1050471 -0.5517880 0.1853176
1403636599.563555479 -3.2932917 0.3629002 -0.4842195 0.8085255 0.1015345 -0.5487785 0.1865998
1403636599.613555431 -3.2808444 0.3705634 -0.4799902 0.8108090 0.0994276 -0.5456973 0.1868619
1403636599.663555622 -3.2882233 0.3760658 -0.4912575 0.8123709 0.0986741 -0.5431218 0.1879778
1403636599.713555574 -3.2807348 0.3913693 -0.4902260 0.8116935 0.0974456 -0.5442819 0.1881896
1403636599.763555527 -3.3000204 0.3840100 -0.4800198 0.8061724 0.0977973 -0.5516848 0.1901727
1403636599.813555479 -3.2830181 0.3973009 -0.4854556 0.8014954 0.0965387 -0.5579488 0.1922981
1403636599.863555670 -3.3149270 0.4148583 -0.4904822 0.7978513 0.0951561 -0.5630010 0.1934127
1403636599.913555384 -3.3145656 0.4108933 -0.4895955 0.7966401 0.0943238 -0.5651659 0.1924968
1403636599.963555574 -3.3018030 0.3968543 -0.4828464 0.7974253 0.0923983 -0.5644826 0.1921844
1403636600.013555527 -3.3197124 0.4129267 -0.4795657 0.7979084 0.0911313 -0.5641057 0.1918906
1403636600.063555479 -3.3178559 0.4058659 -0.4825900 0.7979473 0.0897221 -0.5649382 0.1899340
1403636600.113555431 -3.3193469 0.4254253 -0.4816744 0.7960845 0.0880651 -0.5681788 0.1888568
1403636600.163555622 -3.3351291 0.4346930 -0.4921678 0.7956179 0.0889695 -0.5682672 0.1901285
1403636600.213555574 -3.3208272 0.4198960 -0.4855367 0.7958593 0.0882000 -0.5684399 0.1889569
1403636600.263555527 -3.3379107 0.4338926 -0.4860308 0.7958683 0.0881867 -0.5685230 0.1886755
1403636600.313555479 -3.3202453 0.4243505 -0.4865249 0.7959056 0.0878822 -0.5686599 0.1882468
1403636600.363555670 -3.3270080 0.4231658 -0.4716621 0.7958628 0.0874821 -0.5688959 0.1879006
1403636600.413555384 -3.3316955 0.4338380 -0.4840493 0.7958520 0.0875350 -0.5689275 0.1878263
1403636600.463555574 -3.3225385 0.4224495 -0.4810474 0.7958925 0.0871591 -0.5690911 0.1873333
1403636600.513555527 -3.3199709 0.4213807 -0.4874709 0.7957569 0.0871729 -0.5691514 0.1877191
1403636600.563555479 -3.3075984 0.4201225 -0.4660584 0.7958144 0.0875012 -0.5689547 0.1879189
1403636600.613555431 -3.3271752 0.4120849 -0.4894481 0.7958556 0.0870997 -0.5691186 0.1874340
1403636600.663555622 -3.3220250 0.4279595 -0.4801452 0.7959035 0.0871543 -0.5689958 0.1875781
1403636600.713555574 -3.3269956 0.4171267 -0.4754366 0.7959653 0.0871701 -0.5689267 0.1875179
1403636600.763555527 -3.3283566 0.4068962 -0.4788880 0.7959621 0.0870064 -0.5690263 0.1873052
1403636600.813555479 -3.3175946 0.4092149 -0.4789923 0.7959338 0.0872392 -0.5689034 0.1876903
1403636600.863555670 -3.3306644 0.3894826 -0.4733277 0.7960096 0.0870024 -0.5689612 0.1873030
1403636600.913555384 -3.3484932 0.3984833 -0.4721602 0.7959753 0.0871861 -0.5688761 0.1876214
1403636600.963555574 -3.3451310 0.3913331 -0.4630883 0.7960473 0.0869015 -0.5689324 0.1872773
1403636601.013555527 -3.3217692 0.3882944 -0.4793222 0.7960250 0.0871960 -0.5687880 0.1876735
1403636601.063555479 -3.3384369 0.4130761 -0.4891558 0.7960750 0.0868547 -0.5689072 0.1872580
1403636601.113555431 -3.3236161 0.4217344 -0.4780431 0.7960588 0.0871086 -0.5687730 0.1876162
1403636601.163555622 -3.3240246 0.4188711 -0.4751771 0.7960792 0.0868755 -0.5688798 0.1873134
1403636601.213555574 -3.3272746 0.4420419 -0.4809606 0.7960567 0.0870936 -0.5687807 0.1876086
1403636601.263555527 -3.3210996 0.4397773 -0.4732257 0.7961050 0.0868323 -0.5688707 0.1872517
1403636601.313555479 -3.3234600 0.4447623 -0.4815247 0.7960817 0.0870523 -0.5687726 0.1875460
1403636601.363555670 -3.3389298 0.4229050 -0.4756575 0.7961126 0.0868311 -0.5688377 0.1873201
1403636601.413555384 -3.3293560 0.4299331 -0.4703015 0.7961134 0.0869343 -0.5687661 0.1874862
1403636601.463555574 -3.3005860 0.4206983 -0.4836279 0.7961283 0.0867787 -0.5688235 0.1873205
1403636601.513555527 -3.3239498 0.4087310 -0.4692992 0.7960794 0.0868357 -0.5688361 0.1874640
1403636601.563555479 -3.3218134 0.4132480 -0.4776258 0.7960866 0.0866674 -0.5688918 0.1873418
1403636601.613555431 -3.3331112 0.4056487 -0.4693046 0.7960978 0.0867387 -0.5688472 0.1873970
1403636601.663555622 -3.3194884 0.4189048 -0.4734968 0.7960612 0.0866909 -0.5688905 0.1874430
1403636601.713555574 -3.3313338 0.4209904 -0.4684632 0.7960755 0.0866796 -0.5688860 0.1874010
1403636601.763555527 -3.3483555 0.4284996 -0.4729658 0.7960704 0.0866718 -0.5688822 0.1874379
1403636601.813555479 -3.3356796 0.4297062 -0.4647181 0.7961076 0.0866817 -0.5688627 0.1873345
1403636601.863555670 -3.3437301 0.4223500 -0.4628200 0.7960894 0.0866711 -0.5688613 0.1874210
1403636601.913555384 -3.3420460 0.4184101 -0.4627226 0.7961043 0.0866176 -0.5688706 0.1873540
1403636601.963555574 -3.3515814 0.4333182 -0.4657739 0.7961087 0.0866745 -0.5688271 0.1874410
1403636602.013555527 -3.3433002 0.4151340 -0.4583608 0.7960945 0.0865786 -0.5688869 0.1873644
1403636602.063555479 -3.3313931 0.4058392 -0.4567902 0.7961205 0.0866768 -0.5688115 0.1874376
1403636602.113555431 -3.3304198 0.4291747 -0.4634560 0.7961430 0.0865223 -0.5688478 0.1873030
1403636602.163555622 -3.3209758 0.4145389 -0.4725164 0.7961497 0.0866758 -0.5687644 0.1874568
1403636602.213555574 -3.3313864 0.4399135 -0.4606340 0.7961550 0.0864958 -0.5688409 0.1872849
1403636602.263555527 -3.3251735 0.4165831 -0.4692572 0.7961649 0.0866893 -0.5687212 0.1875169
1403636602.313555479 -3.3153683 0.4330661 -0.4687127 0.7961935 0.0865234 -0.5687811 0.1872903
1403636602.363555670 -3.3177476 0.4235360 -0.4748377 0.7961985 0.0866558 -0.5687070 0.1874326
1403636602.413555384 -3.3254911 0.4487230 -0.4618293 0.7961909 0.0865536 -0.5687810 0.1872875
1403636602.463555574 -3.3305376 0.4377607 -0.4681188 0.7961737 0.0865805 -0.5687751 0.1873662
1403636602.513555527 -3.3182141 0.4473558 -0.4641609 0.7962097 0.0865093 -0.5687513 0.1873184
1403636602.563555479 -3.3355470 0.4498375 -0.4706350 0.7962093 0.0865194 -0.5687479 0.1873259
1403636602.613555431 -3.3299379 0.4418149 -0.4532402 0.7962302 0.0865410 -0.5687147 0.1873279
1403636602.663555622 -3.3420314 0.4493844 -0.4594928 0.7962353 0.0865238 -0.5687045 0.1873449
1403636602.713555574 -3.3301246 0.4246859 -0.4649597 0.7962326 0.0864817 -0.5687236 0.1873181
1403636602.763555527 -3.3239682 0.4215260 -0.4629714 0.7962450 0.0864283 -0.5687113 0.1873271
1403636602.813555479 -3.3460253 0.4324130 -0.4567401 0.7962271 0.0864438 -0.5687189 0.1873729
1403636602.863555670 -3.3161547 0.4343775 -0.4479922 0.7962311 0.0863964 -0.5687337 0.1873328
1403636602.913555384 -3.3377358 0.4338827 -0.4636276 0.7962267 0.0864467 -0.5687163 0.1873816
1403636602.963555574 -3.3240687 0.4208358 -0.4550099 0.7962191 0.0863609 -0.5687507 0.1873485
1403636603.013555527 -3.3122666 0.4343107 -0.4580866 0.7962239 0.0864075 -0.5687068 0.1874405
1403636603.063555479 -3.3393266 0.4478476 -0.4571061 0.7962380 0.0863312 -0.5687370 0.1873237
1403636603.113555431 -3.3073366 0.4390378 -0.4514285 0.7962168 0.0863794 -0.5687003 0.1875032
1403636603.163555622 -3.3214892 0.4397731 -0.4502050 0.7962482 0.0862893 -0.5686987 0.1874161
1403636603.213555574 -3.3142900 0.4201840 -0.4497285 0.7962508 0.0863448 -0.5686722 0.1874599
1403636603.263555527 -3.3192366 0.4461002 -0.4482616 0.7962424 0.0863270 -0.5687045 0.1874055
1403636603.313555479 -3.3173940 0.4581004 -0.4609155 0.7962370 0.0863574 -0.5686871 0.1874674
1403636603.363555670 -3.3345943 0.4428656 -0.4638133 0.7962210 0.0863208 -0.5687280 0.1874280
1403636603.413555384 -3.3444199 0.4687050 -0.4596918 0.7962113 0.0863313 -0.5687242 0.1874764
1403636603.463555574 -3.3407546 0.4596374 -0.4606108 0.7962253 0.0863105 -0.5687085 0.1874737
1403636603.513555527 -3.3323584 0.4510179 -0.4395675 0.7962702 0.0862851 -0.5686479 0.1874784
1403636603.563555479 -3.3344447 0.4611654 -0.4520968 0.7962705 0.0863018 -0.5686464 0.1874742
1403636603.613555431 -3.3260140 0.4574616 -0.4590549 0.7962875 0.0862942 -0.5686227 0.1874770
1403636603.663555622 -3.3202510 0.4649299 -0.4647943 0.7962768 0.0862961 -0.5686223 0.1875230
1403636603.713555574 -3.3286160 0.4696483 -0.4532068 0.7962897 0.0862833 -0.5686109 0.1875091
1403636603.763555527 -3.3258995 0.4387685 -0.4525850 0.7963177 0.0862491 -0.5685867 0.1874788
1403636603.813555479 -3.3365909 0.4585103 -0.4547667 0.7963352 0.0862840 -0.5685519 0.1874940
1403636603.863555670 -3.3359946 0.4577074 -0.4542445 0.7962611 0.0862513 -0.5686502 0.1875257
1403636603.913555384 -3.3444100 0.4529457 -0.4717995 0.7963115 0.0862277 -0.5686143 0.1874316
1403636603.963555574 -3.3592045 0.4511905 -0.4530608 0.7962623 0.0862918 -0.5686183 0.1875988
1403636604.013555527 -3.3480315 0.4666441 -0.4549320 0.7962789 0.0861792 -0.5686726 0.1874154
1403636604.063555479 -3.3509705 0.4662620 -0.4591761 0.7962830 0.0862215 -0.5686325 0.1875000
1403636604.113555431 -3.3337102 0.4666255 -0.4456807 0.7962655 0.0861711 -0.5686875 0.1874309
1403636604.163555622 -3.3408701 0.4801934 -0.4550160 0.7962498 0.0862615 -0.5686616 0.1875344
1403636604.213555574 -3.3490426 0.4673092 -0.4525058 0.7962615 0.0861854 -0.5686787 0.1874680
1403636604.263555527 -3.3413359 0.4759685 -0.4599874 0.7962584 0.0861917 -0.5686743 0.1874916
1403636604.313555479 -3.3498516 0.4634444 -0.4609037 0.7962658 0.0861473 -0.5686792 0.1874657
1403636604.363555670 -3.3608932 0.4667960 -0.4636528 0.7962729 0.0861958 -0.5686464 0.1875131
1403636604.413555384 -3.3409023 0.4268198 -0.4626958 0.7962909 0.0861773 -0.5686481 0.1874396
1403636604.463555574 -3.3404450 0.4507873 -0.4695223 0.7962648 0.0862007 -0.5686606 0.1875019
1403636604.513555527 -3.3421988 0.4541307 -0.4636811 0.7962643 0.0861593 -0.5686722 0.1874878
1403636604.563555479 -3.3334415 0.4601582 -0.4676214 0.7962782 0.0861085 -0.5686702 0.1874582
1403636604.613555431 -3.3502054 0.4561665 -0.4649656 0.7962662 0.0860967 -0.5686721 0.1875086
1403636604.663555622 -3.3295612 0.4448556 -0.4671826 0.7962768 0.0861080 -0.5686652 0.1874796
1403636604.713555574 -3.3081057 0.4559235 -0.4599520 0.7962737 0.0861144 -0.5686642 0.1874927
1403636604.763555527 -3.3073274 0.4587841 -0.4670040 0.7962828 0.0861107 -0.5686479 0.1875054
1403636604.813555479 -3.3341393 0.4560293 -0.4621758 0.7962819 0.0861477 -0.5686392 0.1875182
1403636604.863555670 -3.3239509 0.4621310 -0.4742795 0.7962909 0.0861223 -0.5686258 0.1875324
1403636604.913555384 -3.3242398 0.4903905 -0.4562337 0.7963026 0.0861504 -0.5686078 0.1875245
1403636604.963555574 -3.3502752 0.4747871 -0.4605826 0.7963002 0.0861602 -0.5686198 0.1874935
1403636605.013555527 -3.3336065 0.4692048 -0.4671106 0.7963057 0.0861483 -0.5686107 0.1875037
1403636605.063555479 -3.3379565 0.4611446 -0.4547983 0.7963287 0.0861354 -0.5685986 0.1874487
1403636605.113555431 -3.3770818 0.4680172 -0.4559459 0.7962919 0.0861774 -0.5686163 0.1875318
1403636605.163555622 -3.3403238 0.4882190 -0.4443181 0.7963128 0.0860905 -0.5686311 0.1874381
1403636605.213555574 -3.3422143 0.4702958 -0.4415542 0.7963137 0.0861206 -0.5686071 0.1874934
1403636605.263555527 -3.3414718 0.4707616 -0.4416476 0.7963101 0.0860649 -0.5686361 0.1874461
1403636605.313555479 -3.3419629 0.4636097 -0.4521865 0.7962993 0.0861020 -0.5686235 0.1875132
1403636605.363555670 -3.3056721 0.4778163 -0.4509279 0.7963100 0.0860204 -0.5686470 0.1874338
1403636605.413555384 -3.3061580 0.4839913 -0.4464154 0.7963011 0.0860642 -0.5686225 0.1875260
1403636605.463555574 -3.3132761 0.4823921 -0.4580413 0.7963213 0.0860133 -0.5686276 0.1874479
1403636605.513555527 -3.3287020 0.4895903 -0.4490930 0.7963261 0.0860331 -0.5686021 0.1874956
1403636605.563555479 -3.3157723 0.4827266 -0.4458026 0.7963502 0.0859626 -0.5685909 0.1874597
1403636605.613555431 -3.3319599 0.4820481 -0.4530131 0.7963280 0.0860253 -0.5685929 0.1875190
1403636605.663555622 -3.3363244 0.4706429 -0.4454185 0.7963344 0.0860004 -0.5686007 0.1874796
1403636605.713555574 -3.3340547 0.4808180 -0.4484781 0.7963533 0.0860016 -0.5685728 0.1874837
1403636605.763555527 -3.3528255 0.4848090 -0.4467854 0.7963783 0.0859746 -0.5685371 0.1874980
1403636605.813555479 -3.3382278 0.4973769 -0.4623139 0.7963524 0.0859743 -0.5685575 0.1875465
1403636605.863555670 -3.3487715 0.4800912 -0.4605047 0.7963741 0.0859350 -0.5685398 0.1875258
1403636605.913555384 -3.3474112 0.5089317 -0.4561766 0.7963832 0.0859677 -0.5685216 0.1875272
1403636605.963555574 -3.3509195 0.4909298 -0.4559662 0.7963936 0.0859345 -0.5685192 0.1875059
1403636606.013555527 -3.3675935 0.4817242 -0.4582338 0.7964004 0.0859520 -0.5685046 0.1875131
1403636606.063555479 -3.3580542 0.4779003 -0.4410317 0.7963938 0.0859407 -0.5685124 0.1875229
1403636606.113555431 -3.3818671 0.4823670 -0.4529646 0.7963915 0.0859266 -0.5685114 0.1875420
1403636606.163555622 -3.3753919 0.4807820 -0.4628376 0.7964039 0.0859052 -0.5684892 0.1875665
1403636606.213555574 -3.3650495 0.4973587 -0.4729355 0.7963914 0.0859057 -0.5685036 0.1875758
1403636606.263555527 -3.3550894 0.4887114 -0.4684357 0.7963945 0.0858921 -0.5684920 0.1876038
1403636606.313555479 -3.3591316 0.4942798 -0.4703727 0.7964179 0.0858357 -0.5684796 0.1875678
1403636606.363555670 -3.3474866 0.4878488 -0.4763351 0.7963995 0.0858365 -0.5684868 0.1876236
1403636606.413555384 -3.3830980 0.4889518 -0.4753603 0.7964008 0.0858193 -0.5684870 0.1876255
1403636606.463555574 -3.3760503 0.4908301 -0.4712967 0.7964034 0.0858160 -0.5684862 0.1876182
1403636606.513555527 -3.3777622 0.4981886 -0.4749674 0.7964018 0.0857597 -0.5685052 0.1875932
1403636606.563555479 -3.3853939 0.4915958 -0.4783933 0.7964051 0.0857502 -0.5684951 0.1876144
1403636606.613555431 -3.3924361 0.5079293 -0.4679099 0.7963780 0.0857516 -0.5685196 0.1876546
1403636606.663555622 -3.3929895 0.5006105 -0.4651829 0.7963795 0.0857438 -0.5685115 0.1876763
1403636606.713555574 -3.3751315 0.5121033 -0.4736516 0.7963770 0.0857493 -0.5685206 0.1876569
1403636606.763555527 -3.3638241 0.5032501 -0.4726696 0.7963874 0.0857387 -0.5684934 0.1876998
1403636606.813555479 -3.3753270 0.5118003 -0.4828868 0.7963885 0.0857712 -0.5684955 0.1876740
1403636606.863555670 -3.3630359 0.5054471 -0.4849640 0.7963900 0.0857634 -0.5685012 0.1876537
1403636606.913555384 -3.3741004 0.4849555 -0.4834763 0.7964128 0.0857740 -0.5684611 0.1876736
1403636606.963555574 -3.3813610 0.4884987 -0.4897354 0.7964078 0.0857560 -0.5684672 0.1876850
1403636607.013555527 -3.3772146 0.4984942 -0.4771757 0.7964069 0.0857361 -0.5684734 0.1876790
1403636607.063555479 -3.3916421 0.4980948 -0.4789846 0.7964161 0.0857388 -0.5684676 0.1876563
1403636607.113555431 -3.3764468 0.4672474 -0.4747098 0.7964079 0.0857592 -0.5684738 0.1876630
1403636607.163555622 -3.3738185 0.4722173 -0.4715482 0.7964093 0.0857585 -0.5684667 0.1876788
1403636607.213555574 -3.3445433 0.4759042 -0.4737118 0.7964320 0.0857588 -0.5684377 0.1876703
1403636607.263555527 -3.3475091 0.4802871 -0.4787136 0.7964277 0.0857430 -0.5684361 0.1877005
1403636607.313555479 -3.3451458 0.4655194 -0.4772607 0.7964657 0.0857488 -0.5683992 0.1876484
1403636607.363555670 -3.3428226 0.4555997 -0.4845492 0.7964564 0.0857801 -0.5683883 0.1877066
1403636607.413555384 -3.3497581 0.4671898 -0.4776027 0.7964680 0.0857505 -0.5683849 0.1876810
1403636607.463555574 -3.3534088 0.4557505 -0.4711575 0.7964491 0.0857596 -0.5684143 0.1876682
1403636607.513555527 -3.3644789 0.4465419 -0.4763420 0.7964391 0.0857701 -0.5684240 0.1876766
1403636607.563555479 -3.3608427 0.4699101 -0.4789495 0.7964331 0.0857859 -0.5684175 0.1877141
1403636607.613555431 -3.3661805 0.4806295 -0.4822012 0.7964319 0.0857720 -0.5684136 0.1877377
1403636607.663555622 -3.3730283 0.4614014 -0.4767823 0.7964499 0.0857688 -0.5683795 0.1877659
1403636607.713555574 -3.3619118 0.4636281 -0.4775487 0.7964758 0.0857514 -0.5683580 0.1877293
1403636607.763555527 -3.3485547 0.4446361 -0.4699132 0.7964801 0.0857496 -0.5683481 0.1877414
1403636607.813555479 -3.3519088 0.4595320 -0.4758285 0.7964789 0.0857606 -0.5683500 0.1877358
1403636607.863555670 -3.3621908 0.4415741 -0.4816936 0.7964831 0.0857185 -0.5683549 0.1877221
1403636607.913555384 -3.3580722 0.4517247 -0.4947236 0.7964826 0.0856821 -0.5683625 0.1877184
1403636607.963555574 -3.3456120 0.4466362 -0.4753701 0.7964904 0.0856904 -0.5683299 0.1877797
1403636608.013555527 -3.3589440 0.4464200 -0.4851744 0.7964968 0.0856798 -0.5683215 0.1877829
1403636608.063555479 -3.3620803 0.4562525 -0.4779648 0.7965108 0.0856486 -0.5683138 0.1877615
1403636608.113555431 -3.3600066 0.4548088 -0.4764983 0.7965069 0.0856309 -0.5683157 0.1877801
1403636608.163555622 -3.3679109 0.4565768 -0.4762907 0.7964986 0.0856058 -0.5683371 0.1877621
1403636608.213555574 -3.3684471 0.4671181 -0.4775899 0.7965051 0.0856005 -0.5683265 0.1877689
1403636608.263555527 -3.3572358 0.4540035 -0.4817165 0.7965041 0.0855858 -0.5683482 0.1877143
1403636608.313555479 -3.3637993 0.4685608 -0.4712502 0.7964960 0.0856000 -0.5683463 0.1877477
1403636608.363555670 -3.3814115 0.4480166 -0.4843512 0.7965141 0.0855949 -0.5683329 0.1877141
1403636608.413555384 -3.3831280 0.4708821 -0.4737006 0.7965127 0.0855862 -0.5683341 0.1877204
1403636608.463555574 -3.3728537 0.4628343 -0.4826626 0.7965190 0.0855851 -0.5683377 0.1876833
1403636608.513555527 -3.3574088 0.4859827 -0.4866431 0.7965227 0.0855489 -0.5683402 0.1876763
1403636608.563555479 -3.3747305 0.4691055 -0.4810465 0.7964906 0.0855645 -0.5683726 0.1877072
1403636608.613555431 -3.3565082 0.4763974 -0.4798706 0.7964849 0.0855648 -0.5683712 0.1877355
1403636608.663555622 -3.3597622 0.4924164 -0.4679034 0.7964906 0.0855477 -0.5683577 0.1877600
1403636608.713555574 -3.3751494 0.4745620 -0.4726813 0.7964799 0.0855466 -0.5683574 0.1878070
1403636608.763555527 -3.3702500 0.4912744 -0.4692231 0.7964938 0.0855371 -0.5683438 0.1877936
1403636608.813555479 -3.3805928 0.4913325 -0.4762954 0.7965183 0.0855308 -0.5683183 0.1877695
1403636608.863555670 -3.3928870 0.4854092 -0.4803348 0.7965212 0.0855305 -0.5683104 0.1877811
1403636608.913555384 -3.3837003 0.4838978 -0.4835145 0.7965182 0.0855359 -0.5683168 0.1877723
1403636608.963555574 -3.3908247 0.4905366 -0.4770671 0.7965097 0.0854901 -0.5683422 0.1877519
1403636609.013555527 -3.3730218 0.4875001 -0.4684364 0.7965182 0.0855039 -0.5683241 0.1877644
1403636609.063555479 -3.3724635 0.4859526 -0.4745854 0.7965139 0.0855224 -0.5683321 0.1877500
1403636609.113555431 -3.3851625 0.4875125 -0.4731848 0.7965089 0.0855323 -0.5683332 0.1877636
1403636609.163555622 -3.3957746 0.4894027 -0.4665085 0.7964834 0.0855157 -0.5683754 0.1877514
1403636609.213555574 -3.3682295 0.4731650 -0.4680145 0.7964718 0.0855072 -0.5683966 0.1877406
1403636609.263555527 -3.3725111 0.4848619 -0.4823821 0.7964773 0.0854871 -0.5683939 0.1877347
1403636609.313555479 -3.3737568 0.4603223 -0.4718480 0.7964804 0.0855210 -0.5683736 0.1877674
1403636609.363555670 -3.3599850 0.4704144 -0.4688796 0.7965033 0.0855234 -0.5683425 0.1877636
1403636609.413555384 -3.3546749 0.4580078 -0.4522559 0.7965095 0.0854992 -0.5683303 0.1877852
1403636609.463555574 -3.3492023 0.4418190 -0.4641421 0.7965107 0.0855182 -0.5683219 0.1877968
1403636609.513555527 -3.3445321 0.4572432 -0.4762439 0.7965187 0.0855060 -0.5683062 0.1878157
1403636609.563555479 -3.3419367 0.4390458 -0.4776221 0.7965001 0.0854728 -0.5683482 0.1877827
1403636609.613555431 -3.3627548 0.4670732 -0.4665053 0.7965052 0.0854752 -0.5683346 0.1878012
1403636609.663555622 -3.3545919 0.4483296 -0.4694873 0.7965301 0.0854328 -0.5683194 0.1877607
1403636609.713555574 -3.3333837 0.4544765 -0.4716925 0.7964981 0.0854721 -0.5683373 0.1878243
1403636609.763555527 -3.3532883 0.4537058 -0.4778910 0.7964992 0.0854146 -0.5683633 0.1877672
1403636609.813555479 -3.3324427 0.4720332 -0.4607869 0.7965906 0.0854670 -0.5682538 0.1876871
1403636609.863555670 -3.3119499 0.4522703 -0.4716557 0.7965340 0.0854587 -0.5683065 0.1877713
1403636609.913555384 -3.3400794 0.4779755 -0.4615746 0.7965583 0.0854401 -0.5683039 0.1876847
1403636609.963555574 -3.3352903 0.4789440 -0.4493604 0.7965836 0.0854422 -0.5682684 0.1876840
1403636610.013555527 -3.3372093 0.4814884 -0.4571942 0.7965656 0.0854091 -0.5682994 0.1876813
1403636610.063555479 -3.3261684 0.4772477 -0.4705560 0.7965705 0.0854282 -0.5682966 0.1876604
1403636610.113555431 -3.3255703 0.4614041 -0.4648570 0.7965584 0.0853865 -0.5683268 0.1876391
1403636610.163555622 -3.3396294 0.4751297 -0.4783829 0.7965590 0.0853887 -0.5683179 0.1876627
1403636610.213555574 -3.3423836 0.4737430 -0.4769794 0.7965682 0.0853500 -0.5683209 0.1876323
1403636610.263555527 -3.3677314 0.4818933 -0.4688920 0.7966017 0.0853986 -0.5682387 0.1877169
1403636610.313555479 -3.3654125 0.4924974 -0.4565435 0.7965798 0.0853170 -0.5683022 0.1876545
1403636610.363555670 -3.3515800 0.4791628 -0.4691575 0.7966021 0.0852913 -0.5682733 0.1876591
1403636610.413555384 -3.3635860 0.4923493 -0.4692267 0.7965942 0.0853354 -0.5682515 0.1877385
1403636610.463555574 -3.3413943 0.4667279 -0.4810464 0.7966084 0.0852807 -0.5682610 0.1876747
1403636610.513555527 -3.3663610 0.4762189 -0.4818269 0.7966268 0.0853509 -0.5682051 0.1877335
1403636610.563555479 -3.3576085 0.4791591 -0.4791813 0.7966276 0.0852944 -0.5682251 0.1876955
1403636610.613555431 -3.3457325 0.5048576 -0.4794883 0.7966416 0.0853478 -0.5681658 0.1877912
1403636610.663555622 -3.3546932 0.4819153 -0.4695843 0.7966460 0.0853253 -0.5681717 0.1877647
1403636610.713555574 -3.3431923 0.4963530 -0.4779639 0.7966661 0.0853672 -0.5681320 0.1877809
1403636610.763555527 -3.3396311 0.4912850 -0.4889140 0.7967350 0.0854429 -0.5680362 0.1877440
1403636610.813555479 -3.3569899 0.4920172 -0.4844685 0.7967514 0.0854930 -0.5679919 0.1877857
1403636610.863555670 -3.3304216 0.4922642 -0.4858448 0.7967572 0.0855264 -0.5680568 0.1875489
1403636610.913555384 -3.3521588 0.5020364 -0.4913658 0.7967130 0.0856011 -0.5680407 0.1877516
1403636610.963555574 -3.3513756 0.5185312 -0.4820993 0.7967982 0.0855672 -0.5680063 0.1875094
1403636611.013555527 -3.3492986 0.5049107 -0.4857619 0.7966720 0.0855120 -0.5681328 0.1876873
1403636611.063555479 -3.3786486 0.4875338 -0.4969399 0.7967766 0.0855940 -0.5680115 0.1875732
1403636611.113555431 -3.3507302 0.4854320 -0.4976051 0.7966938 0.0855670 -0.5681151 0.1876235
1403636611.163555622 -3.3558841 0.4839761 -0.5061990 0.7967286 0.0856008 -0.5680710 0.1875936
1403636611.213555574 -3.3459732 0.4796000 -0.4934709 0.7967047 0.0856764 -0.5680630 0.1876846
1403636611.263555527 -3.3469383 0.4882780 -0.4851733 0.7966983 0.0855633 -0.5681295 0.1875623
1403636611.313555479 -3.3397492 0.4800141 -0.5003348 0.7966968 0.0855574 -0.5681097 0.1876315
1403636611.363555670 -3.3582202 0.4603997 -0.5031104 0.7967682 0.0853406 -0.5683294 0.1867596
1403636611.413555384 -3.3466196 0.4783492 -0.4926649 0.7966273 0.0855005 -0.5683332 0.1872754
1403636611.463555574 -3.3366388 0.4726412 -0.4926774 0.7968940 0.0849159 -0.5682796 0.1865676
1403636611.513555527 -3.3584548 0.4561689 -0.4964869 0.7965789 0.0856059 -0.5680822 0.1881924
1403636611.563555479 -3.3471731 0.4575049 -0.4875586 0.7967841 0.0851603 -0.5681388 0.1873529
1403636611.613555431 -3.3470139 0.4722036 -0.4926593 0.7966083 0.0855524 -0.5681810 0.1877935
1403636611.663555622 -3.3442661 0.4520449 -0.4904599 0.7966936 0.0850633 -0.5683129 0.1872535
1403636611.713555574 -3.3183752 0.4728427 -0.5021911 0.7964543 0.0854485 -0.5683279 0.1880491
1403636611.763555527 -3.3234635 0.4676040 -0.4918883 0.7965825 0.0851398 -0.5684142 0.1873841
1403636611.813555479 -3.3369821 0.4509822 -0.4955178 0.7965985 0.0849366 -0.5684490 0.1873029
1403636611.863555670 -3.3305932 0.4838452 -0.4917109 0.7963547 0.0852585 -0.5684728 0.1881193
1403636611.913555384 -3.3271485 0.4618422 -0.4893773 0.7965428 0.0854157 -0.5682971 0.1877822
1403636611.963555574 -3.3246808 0.4627297 -0.4899718 0.7965463 0.0852278 -0.5684738 0.1873173
1403636612.013555527 -3.3274368 0.4830902 -0.4868305 0.7964889 0.0850481 -0.5686979 0.1869623
1403636612.063555479 -3.3299461 0.4982089 -0.5003046 0.7965707 0.0855458 -0.5682389 0.1877807
1403636612.113555431 -3.3266034 0.4843063 -0.4978387 0.7966444 0.0848590 -0.5686495 0.1865325
1403636612.163555622 -3.3128064 0.4788369 -0.4947018 0.7964691 0.0850626 -0.5687884 0.1867647
1403636612.213555574 -3.2956685 0.4924839 -0.4969862 0.7967003 0.0849896 -0.5685188 0.1866326
1403636612.263555527 -3.3122538 0.5010368 -0.4956144 0.7962055 0.0866345 -0.5680656 0.1893481
1403636612.313555479 -3.2920962 0.5200403 -0.5096010 0.7966068 0.0848517 -0.5687303 0.1864501
1403636612.363555670 -3.3046661 0.4974987 -0.5064214 0.7963781 0.0865591 -0.5680035 0.1888427
1403636612.413555384 -3.3044586 0.5064467 -0.5114436 0.7965399 0.0851497 -0.5686341 0.1868929
1403636612.463555574 -3.3094639 0.5181839 -0.5087217 0.7963228 0.0863586 -0.5681664 0.1886775
1403636612.513555527 -3.2879895 0.5110877 -0.4973648 0.7965321 0.0852554 -0.5685556 0.1871168
1403636612.563555479 -3.2939471 0.5116343 -0.5031390 0.7963431 0.0860735 -0.5682639 0.1884284
1403636612.613555431 -3.3035603 0.4916729 -0.5013747 0.7964729 0.0853831 -0.5684862 0.1875210
1403636612.663555622 -3.2934975 0.5193950 -0.4956427 0.7964115 0.0859941 -0.5682200 0.1883075
1403636612.713555574 -3.2823485 0.5026842 -0.5098530 0.7964907 0.0854400 -0.5684699 0.1874688
1403636612.763555527 -3.2906377 0.5038433 -0.5023657 0.7964673 0.0859006 -0.5681714 0.1882610
1403636612.813555479 -3.2787695 0.5008063 -0.5090208 0.7964972 0.0855135 -0.5683549 0.1877560
1403636612.863555670 -3.2858241 0.5170106 -0.4874207 0.7964726 0.0856890 -0.5683064 0.1879269
1403636612.913555384 -3.2999362 0.5108415 -0.5097208 0.7964980 0.0856474 -0.5682544 0.1879958
1403636612.963555574 -3.2829126 0.5246498 -0.4980200 0.7964994 0.0854808 -0.5683441 0.1877942
1403636613.013555527 -3.2657928 0.5480649 -0.5011277 0.7964334 0.0855769 -0.5683214 0.1880990
1403636613.063555479 -3.2740232 0.5338591 -0.4999715 0.7964876 0.0852527 -0.5684696 0.1875682
1403636613.113555431 -3.2502378 0.5380144 -0.4900305 0.7964753 0.0857231 -0.5682135 0.1881807
1403636613.163555622 -3.2710081 0.5571196 -0.4913361 0.7964534 0.0851539 -0.5685274 0.1875832
1403636613.213555574 -3.2683620 0.5210654 -0.5005924 0.7964313 0.0855780 -0.5682830 0.1882234
1403636613.263555527 -3.2686328 0.5349052 -0.4964030 0.7964807 0.0851977 -0.5684653 0.1876353
1403636613.313555479 -3.2814264 0.5299790 -0.4938972 0.7963546 0.0854591 -0.5684471 0.1881063
1403636613.363555670 -3.2670755 0.5428273 -0.4967361 0.7964741 0.0851319 -0.5685113 0.1875539
1403636613.413555384 -3.2886246 0.5359224 -0.4984529 0.7964205 0.0854718 -0.5683536 0.1881041
1403636613.463555574 -3.2794067 0.5168243 -0.5058146 0.7964449 0.0851017 -0.5685292 0.1876373
1403636613.513555527 -3.2718227 0.5320048 -0.5021938 0.7964044 0.0853785 -0.5684177 0.1880213
1403636613.563555479 -3.2735516 0.5231136 -0.5079747 0.7964468 0.0851249 -0.5685228 0.1876382
1403636613.613555431 -3.2909751 0.5241924 -0.4953560 0.7963952 0.0853470 -0.5684429 0.1879979
1403636613.663555622 -3.2787210 0.5234014 -0.4863514 0.7964511 0.0850983 -0.5685295 0.1876118
1403636613.713555574 -3.2877764 0.5124818 -0.4944611 0.7963898 0.0852053 -0.5685228 0.1878435
1403636613.763555527 -3.2918557 0.5354484 -0.4988890 0.7963984 0.0851169 -0.5685537 0.1877534
1403636613.813555479 -3.2875463 0.5042871 -0.4891327 0.7964146 0.0851422 -0.5685196 0.1877767
1403636613.863555670 -3.2895094 0.4972417 -0.4822839 0.7964557 0.0851448 -0.5684847 0.1877066
1403636613.913555384 -3.2847688 0.5060476 -0.4834792 0.7964602 0.0851627 -0.5684725 0.1877164
1403636613.963555574 -3.2684452 0.5055730 -0.4927117 0.7964694 0.0851489 -0.5684729 0.1876825
1403636614.013555527 -3.2910199 0.4811621 -0.4907680 0.7964607 0.0851104 -0.5685130 0.1876154
1403636614.063555479 -3.2881588 0.4789371 -0.4842269 0.7964309 0.0851057 -0.5685334 0.1876823
1403636614.113555431 -3.3145865 0.4886052 -0.4923498 0.7964208 0.0850937 -0.5685650 0.1876350
1403636614.163555622 -3.3062070 0.4755542 -0.4935297 0.7964119 0.0851478 -0.5685481 0.1876992
1403636614.213555574 -3.2743346 0.4901703 -0.4991706 0.7964399 0.0851085 -0.5685411 0.1876196
1403636614.263555527 -3.2971122 0.4710718 -0.4984975 0.7964301 0.0851529 -0.5685066 0.1877453
1403636614.313555479 -3.2839322 0.4808938 -0.4969856 0.7964165 0.0850368 -0.5685928 0.1875945
1403636614.363555670 -3.2628959 0.4728170 -0.4995591 0.7963847 0.0851367 -0.5685619 0.1877779
1403636614.413555384 -3.2903140 0.4762853 -0.5053314 0.7964569 0.0849823 -0.5685721 0.1875107
1403636614.463555574 -3.2777425 0.4777873 -0.5060968 0.7963945 0.0851622 -0.5685427 0.1877831
1403636614.513555527 -3.2756480 0.4719746 -0.5032645 0.7963901 0.0850045 -0.5686542 0.1875352
1403636614.563555479 -3.2764383 0.4607667 -0.5082260 0.7964327 0.0851135 -0.5685368 0.1876606
1403636614.613555431 -3.2652830 0.4590425 -0.5088273 0.7964584 0.0849911 -0.5685719 0.1875005
1403636614.663555622 -3.2622040 0.4847385 -0.4876319 0.7964450 0.0850995 -0.5685218 0.1876602
1403636614.713555574 -3.2577963 0.4755911 -0.4899935 0.7964550 0.0849818 -0.5685759 0.1875074
1403636614.763555527 -3.2566092 0.4732128 -0.4899399 0.7964613 0.0850826 -0.5685159 0.1876168
1403636614.813555479 -3.2666792 0.4642281 -0.4910549 0.7964776 0.0850006 -0.5685286 0.1875462
1403636614.863555670 -3.2793978 0.4563025 -0.5033017 0.7964824 0.0850794 -0.5684954 0.1875907
1403636614.913555384 -3.2752895 0.4526924 -0.4930802 0.7964754 0.0850019 -0.5685215 0.1875764
1403636614.963555574 -3.2737348 0.4699026 -0.4907796 0.7964432 0.0850182 -0.5685310 0.1876768
1403636615.013555527 -3.2647596 0.4812238 -0.5013063 0.7964280 0.0849480 -0.5685902 0.1875942
1403636615.063555479 -3.2809466 0.4885681 -0.5091198 0.7964609 0.0849533 -0.5685521 0.1875674
1403636615.113555431 -3.2710168 0.4701695 -0.4925055 0.7964617 0.0850351 -0.5685205 0.1876225
1403636615.163555622 -3.2606177 0.4758582 -0.4971330 0.7964630 0.0850325 -0.5685359 0.1875717
1403636615.213555574 -3.2621837 0.4680733 -0.4883364 0.7964433 0.0850732 -0.5685315 0.1876498
1403636615.263555527 -3.2676485 0.4672380 -0.4927307 0.7964244 0.0850338 -0.5685797 0.1876019
1403636615.313555479 -3.2691758 0.4599608 -0.4977383 0.7964643 0.0850792 -0.5684998 0.1876541
1403636615.363555670 -3.2784209 0.4781639 -0.4855563 0.7964469 0.0850101 -0.5685452 0.1876216
1403636615.413555384 -3.2676168 0.4692856 -0.4941372 0.7964325 0.0850389 -0.5685392 0.1876880
1403636615.463555574 -3.2616307 0.4730952 -0.4897764 0.7964398 0.0850185 -0.5685480 0.1876397
1403636615.513555527 -3.2479437 0.4546445 -0.4964183 0.7964382 0.0849972 -0.5685465 0.1876606
1403636615.563555479 -3.2682162 0.4803132 -0.4775485 0.7964469 0.0849718 -0.5685398 0.1876558
1403636615.613555431 -3.2834012 0.4733706 -0.4941825 0.7964587 0.0850133 -0.5684999 0.1877077
1403636615.663555622 -3.2828447 0.4780712 -0.4746106 0.7964634 0.0849590 -0.5685223 0.1876447
1403636615.713555574 -3.2739478 0.4890491 -0.4900325 0.7964938 0.0850141 -0.5684624 0.1876718
1403636615.763555527 -3.2795268 0.4892807 -0.4813209 0.7964739 0.0849568 -0.5685155 0.1876217
1403636615.813555479 -3.2831015 0.5034329 -0.4764545 0.7964444 0.0849307 -0.5685391 0.1876870
1403636615.863555670 -3.2881652 0.4912549 -0.4907169 0.7964785 0.0848827 -0.5685206 0.1876201
1403636615.913555384 -3.2913518 0.4760665 -0.4853855 0.7964721 0.0849426 -0.5684858 0.1877254
1403636615.963555574 -3.2945000 0.4912064 -0.4919283 0.7964770 0.0849162 -0.5685017 0.1876683
1403636616.013555527 -3.2786229 0.4846713 -0.4850234 0.7964905 0.0849046 -0.5684757 0.1876952
1403636616.063555479 -3.2620804 0.4938999 -0.5004149 0.7965005 0.0848786 -0.5684817 0.1876462
1403636616.113555431 -3.2671019 0.4712672 -0.4969975 0.7964659 0.0848292 -0.5685220 0.1876935
1403636616.163555622 -3.2691175 0.4834445 -0.4836930 0.7964831 0.0848157 -0.5685135 0.1876526
1403636616.213555574 -3.2778818 0.4648333 -0.4845378 0.7964825 0.0848256 -0.5684948 0.1877069
1403636616.263555527 -3.2733535 0.4552177 -0.4907608 0.7964807 0.0848168 -0.5684937 0.1877219
1403636616.313555479 -3.2846567 0.4466543 -0.4914105 0.7964753 0.0848039 -0.5685060 0.1877132
1403636616.363555670 -3.2918442 0.4510688 -0.4734663 0.7964674 0.0847769 -0.5685278 0.1876933
1403636616.413555384 -3.2706407 0.4544166 -0.4870708 0.7964736 0.0847922 -0.5685196 0.1876844
1403636616.463555574 -3.2977499 0.4477827 -0.4839931 0.7964713 0.0847729 -0.5685276 0.1876789
1403636616.513555527 -3.2819163 0.4397212 -0.4823120 0.7964519 0.0847279 -0.5685502 0.1877131
1403636616.563555479 -3.2802714 0.4426285 -0.4756133 0.7964865 0.0846954 -0.5685049 0.1877181
1403636616.613555431 -3.2792389 0.4505655 -0.4859829 0.7964963 0.0847406 -0.5684832 0.1877219
1403636616.663555622 -3.3078095 0.4561202 -0.4887166 0.7964879 0.0847269 -0.5685018 0.1877075
1403636616.713555574 -3.2795094 0.4469019 -0.4770272 0.7965019 0.0847268 -0.5684898 0.1876844
1403636616.763555527 -3.3064478 0.4364157 -0.4801467 0.7965080 0.0846976 -0.5684945 0.1876575
1403636616.813555479 -3.2908571 0.4431985 -0.4781745 0.7965227 0.0846926 -0.5684899 0.1876114
1403636616.863555670 -3.2789772 0.4492719 -0.4678760 0.7965147 0.0847172 -0.5684908 0.1876313
1403636616.913555384 -3.2635637 0.4557508 -0.4729721 0.7965170 0.0846681 -0.5684914 0.1876422
1403636616.963555574 -3.2729140 0.4496933 -0.4728760 0.7965152 0.0846470 -0.5685036 0.1876222
1403636617.013555527 -3.2758173 0.4474254 -0.4789979 0.7965140 0.0846828 -0.5684939 0.1876409
1403636617.063555479 -3.2886822 0.4624457 -0.4730233 0.7964929 0.0846570 -0.5685162 0.1876742
1403636617.113555431 -3.2714212 0.4618524 -0.4770811 0.7965144 0.0846745 -0.5684793 0.1876867
1403636617.163555622 -3.2901559 0.4711292 -0.4664768 0.7965235 0.0846854 -0.5684697 0.1876724
1403636617.213555574 -3.2862065 0.4702530 -0.4667004 0.7965117 0.0846584 -0.5684999 0.1876430
1403636617.263555527 -3.2699727 0.4591741 -0.4695269 0.7965098 0.0846659 -0.5684856 0.1876911
1403636617.313555479 -3.2678432 0.4450038 -0.4702077 0.7965159 0.0846522 -0.5684812 0.1876848
1403636617.363555670 -3.2603803 0.4524726 -0.4746319 0.7965223 0.0846458 -0.5684744 0.1876812
1403636617.413555384 -3.2701096 0.4491976 -0.4710713 0.7965549 0.0846200 -0.5684427 0.1876504
1403636617.463555574 -3.2928472 0.4516964 -0.4806594 0.7965484 0.0846533 -0.5684427 0.1876630
1403636617.513555527 -3.2603049 0.4636766 -0.4657144 0.7965493 0.0846359 -0.5684462 0.1876564
1403636617.563555479 -3.2728347 0.4700924 -0.4744626 0.7965801 0.0846056 -0.5684203 0.1876177
1403636617.613555431 -3.2687338 0.4447828 -0.4682946 0.7965710 0.0846505 -0.5684160 0.1876489
1403636617.663555622 -3.2823189 0.4546286 -0.4650040 0.7965696 0.0846068 -0.5684382 0.1876073
1403636617.713555574 -3.2883725 0.4422916 -0.4624012 0.7965443 0.0846294 -0.5684618 0.1876333
1403636617.763555527 -3.2777234 0.4560974 -0.4758023 0.7965462 0.0845629 -0.5684863 0.1875808
1403636617.813555479 -3.2835123 0.4340551 -0.4718702 0.7965617 0.0845827 -0.5684457 0.1876292
1403636617.863555670 -3.2662846 0.4271288 -0.4747558 0.7965644 0.0845359 -0.5684432 0.1876466
1403636617.913555384 -3.2745686 0.4451575 -0.4683143 0.7965830 0.0845381 -0.5684148 0.1876526
1403636617.963555574 -3.2491124 0.4463987 -0.4723126 0.7965897 0.0844997 -0.5684165 0.1876363
1403636618.013555527 -3.2398261 0.4501199 -0.4706881 0.7965939 0.0844853 -0.5684067 0.1876545
1403636618.063555479 -3.2411586 0.4614741 -0.4668270 0.7965964 0.0844436 -0.5684059 0.1876651
1403636618.113555431 -3.2266200 0.4717071 -0.4776513 0.7965844 0.0844752 -0.5684064 0.1877003
1403636618.163555622 -3.2617286 0.4440657 -0.4696497 0.7965748 0.0844404 -0.5684258 0.1876981
1403636618.213555574 -3.2352205 0.4688128 -0.4630509 0.7965996 0.0845167 -0.5683694 0.1877293
1403636618.263555527 -3.2492753 0.4646451 -0.4697347 0.7965903 0.0844800 -0.5683939 0.1877109
1403636618.313555479 -3.2428294 0.4518702 -0.4645810 0.7966248 0.0844692 -0.5683533 0.1876926
1403636618.363555670 -3.2756957 0.4765989 -0.4649472 0.7965919 0.0844287 -0.5684038 0.1876973
1403636618.413555384 -3.2790918 0.4626937 -0.4718892 0.7965926 0.0844186 -0.5684005 0.1877087
1403636618.463555574 -3.2709741 0.4551920 -0.4631499 0.7965714 0.0844290 -0.5684218 0.1877299
1403636618.513555527 -3.2681399 0.4835821 -0.4740395 0.7965349 0.0847408 -0.5684976 0.1875144
1403636618.563555479 -3.3016885 0.4831940 -0.4747087 0.7965170 0.0846569 -0.5685118 0.1875853
1403636618.613555431 -3.2805387 0.4837289 -0.4692889 0.7965410 0.0846060 -0.5684951 0.1875565
1403636618.663555622 -3.2860889 0.4898105 -0.4748802 0.7965537 0.0845152 -0.5684654 0.1876340
1403636618.713555574 -3.2816890 0.4714216 -0.4694457 0.7966350 0.0841657 -0.5683534 0.1877848
1403636618.763555527 -3.2671423 0.4723729 -0.4563805 0.7965776 0.0843027 -0.5684535 0.1876641
1403636618.813555479 -3.2533219 0.4690044 -0.4616780 0.7966162 0.0842747 -0.5684282 0.1875897
1403636618.863555670 -3.2687483 0.4733467 -0.4628658 0.7965541 0.0843252 -0.5685040 0.1876008
1403636618.913555384 -3.2603887 0.4735857 -0.4793300 0.7965640 0.0844571 -0.5685658 0.1873120
1403636618.963555574 -3.2722131 0.4864295 -0.4693187 0.7965408 0.0844978 -0.5685595 0.1874113
1403636619.013555527 -3.2723773 0.4706121 -0.4704730 0.7965711 0.0843982 -0.5685742 0.1872827
1403636619.063555479 -3.2676704 0.4815351 -0.4726127 0.7966293 0.0844291 -0.5684643 0.1873547
1403636619.113555431 -3.2848690 0.5038681 -0.4569002 0.7966229 0.0842163 -0.5685036 0.1873584
1403636619.163555622 -3.2670794 0.4872369 -0.4682151 0.7966620 0.0841555 -0.5683905 0.1875628
1403636619.213555574 -3.2929382 0.4919852 -0.4595940 0.7966656 0.0839785 -0.5684019 0.1875923
1403636619.263555527 -3.3026306 0.4769039 -0.4608501 0.7966574 0.0839500 -0.5683867 0.1876858
1403636619.313555479 -3.2790112 0.4644308 -0.4544247 0.7966615 0.0840753 -0.5683627 0.1876848
1403636619.363555670 -3.2837936 0.4932973 -0.4549737 0.7966238 0.0843354 -0.5684706 0.1874012
1403636619.413555384 -3.2817060 0.4887803 -0.4692996 0.7965771 0.0843352 -0.5685128 0.1874720
1403636619.463555574 -3.2589743 0.4670839 -0.4678446 0.7966271 0.0841934 -0.5684681 0.1874587
1403636619.513555527 -3.3018491 0.4447500 -0.4649878 0.7966643 0.0841003 -0.5683975 0.1875567
1403636619.563555479 -3.3036631 0.4539151 -0.4636006 0.7967219 0.0839326 -0.5683294 0.1875932
1403636619.613555431 -3.2860792 0.4660447 -0.4692117 0.7966527 0.0840593 -0.5683712 0.1877039
1403636619.663555622 -3.3011089 0.4708311 -0.4662039 0.7966315 0.0840142 -0.5684334 0.1876252
1403636619.713555574 -3.3018450 0.4734725 -0.4676569 0.7966554 0.0839978 -0.5683568 0.1877635
1403636619.763555527 -3.3058318 0.4572515 -0.4650743 0.7966464 0.0838963 -0.5684165 0.1876664
1403636619.813555479 -3.2932034 0.4619343 -0.4721290 0.7966402 0.0839356 -0.5683983 0.1877302
1403636619.863555670 -3.2790047 0.4291913 -0.4864747 0.7966350 0.0838301 -0.5684599 0.1876130
1403636619.913555384 -3.2862254 0.4641888 -0.4665797 0.7966014 0.0838306 -0.5684861 0.1876760
1403636619.963555574 -3.2906976 0.4608626 -0.4686851 0.7966136 0.0838861 -0.5684928 0.1875789
1403636620.013555527 -3.2894389 0.4388576 -0.4638796 0.7966377 0.0838703 -0.5684642 0.1875703
1403636620.063555479 -3.3127429 0.4591307 -0.4727846 0.7966325 0.0838531 -0.5684536 0.1876322
1403636620.113555431 -3.3360330 0.4584362 -0.4700331 0.7965734 0.0839073 -0.5685086 0.1876920
1403636620.163555622 -3.3264619 0.4789731 -0.4647741 0.7965781 0.0839563 -0.5684978 0.1876829
1403636620.213555574 -3.3306181 0.4598313 -0.4653601 0.7965747 0.0839492 -0.5685073 0.1876717
1403636620.263555527 -3.3096887 0.4518921 -0.4762610 0.7966157 0.0839362 -0.5684644 0.1876334
1403636620.313555479 -3.3072592 0.4599324 -0.4800184 0.7965833 0.0838451 -0.5685057 0.1876867
1403636620.363555670 -3.3030586 0.4361471 -0.4769024 0.7965856 0.0838891 -0.5684859 0.1877175
1403636620.413555384 -3.3309531 0.4561204 -0.4708298 0.7965820 0.0839245 -0.5685060 0.1876558
1403636620.463555574 -3.3129016 0.4421404 -0.4694140 0.7965714 0.0839150 -0.5685004 0.1877220
1403636620.513555527 -3.3189132 0.4353964 -0.4721955 0.7965816 0.0838313 -0.5685279 0.1876332
1403636620.563555479 -3.3123337 0.4269808 -0.4694598 0.7965940 0.0838306 -0.5684989 0.1876686
1403636620.613555431 -3.3087585 0.4468765 -0.4738904 0.7966218 0.0838088 -0.5684860 0.1875991
1403636620.663555622 -3.3136876 0.4437932 -0.4738564 0.7966190 0.0838698 -0.5684569 0.1876720
1403636620.713555574 -3.3302810 0.4605880 -0.4847481 0.7965961 0.0838386 -0.5685040 0.1876402
1403636620.763555527 -3.3171286 0.4314690 -0.4712892 0.7966281 0.0838446 -0.5684640 0.1876232
1403636620.813555479 -3.3258827 0.4359759 -0.4802618 0.7966308 0.0838312 -0.5684962 0.1875198
1403636620.863555670 -3.3415171 0.4168267 -0.4718943 0.7966202 0.0838405 -0.5685038 0.1875379
1403636620.913555384 -3.3408417 0.4125006 -0.4645953 0.7966183 0.0837926 -0.5685281 0.1874937
1403636620.963555574 -3.3319675 0.3843279 -0.4736641 0.7966547 0.0837709 -0.5684779 0.1875008
1403636621.013555527 -3.3568176 0.3957284 -0.4714212 0.7966989 0.0837774 -0.5684228 0.1874774
1403636621.063555479 -3.3380175 0.4112998 -0.4679471 0.7966154 0.0840167 -0.5683370 0.1879843
1403636621.113555431 -3.3450598 0.3898604 -0.4772061 0.7966591 0.0837714 -0.5685041 0.1874023
1403636621.163555622 -3.3370722 0.4107663 -0.4795988 0.7965994 0.0841109 -0.5683976 0.1878268
1403636621.213555574 -3.3339941 0.3787328 -0.4689975 0.7966051 0.0838508 -0.5685352 0.1875020
1403636621.263555527 -3.3385003 0.4065010 -0.4738039 0.7966115 0.0840750 -0.5683843 0.1878317
1403636621.313555479 -3.3418855 0.3745543 -0.4699793 0.7966418 0.0838644 -0.5684767 0.1875178
1403636621.363555670 -3.3273535 0.3854408 -0.4762089 0.7966002 0.0840296 -0.5684295 0.1877636
1403636621.413555384 -3.3300183 0.3988171 -0.4787598 0.7966742 0.0838263 -0.5684629 0.1874387
1403636621.463555574 -3.3045491 0.4039582 -0.4692451 0.7966138 0.0839871 -0.5684375 0.1877005
1403636621.513555527 -3.3240890 0.4084431 -0.4816484 0.7966569 0.0838832 -0.5684558 0.1875082
1403636621.563555479 -3.3250879 0.3940411 -0.4855066 0.7966611 0.0839884 -0.5683805 0.1876715
1403636621.613555431 -3.3179885 0.4006210 -0.4794831 0.7966947 0.0838496 -0.5684121 0.1874952
1403636621.663555622 -3.3162163 0.3949758 -0.4904951 0.7966622 0.0839659 -0.5683741 0.1876965
1403636621.713555574 -3.3096920 0.3964736 -0.4864205 0.7966938 0.0838773 -0.5684104 0.1874919
1403636621.763555527 -3.3241908 0.3998249 -0.4713923 0.7966906 0.0839548 -0.5683759 0.1875751
1403636621.813555479 -3.3038759 0.3824926 -0.4713151 0.7967037 0.0839048 -0.5683875 0.1875066
1403636621.863555670 -3.3172373 0.4003240 -0.4810429 0.7967209 0.0839345 -0.5683430 0.1875553
1403636621.913555384 -3.3093630 0.3951810 -0.4836061 0.7967345 0.0838928 -0.5683320 0.1875494
1403636621.963555574 -3.3021125 0.4279755 -0.4710566 0.7967094 0.0838445 -0.5683930 0.1874929
1403636622.013555527 -3.3006841 0.4084148 -0.4883620 0.7967337 0.0839028 -0.5683097 0.1876161
1403636622.063555479 -3.3062288 0.4250334 -0.4815447 0.7967082 0.0838265 -0.5683852 0.1875299
1403636622.113555431 -3.3032547 0.4393694 -0.4824448 0.7967527 0.0838566 -0.5683049 0.1875707
1403636622.163555622 -3.3105048 0.4359960 -0.4825761 0.7967631 0.0838691 -0.5683075 0.1875130
1403636622.213555574 -3.3051963 0.4295811 -0.4851683 0.7967735 0.0838443 -0.5683165 0.1874524
1403636622.263555527 -3.2990024 0.4309479 -0.4831861 0.7967845 0.0838991 -0.5682851 0.1874767
1403636622.313555479 -3.3016845 0.4413602 -0.4664836 0.7968045 0.0838293 -0.5682644 0.1874857
1403636622.363555670 -3.2980556 0.4208800 -0.4718096 0.7968269 0.0838812 -0.5682136 0.1875210
1403636622.413555384 -3.3084253 0.4326216 -0.4786640 0.7968451 0.0838318 -0.5682185 0.1874510
1403636622.463555574 -3.3053768 0.4413800 -0.4644943 0.7968520 0.0838461 -0.5682037 0.1874602
1403636622.513555527 -3.2952747 0.4385401 -0.4716059 0.7968445 0.0838108 -0.5682223 0.1874517
1403636622.563555479 -3.2980980 0.4493424 -0.4771898 0.7968656 0.0837787 -0.5682008 0.1874415
1403636622.613555431 -3.3078397 0.4562515 -0.4828629 0.7968421 0.0837935 -0.5682152 0.1874908
1403636622.663555622 -3.2810133 0.4545142 -0.4634232 0.7968167 0.0837844 -0.5682770 0.1874155
1403636622.713555574 -3.3058562 0.4492336 -0.4801950 0.7968171 0.0836905 -0.5683003 0.1873850
1403636622.763555527 -3.3186783 0.4601831 -0.4827254 0.7967974 0.0837272 -0.5683084 0.1874280
1403636622.813555479 -3.2961831 0.4536161 -0.4807578 0.7968319 0.0836141 -0.5682886 0.1873919
1403636622.863555670 -3.2896465 0.4305377 -0.4898671 0.7967688 0.0834851 -0.5683721 0.1874644
1403636622.913555384 -3.2796494 0.4631459 -0.4744493 0.7967112 0.0833630 -0.5684553 0.1875113
1403636622.963555574 -3.2977645 0.4676032 -0.4854633 0.7967487 0.0831900 -0.5684731 0.1873745
1403636623.013555527 -3.3207040 0.4681365 -0.4749298 0.7966456 0.0832281 -0.5685393 0.1875952
1403636623.063555479 -3.2875996 0.4884050 -0.4883928 0.7966867 0.0831719 -0.5685158 0.1875168
1403636623.113555431 -3.2940328 0.4577087 -0.4910767 0.7967217 0.0831220 -0.5684808 0.1874963
1403636623.163555622 -3.2926211 0.4726347 -0.4814467 0.7967043 0.0831209 -0.5684882 0.1875480
1403636623.213555574 -3.2977879 0.4533309 -0.4858324 0.7967922 0.0831421 -0.5683765 0.1875040
1403636623.263555527 -3.3134504 0.4621242 -0.4798243 0.7968124 0.0830696 -0.5683913 0.1874054
1403636623.313555479 -3.3197960 0.4729041 -0.4773881 0.7967607 0.0830884 -0.5684069 0.1875696
1403636623.363555670 -3.3245487 0.4590080 -0.4900724 0.7968250 0.0829131 -0.5684208 0.1873317
1403636623.413555384 -3.3307303 0.4712307 -0.4759012 0.7967922 0.0830222 -0.5684051 0.1874704
1403636623.463555574 -3.3131063 0.4650556 -0.4725337 0.7967602 0.0829108 -0.5684822 0.1874220
1403636623.513555527 -3.3289449 0.4676989 -0.4700850 0.7968015 0.0828947 -0.5684211 0.1874389
1403636623.563555479 -3.3235985 0.4693776 -0.4753713 0.7968759 0.0828284 -0.5683601 0.1873368
1403636623.613555431 -3.3098556 0.4675437 -0.4719369 0.7969284 0.0827057 -0.5682918 0.1873747
1403636623.663555622 -3.3371489 0.4540375 -0.4746879 0.7970076 0.0827575 -0.5681966 0.1873040
1403636623.713555574 -3.3289625 0.4549261 -0.4752217 0.7969552 0.0826149 -0.5682404 0.1874566
1403636623.763555527 -3.3206807 0.4491453 -0.4911352 0.7969276 0.0824041 -0.5682935 0.1875062
1403636623.813555479 -3.3327711 0.4533927 -0.4704678 0.7972018 0.0822363 -0.5679156 0.1875589
1403636623.863555670 -3.3251272 0.4878233 -0.4734712 0.7970844 0.0819232 -0.5680939 0.1876547
1403636623.913555384 -3.3238861 0.4659571 -0.4801933 0.7971657 0.0819480 -0.5679254 0.1878089
1403636623.963555574 -3.3294894 0.4614077 -0.4698544 0.7972211 0.0815733 -0.5679339 0.1877110
1403636624.013555527 -3.3389217 0.4441170 -0.4791313 0.7971558 0.0818177 -0.5679294 0.1878954
1403636624.063555479 -3.3206064 0.4681949 -0.4696823 0.7972026 0.0815374 -0.5679079 0.1878839
1403636624.113555431 -3.3129968 0.4547523 -0.4670912 0.7975492 0.0811960 -0.5673414 0.1882715
1403636624.163555622 -3.3271900 0.4935034 -0.4689484 0.7976299 0.0807034 -0.5673324 0.1881686
1403636624.213555574 -3.3058674 0.4729844 -0.4738946 0.7977424 0.0808046 -0.5671353 0.1882425
1403636624.263555527 -3.3280272 0.4684342 -0.4610798 0.7979169 0.0807900 -0.5669510 0.1880643
1403636624.313555479 -3.3313033 0.4885082 -0.4721941 0.7994761 0.0809094 -0.5645550 0.1885985
1403636624.363555670 -3.3168516 0.4821636 -0.4574265 0.8023222 0.0809726 -0.5604770 0.1886478
1403636624.413555384 -3.3088308 0.4726301 -0.4679200 0.8045540 0.0806587 -0.5571331 0.1891820
1403636624.463555574 -3.3161375 0.4810535 -0.4714693 0.8074645 0.0798532 -0.5532408 0.1885445
1403636624.513555527 -3.3325724 0.4836969 -0.4745326 0.8103282 0.0792248 -0.5490752 0.1887011
1403636624.563555479 -3.3157273 0.4912630 -0.4644850 0.8124069 0.0785388 -0.5459267 0.1891843
1403636624.613555431 -3.3128075 0.4833182 -0.4678625 0.8128295 0.0791726 -0.5445936 0.1909389
1403636624.663555622 -3.3014953 0.4829550 -0.4803663 0.8116671 0.0798114 -0.5451975 0.1938721
1403636624.713555574 -3.3192196 0.4829697 -0.4862332 0.8112482 0.0823333 -0.5441004 0.1976166
1403636624.763555527 -3.3005807 0.5034886 -0.4821573 0.8096390 0.0836360 -0.5452480 0.2004852
1403636624.813555479 -3.3099038 0.4730344 -0.4783065 0.8111483 0.0885834 -0.5404141 0.2052900
1403636624.863555670 -3.2932429 0.4608343 -0.4757224 0.8127654 0.0932051 -0.5356578 0.2092749
1403636624.913555384 -3.3051232 0.4363734 -0.4750104 0.8159927 0.0988680 -0.5279317 0.2137036
1403636624.963555574 -3.2843365 0.4518924 -0.4600605 0.8189229 0.1042443 -0.5206497 0.2177666
1403636625.013555527 -3.2955798 0.4413252 -0.4616738 0.8217927 0.1078986 -0.5145315 0.2197091
1403636625.063555479 -3.2597751 0.4275271 -0.4495933 0.8249584 0.1105316 -0.5085898 0.2203697
1403636625.113555431 -3.2723128 0.4282771 -0.4392844 0.8277479 0.1117006 -0.5044176 0.2189049
1403636625.163555622 -3.2658480 0.4288474 -0.4333292 0.8295952 0.1093730 -0.5037868 0.2144953
1403636625.213555574 -3.2723522 0.4373277 -0.4099937 0.8291320 0.1072503 -0.5062890 0.2114448
1403636625.263555527 -3.2688044 0.4263555 -0.4099759 0.8272935 0.1050437 -0.5105036 0.2096125
1403636625.313555479 -3.2726582 0.4391140 -0.4015984 0.8254003 0.1035611 -0.5144164 0.2082434
1403636625.363555670 -3.2527308 0.4601225 -0.3915658 0.8241336 0.1030663 -0.5170160 0.2070644
1403636625.413555384 -3.2543764 0.4493385 -0.4003882 0.8248654 0.1034314 -0.5161625 0.2060953
1403636625.463555574 -3.2471595 0.4130979 -0.4016952 0.8265204 0.1043932 -0.5137340 0.2050449
1403636625.513555527 -3.2446766 0.4465351 -0.4174042 0.8274092 0.1046213 -0.5126331 0.2040974
1403636625.563555479 -3.2682472 0.4421781 -0.4004067 0.8279330 0.1055129 -0.5117645 0.2036937
1403636625.613555431 -3.2774500 0.4528604 -0.4085441 0.8277964 0.1066443 -0.5116018 0.2040680
1403636625.663555622 -3.2752850 0.4497318 -0.4092966 0.8268392 0.1072771 -0.5127657 0.2046947
1403636625.713555574 -3.2881068 0.4440186 -0.4025656 0.8250668 0.1072289 -0.5156729 0.2045683
1403636625.763555527 -3.2804347 0.4635615 -0.3886139 0.8221113 0.1072722 -0.5198111 0.2059665
1403636625.813555479 -3.3047537 0.4780472 -0.3826145 0.8192047 0.1067605 -0.5242318 0.2066082
1403636625.863555670 -3.3077738 0.4729947 -0.3587905 0.8158736 0.1057753 -0.5295035 0.2068523
1403636625.913555384 -3.3163585 0.4884129 -0.3470781 0.8138634 0.1049034 -0.5328589 0.2065988
1403636625.963555574 -3.3201289 0.4930588 -0.3228662 0.8122530 0.1043731 -0.5354390 0.2065343
1403636626.013555527 -3.3282142 0.5066357 -0.3160045 0.8109097 0.1038836 -0.5376608 0.2062877
1403636626.063555479 -3.3443132 0.4964847 -0.2987540 0.8104899 0.1016099 -0.5399377 0.2030981
1403636626.113555431 -3.3416407 0.5119429 -0.2843672 0.8105028 0.0988690 -0.5419411 0.1990225
1403636626.163555622 -3.3421832 0.5124276 -0.2676478 0.8104313 0.0959916 -0.5439771 0.1951299
1403636626.213555574 -3.3474487 0.5174689 -0.2559388 0.8104548 0.0935450 -0.5456156 0.1916140
1403636626.263555527 -3.3666541 0.5032012 -0.2340909 0.8104513 0.0920691 -0.5465935 0.1895456
1403636626.313555479 -3.3670551 0.5368679 -0.2311554 0.8103953 0.0916880 -0.5470716 0.1885879
1403636626.363555670 -3.3787123 0.5442707 -0.2283607 0.8102872 0.0917929 -0.5471503 0.1887732
1403636626.413555384 -3.3824442 0.5257315 -0.2228182 0.8097289 0.0929280 -0.5472936 0.1901924
1403636626.463555574 -3.3573968 0.5212068 -0.2246873 0.8089239 0.0948258 -0.5472925 0.1926684
1403636626.513555527 -3.3646022 0.5345496 -0.2134561 0.8066473 0.0968844 -0.5490586 0.1961332
1403636626.563555479 -3.3583498 0.5346495 -0.2097508 0.8041336 0.0992573 -0.5509547 0.1999152
1403636626.613555431 -3.3651650 0.5567351 -0.2092201 0.8017558 0.1016356 -0.5528041 0.2031389
1403636626.663555622 -3.3574029 0.5430707 -0.2088433 0.7998372 0.1038296 -0.5541942 0.2057878
1403636626.713555574 -3.3385963 0.5555993 -0.2114271 0.7998920 0.1052417 -0.5537324 0.2061003
1403636626.763555527 -3.3427090 0.5533152 -0.1971292 0.8011158 0.1066677 -0.5520278 0.2051849
1403636626.813555479 -3.3366607 0.5515612 -0.2174216 0.8026734 0.1077793 -0.5499460 0.2041039
1403636626.863555670 -3.3279051 0.5463314 -0.2139421 0.8047340 0.1089518 -0.5471373 0.2029124
1403636626.913555384 -3.3298862 0.5529996 -0.2147933 0.8070525 0.1100443 -0.5439167 0.2017700
1403636626.963555574 -3.3198126 0.5572994 -0.2244837 0.8096696 0.1111787 -0.5400260 0.2011128
1403636627.013555527 -3.3018360 0.5613153 -0.2250196 0.8120827 0.1120610 -0.5365711 0.2001388
1403636627.063555479 -3.2990922 0.5555881 -0.2416034 0.8143176 0.1125782 -0.5333211 0.1994533
1403636627.113555431 -3.2947348 0.5821676 -0.2397689 0.8170149 0.1133842 -0.5295128 0.1981080
1403636627.163555622 -3.3049167 0.5714795 -0.2455704 0.8163778 0.1131910 -0.5305999 0.1979362
1403636627.213555574 -3.3085495 0.5601941 -0.2483851 0.8148038 0.1132974 -0.5326050 0.1989733
1403636627.263555527 -3.3027187 0.5776940 -0.2302007 0.8124841 0.1130210 -0.5357772 0.2000966
1403636627.313555479 -3.2825043 0.5638612 -0.2247957 0.8106466 0.1123707 -0.5387991 0.1998013
1403636627.363555670 -3.2844769 0.5640532 -0.2197087 0.8099586 0.1116500 -0.5401372 0.1993819
1403636627.413555384 -3.3003445 0.5726019 -0.2019788 0.8098066 0.1111848 -0.5407622 0.1985634
1403636627.463555574 -3.2996560 0.5635131 -0.1988627 0.8094138 0.1097273 -0.5418273 0.1980715
1403636627.513555527 -3.3009064 0.5487026 -0.1820923 0.8104410 0.1072726 -0.5408547 0.1978742
1403636627.563555479 -3.2875707 0.5437600 -0.1820549 0.8114771 0.1038378 -0.5396194 0.1988303
1403636627.613555431 -3.2703977 0.5634001 -0.1716604 0.8127632 0.1003059 -0.5376473 0.2007238
1403636627.663555622 -3.2626325 0.5604681 -0.1687645 0.8148921 0.0976252 -0.5344177 0.2020347
1403636627.713555574 -3.2695608 0.5690954 -0.1761418 0.8180438 0.0944423 -0.5295397 0.2036484
1403636627.763555527 -3.2759820 0.5756660 -0.1820798 0.8219259 0.0907592 -0.5233868 0.2055889
1403636627.813555479 -3.2333922 0.5637735 -0.1881700 0.8255126 0.0867376 -0.5174398 0.2079943
1403636627.863555670 -3.2262881 0.5610277 -0.1949986 0.8289764 0.0821116 -0.5114729 0.2108346
1403636627.913555384 -3.2078889 0.5769476 -0.2054480 0.8320896 0.0785970 -0.5059709 0.2131731
1403636627.963555574 -3.2125278 0.5639264 -0.2004696 0.8337877 0.0757087 -0.5024055 0.2159977
1403636628.013555527 -3.1950021 0.5654587 -0.2121533 0.8346024 0.0729206 -0.5002672 0.2187557
1403636628.063555479 -3.2200456 0.5675663 -0.2053743 0.8336272 0.0702135 -0.5010812 0.2214797
1403636628.113555431 -3.1972539 0.5499975 -0.2101216 0.8303131 0.0671750 -0.5055303 0.2247374
1403636628.163555622 -3.1894854 0.5619540 -0.1957684 0.8255640 0.0636776 -0.5124477 0.2275665
1403636628.213555574 -3.2081928 0.5501551 -0.1929828 0.8210918 0.0603345 -0.5191534 0.2294509
1403636628.263555527 -3.1814416 0.5942133 -0.1747024 0.8179605 0.0564490 -0.5245701 0.2293042
1403636628.313555479 -3.1837193 0.5839693 -0.1673178 0.8158991 0.0528354 -0.5289101 0.2275328
1403636628.363555670 -3.1942474 0.5868696 -0.1550068 0.8150797 0.0507557 -0.5309184 0.2262622
1403636628.413555384 -3.1974323 0.5851600 -0.1440849 0.8150008 0.0491015 -0.5318284 0.2247692
1403636628.463555574 -3.1769246 0.6099222 -0.1416338 0.8150223 0.0483421 -0.5323699 0.2235710
1403636628.513555527 -3.1789754 0.6044072 -0.1326634 0.8153626 0.0479847 -0.5324479 0.2222175
1403636628.563555479 -3.1547029 0.6117320 -0.1250333 0.8158243 0.0475678 -0.5324067 0.2207059
1403636628.613555431 -3.1614832 0.6220714 -0.1240820 0.8161574 0.0477313 -0.5325574 0.2190697
1403636628.663555622 -3.1494903 0.6349490 -0.1192290 0.8161612 0.0481778 -0.5327229 0.2185545
1403636628.713555574 -3.1500158 0.6361653 -0.1141899 0.8161902 0.0488613 -0.5318430 0.2204295
1403636628.763555527 -3.1385284 0.6464578 -0.1227579 0.8175005 0.0490932 -0.5285239 0.2234843
1403636628.813555479 -3.1306429 0.6512302 -0.1205868 0.8195338 0.0486546 -0.5238443 0.2271216
1403636628.863555670 -3.1229360 0.6574670 -0.1226515 0.8220202 0.0475346 -0.5186833 0.2301973
1403636628.913555384 -3.1123607 0.6473328 -0.1247483 0.8245552 0.0458786 -0.5137642 0.2324872
1403636628.963555574 -3.1034337 0.6585376 -0.1175799 0.8265910 0.0445587 -0.5097315 0.2343837
1403636629.013555527 -3.0797816 0.6797146 -0.1198152 0.8283542 0.0427437 -0.5065402 0.2354129
1403636629.063555479 -3.0728195 0.6818155 -0.1237961 0.8292995 0.0405832 -0.5045603 0.2367156
1403636629.113555431 -3.0581315 0.6790196 -0.0988829 0.8296569 0.0389780 -0.5030060 0.2390297
1403636629.163555622 -3.0498817 0.6878560 -0.1067685 0.8299797 0.0352577 -0.5016965 0.2412285
1403636629.213555574 -3.0222290 0.6921633 -0.0970428 0.8295920 0.0305636 -0.5010570 0.2445094
1403636629.263555527 -3.0201223 0.7153502 -0.0839336 0.8287783 0.0259046 -0.5011293 0.2476387
1403636629.313555479 -3.0218771 0.7173856 -0.0850171 0.8276558 0.0207834 -0.5021234 0.2498520
1403636629.363555670 -3.0334506 0.7146263 -0.0878381 0.8264864 0.0160400 -0.5035194 0.2512593
1403636629.413555384 -2.9946619 0.7423637 -0.0822124 0.8249614 0.0106285 -0.5060322 0.2515095
1403636629.463555574 -3.0045671 0.7352692 -0.0882252 0.8231355 0.0037269 -0.5085754 0.2525571
1403636629.513555527 -2.9822031 0.7437925 -0.0858220 0.8221490 -0.0036884 -0.5094673 0.2539694
1403636629.563555479 -2.9848853 0.7642469 -0.0884783 0.8225460 -0.0109238 -0.5077933 0.2558214
1403636629.613555431 -2.9560164 0.7671236 -0.0860448 0.8241702 -0.0175084 -0.5029616 0.2597432
1403636629.663555622 -2.9164965 0.7785155 -0.0844097 0.8269215 -0.0243057 -0.4961230 0.2635753
1403636629.713555574 -2.9210092 0.7937502 -0.0997801 0.8294561 -0.0313729 -0.4890046 0.2681285
1403636629.763555527 -2.8948319 0.8203826 -0.1115013 0.8316264 -0.0389724 -0.4817862 0.2734241
1403636629.813555479 -2.8710683 0.8171515 -0.1198502 0.8329023 -0.0475516 -0.4755855 0.2789823
1403636629.863555670 -2.8655832 0.8642391 -0.1248063 0.8337454 -0.0566275 -0.4699081 0.2843383
1403636629.913555384 -2.8377436 0.8722146 -0.1377682 0.8339969 -0.0652158 -0.4652517 0.2893732
1403636629.963555574 -2.8248904 0.8766215 -0.1305734 0.8337749 -0.0723688 -0.4613599 0.2944984
1403636630.013555527 -2.8227349 0.8918147 -0.1519632 0.8331408 -0.0785775 -0.4589503 0.2984405
1403636630.063555479 -2.7936029 0.9180977 -0.1556951 0.8316724 -0.0836174 -0.4580732 0.3024864
1403636630.113555431 -2.7910665 0.9211839 -0.1645170 0.8286277 -0.0877579 -0.4596182 0.3072877
1403636630.163555622 -2.7413028 0.9431162 -0.1664912 0.8242557 -0.0914802 -0.4633744 0.3122789
1403636630.213555574 -2.7290852 0.9574466 -0.1716256 0.8200200 -0.0942067 -0.4668411 0.3174141
1403636630.263555527 -2.7040465 1.0156061 -0.1671374 0.8162414 -0.0966575 -0.4703493 0.3212148
1403636630.313555479 -2.7031309 1.0122678 -0.1603909 0.8139788 -0.0980414 -0.4720709 0.3239992
1403636630.363555670 -2.6760829 1.0067329 -0.1464172 0.8141888 -0.0988316 -0.4711003 0.3246435
1403636630.413555384 -2.6840501 1.0500568 -0.1440840 0.8148557 -0.0991077 -0.4697298 0.3248719
1403636630.463555574 -2.6711617 1.0605304 -0.1386011 0.8165547 -0.0981908 -0.4670473 0.3247518
1403636630.513555527 -2.6417451 1.0854946 -0.1377648 0.8174161 -0.0970347 -0.4656243 0.3249757
1403636630.563555479 -2.6612289 1.1116078 -0.1396032 0.8184681 -0.0945649 -0.4635775 0.3259807
1403636630.613555431 -2.6193129 1.1192222 -0.1283134 0.8188045 -0.0919043 -0.4626694 0.3271847
1403636630.663555622 -2.6149719 1.1494432 -0.1172076 0.8197971 -0.0893552 -0.4612800 0.3273671
1403636630.713555574 -2.5904033 1.1657456 -0.1263948 0.8203920 -0.0873804 -0.4607552 0.3271485
1403636630.763555527 -2.5947363 1.1591180 -0.0944669 0.8205034 -0.0870221 -0.4616549 0.3256931
1403636630.813555479 -2.5538166 1.1632726 -0.0999645 0.8210586 -0.0866882 -0.4623358 0.3234091
1403636630.863555670 -2.5424725 1.1894359 -0.1053101 0.8212187 -0.0868123 -0.4633769 0.3214737
1403636630.913555384 -2.5333582 1.1808605 -0.0983730 0.8211840 -0.0869667 -0.4648025 0.3194562
1403636630.963555574 -2.5304011 1.1867809 -0.1070132 0.8211633 -0.0871778 -0.4659623 0.3177578
1403636631.013555527 -2.5134652 1.2008456 -0.1016546 0.8210985 -0.0873231 -0.4665663 0.3169983
1403636631.063555479 -2.5143959 1.2160033 -0.0986191 0.8205516 -0.0868515 -0.4678990 0.3165792
1403636631.113555431 -2.4889195 1.2375108 -0.1024229 0.8195455 -0.0867704 -0.4694179 0.3169588
1403636631.163555622 -2.4657986 1.2494553 -0.1100235 0.8187258 -0.0865138 -0.4706576 0.3173089
1403636631.213555574 -2.4467130 1.2894353 -0.1233463 0.8175744 -0.0861135 -0.4725270 0.3176078
1403636631.263555527 -2.4388566 1.3142554 -0.1093985 0.8167679 -0.0855824 -0.4735126 0.3183578
1403636631.313555479 -2.4348746 1.3250448 -0.1178189 0.8167793 -0.0854676 -0.4739141 0.3177615
1403636631.363555670 -2.4289332 1.3615965 -0.1184327 0.8167339 -0.0848634 -0.4739375 0.3180052
1403636631.413555384 -2.4237476 1.3718895 -0.1154276 0.8167782 -0.0845855 -0.4741496 0.3176488
1403636631.463555574 -2.3938285 1.3827737 -0.1319338 0.8168678 -0.0837518 -0.4739354 0.3179588
1403636631.513555527 -2.3936649 1.3960453 -0.1402456 0.8170543 -0.0826450 -0.4735191 0.3183895
1403636631.563555479 -2.3483816 1.3858705 -0.1586547 0.8169144 -0.0815134 -0.4733283 0.3193223
1403636631.613555431 -2.3424907 1.4203373 -0.1474792 0.8171614 -0.0802565 -0.4729124 0.3196249
1403636631.663555622 -2.3524341 1.4339974 -0.1569929 0.8176649 -0.0790752 -0.4723813 0.3194167
1403636631.713555574 -2.3228820 1.4355694 -0.1744311 0.8179052 -0.0782556 -0.4720967 0.3194244
1403636631.763555527 -2.3095950 1.4505837 -0.1733595 0.8182333 -0.0774318 -0.4716650 0.3194225
1403636631.813555479 -2.2877851 1.4737787 -0.1686589 0.8180653 -0.0767072 -0.4720992 0.3193863
1403636631.863555670 -2.2857066 1.4830559 -0.1736109 0.8183766 -0.0758106 -0.4713410 0.3199220
1403636631.913555384 -2.2964726 1.4885422 -0.1778060 0.8189149 -0.0749759 -0.4704137 0.3201061
1403636631.963555574 -2.2589804 1.5240787 -0.1806860 0.8191199 -0.0746266 -0.4700066 0.3202612
1403636632.013555527 -2.2692172 1.5372166 -0.1735494 0.8189395 -0.0748364 -0.4701902 0.3204042
1403636632.063555479 -2.2335035 1.5618196 -0.1796858 0.8180626 -0.0748173 -0.4710774 0.3213441
1403636632.113555431 -2.2289403 1.5823720 -0.1750539 0.8171361 -0.0738671 -0.4716767 0.3230377
1403636632.163555622 -2.2014200 1.6001102 -0.1862060 0.8161569 -0.0725059 -0.4713127 0.3263359
1403636632.213555574 -2.2208746 1.6115539 -0.1868251 0.8162750 -0.0721690 -0.4705314 0.3272414
1403636632.263555527 -2.1943866 1.6495102 -0.1920125 0.8157816 -0.0733247 -0.4712824 0.3271343
1403636632.313555479 -2.1864429 1.6573857 -0.1898451 0.8156620 -0.0743317 -0.4715381 0.3268364
1403636632.363555670 -2.1752989 1.6672014 -0.1968820 0.8154219 -0.0751964 -0.4720873 0.3264448
1403636632.413555384 -2.1626583 1.6716427 -0.1909381 0.8159359 -0.0758684 -0.4712425 0.3262256
1403636632.463555574 -2.1736920 1.7133758 -0.1986309 0.8176931 -0.0780002 -0.4701179 0.3229289
1403636632.513555527 -2.1793371 1.7390271 -0.2120864 0.8198357 -0.0793209 -0.4695865 0.3179089
1403636632.563555479 -2.1639170 1.7351367 -0.2174617 0.8231713 -0.0805135 -0.4685417 0.3104436
1403636632.613555431 -2.1511581 1.7691956 -0.2123805 0.8263003 -0.0802651 -0.4681523 0.3026859
1403636632.663555622 -2.1587271 1.7660524 -0.2283070 0.8288499 -0.0777363 -0.4686871 0.2954611
1403636632.713555574 -2.1767655 1.7979459 -0.2429721 0.8306205 -0.0729504 -0.4704851 0.2887759
1403636632.763555527 -2.1807376 1.8205191 -0.2557468 0.8317471 -0.0661105 -0.4732373 0.2826176
1403636632.813555479 -2.1783239 1.8271357 -0.2618833 0.8318765 -0.0560360 -0.4767132 0.2785427
1403636632.863555670 -2.1914951 1.8729155 -0.2546148 0.8305368 -0.0436085 -0.4812236 0.2770034
1403636632.913555384 -2.1785181 1.8923653 -0.2550900 0.8283334 -0.0306733 -0.4864745 0.2761621
1403636632.963555574 -2.1770444 1.8957494 -0.2568532 0.8268483 -0.0190285 -0.4900677 0.2753062
1403636633.013555527 -2.1794041 1.9117958 -0.2678764 0.8253942 -0.0087693 -0.4932753 0.2744577
1403636633.063555479 -2.1711358 1.9362175 -0.2631897 0.8248808 -0.0001881 -0.4951839 0.2726985
1403636633.113555431 -2.1669900 1.9430871 -0.2485771 0.8242808 0.0066157 -0.4973489 0.2704838
1403636633.163555622 -2.1721458 1.9602454 -0.2614596 0.8241035 0.0122806 -0.4986009 0.2685140
1403636633.213555574 -2.1399566 1.9824877 -0.2518235 0.8239463 0.0162549 -0.4999351 0.2662953
1403636633.263555527 -2.1605995 2.0085970 -0.2600432 0.8246739 0.0186633 -0.5002860 0.2632082
1403636633.313555479 -2.1570802 2.0278392 -0.2708955 0.8255227 0.0200592 -0.5004297 0.2601540
1403636633.363555670 -2.1525345 2.0552196 -0.2745809 0.8265864 0.0201582 -0.5006459 0.2563244
1403636633.413555384 -2.1431294 2.0738091 -0.2721045 0.8278947 0.0195705 -0.4999937 0.2534041
1403636633.463555574 -2.1332543 2.0839045 -0.2940131 0.8290239 0.0187489 -0.4995587 0.2506171
1403636633.513555527 -2.1487883 2.1036059 -0.2934783 0.8299353 0.0179359 -0.4987019 0.2493636
1403636633.563555479 -2.1461203 2.1391949 -0.2983481 0.8310164 0.0166269 -0.4974964 0.2482594
1403636633.613555431 -2.1186362 2.1615025 -0.3066141 0.8322292 0.0156920 -0.4958073 0.2476357
1403636633.663555622 -2.1220224 2.1978372 -0.3268771 0.8330682 0.0146815 -0.4941556 0.2481774
1403636633.713555574 -2.1262330 2.2287200 -0.3170535 0.8329161 0.0132501 -0.4940662 0.2489455
1403636633.763555527 -2.1075379 2.2664318 -0.3245323 0.8326009 0.0116486 -0.4944254 0.2493663
1403636633.813555479 -2.1159795 2.2766768 -0.3241210 0.8325628 0.0099938 -0.4942901 0.2498333
1403636633.863555670 -2.1024873 2.2951676 -0.3297895 0.8319938 0.0077443 -0.4953135 0.2497817
1403636633.913555384 -2.1216038 2.3262548 -0.3154978 0.8315822 0.0042473 -0.4969297 0.2480200
1403636633.963555574 -2.0987235 2.3704697 -0.3190663 0.8306924 0.0004289 -0.4993663 0.2461368
1403636634.013555527 -2.1057913 2.3975398 -0.3220351 0.8297373 -0.0030160 -0.5015477 0.2449018
1403636634.063555479 -2.0980074 2.4049928 -0.3242222 0.8296437 -0.0053536 -0.5019222 0.2444110
1403636634.113555431 -2.0690300 2.4605837 -0.3237144 0.8298492 -0.0053291 -0.5017782 0.2440093
1403636634.163555622 -2.0655145 2.4788767 -0.3318436 0.8304694 -0.0043340 -0.5005934 0.2443523
1403636634.213555574 -2.0732967 2.5155284 -0.3309416 0.8311803 -0.0019024 -0.4986600 0.2459143
1403636634.263555527 -2.0546167 2.5152189 -0.3207295 0.8308458 0.0011780 -0.4977562 0.2488628
1403636634.313555479 -2.0551806 2.5567030 -0.3278683 0.8289921 0.0037694 -0.4991405 0.2522236
1403636634.363555670 -2.0489428 2.6137044 -0.3211127 0.8263251 0.0060326 -0.5018196 0.2555926
1403636634.413555384 -2.0364090 2.6419050 -0.3079547 0.8235799 0.0082499 -0.5046055 0.2588848
1403636634.463555574 -2.0153120 2.6717129 -0.3019421 0.8218290 0.0100452 -0.5062755 0.2611157
1403636634.513555527 -2.0119882 2.7279703 -0.3082051 0.8197683 0.0115383 -0.5087450 0.2627268
1403636634.563555479 -2.0122926 2.7760218 -0.3133994 0.8183896 0.0128304 -0.5104318 0.2636914
1403636634.613555431 -2.0066976 2.7816220 -0.3151625 0.8176210 0.0153083 -0.5113225 0.2642174
1403636634.663555622 -1.9877353 2.8088888 -0.3201566 0.8171349 0.0188882 -0.5124638 0.2632768
1403636634.713555574 -1.9642490 2.8511557 -0.3239565 0.8167446 0.0233058 -0.5132254 0.2626494
1403636634.763555527 -1.9651608 2.8629592 -0.3252803 0.8177127 0.0272088 -0.5126186 0.2604378
1403636634.813555479 -1.9618698 2.9332639 -0.3164091 0.8188548 0.0301536 -0.5120322 0.2576638
1403636634.863555670 -1.9556293 2.9532854 -0.3198382 0.8199586 0.0328179 -0.5114565 0.2549570
1403636634.913555384 -1.9343135 2.9684548 -0.3228014 0.8207678 0.0358373 -0.5111834 0.2524825
1403636634.963555574 -1.9252926 2.9763687 -0.3166682 0.8220796 0.0389706 -0.5099338 0.2502678
1403636635.013555527 -1.9385383 3.0178424 -0.3189556 0.8221157 0.0420610 -0.5100451 0.2494206
1403636635.063555479 -1.9221843 3.0368625 -0.3159346 0.8228444 0.0447538 -0.5092118 0.2482488
1403636635.113555431 -1.9249960 3.0608274 -0.3218302 0.8235651 0.0468965 -0.5083769 0.2471725
1403636635.163555622 -1.9015063 3.0857803 -0.3167702 0.8240274 0.0482709 -0.5081634 0.2458021
1403636635.213555574 -1.9202731 3.1356505 -0.3106783 0.8248913 0.0493390 -0.5074238 0.2442154
1403636635.263555527 -1.9151413 3.1513640 -0.3205995 0.8254681 0.0493482 -0.5077433 0.2415863
1403636635.313555479 -1.9098481 3.1806982 -0.3186359 0.8263831 0.0489226 -0.5076008 0.2388283
1403636635.363555670 -1.9119252 3.2071280 -0.3137338 0.8276370 0.0472202 -0.5075961 0.2348051
1403636635.413555384 -1.9057208 3.2390065 -0.3175818 0.8283084 0.0468251 -0.5075081 0.2326974
1403636635.463555574 -1.9046491 3.2675061 -0.3135104 0.8281602 0.0460138 -0.5083234 0.2316048
1403636635.513555527 -1.9057647 3.3178872 -0.3260770 0.8286265 0.0442281 -0.5088497 0.2291157
1403636635.563555479 -1.9019858 3.3523795 -0.3215652 0.8287296 0.0437192 -0.5090302 0.2284385
1403636635.613555431 -1.9159900 3.3629349 -0.3125390 0.8283873 0.0428858 -0.5098926 0.2279138
1403636635.663555622 -1.9081851 3.4218264 -0.3018329 0.8278671 0.0418719 -0.5108004 0.2279601
1403636635.713555574 -1.8782473 3.4557697 -0.3000782 0.8272125 0.0411378 -0.5117762 0.2282812
1403636635.763555527 -1.8735961 3.4947387 -0.3063369 0.8254949 0.0392526 -0.5148625 0.2278905
1403636635.813555479 -1.8663999 3.5075701 -0.2788523 0.8234198 0.0361402 -0.5191207 0.2262461
1403636635.863555670 -1.8471299 3.5291604 -0.2835452 0.8221871 0.0333063 -0.5219389 0.2246748
1403636635.913555384 -1.8455017 3.5612181 -0.2570854 0.8231217 0.0307340 -0.5219440 0.2215864
1403636635.963555574 -1.8487071 3.5913505 -0.2545780 0.8251507 0.0300680 -0.5193441 0.2202363
1403636636.013555527 -1.8396547 3.6245462 -0.2482009 0.8280851 0.0313371 -0.5144712 0.2204822
1403636636.063555479 -1.8405241 3.6696766 -0.2275881 0.8301228 0.0339572 -0.5098639 0.2231184
1403636636.113555431 -1.8195325 3.6942326 -0.2206735 0.8314099 0.0368213 -0.5061865 0.2262234
1403636636.163555622 -1.8085508 3.7454199 -0.2098451 0.8302564 0.0392486 -0.5061077 0.2301930
1403636636.213555574 -1.8010638 3.7807977 -0.2183753 0.8272322 0.0416558 -0.5085384 0.2352454
1403636636.263555527 -1.7785836 3.8041455 -0.1953094 0.8235311 0.0433826 -0.5121368 0.2400633
1403636636.313555479 -1.7831859 3.8463053 -0.1701536 0.8203005 0.0441606 -0.5157198 0.2432900
1403636636.363555670 -1.7893816 3.8840778 -0.1546856 0.8163117 0.0446126 -0.5203601 0.2467190
1403636636.413555384 -1.7952520 3.9314220 -0.1466793 0.8112140 0.0448473 -0.5266600 0.2500996
1403636636.463555574 -1.7756621 3.9685941 -0.1332123 0.8071011 0.0449567 -0.5317149 0.2526774
1403636636.513555527 -1.7802174 3.9993656 -0.1373943 0.8051745 0.0464939 -0.5328931 0.2560416
1403636636.563555479 -1.7545983 4.0327845 -0.1093407 0.8042200 0.0485739 -0.5325774 0.2592915
1403636636.613555431 -1.7400040 4.0709017 -0.1115324 0.8035473 0.0510890 -0.5315991 0.2628764
1403636636.663555622 -1.7354883 4.0875196 -0.1052786 0.8035261 0.0538969 -0.5295907 0.2664107
1403636636.713555574 -1.7343498 4.1118265 -0.0950941 0.8032959 0.0561446 -0.5281172 0.2695474
1403636636.763555527 -1.7267646 4.1148520 -0.0928325 0.8033351 0.0586176 -0.5262728 0.2724952
1403636636.813555479 -1.6901942 4.1461221 -0.0904634 0.8031589 0.0619008 -0.5241478 0.2763568
1403636636.863555670 -1.6952652 4.1685649 -0.1003418 0.8036966 0.0648151 -0.5214520 0.2792105
1403636636.913555384 -1.7038521 4.2023765 -0.0918546 0.8056653 0.0638191 -0.5202908 0.2759133
1403636636.963555574 -1.7098219 4.2272581 -0.1060123 0.8073028 0.0611666 -0.5210629 0.2702117
1403636637.013555527 -1.6910831 4.2492215 -0.0978214 0.8093957 0.0577584 -0.5217873 0.2632119
1403636637.063555479 -1.6726774 4.2550245 -0.1121740 0.8107619 0.0546438 -0.5229817 0.2572339
1403636637.113555431 -1.6906858 4.2597342 -0.1207475 0.8125666 0.0524870 -0.5228790 0.2521471
1403636637.163555622 -1.6876018 4.2749208 -0.1195726 0.8148652 0.0513783 -0.5212101 0.2483848
1403636637.213555574 -1.6994190 4.2874543 -0.1197672 0.8174170 0.0513073 -0.5183642 0.2459585
1403636637.263555527 -1.6975624 4.3060706 -0.1446785 0.8191900 0.0515132 -0.5164662 0.2440017
1403636637.313555479 -1.6713287 4.3189371 -0.1337302 0.8206827 0.0519796 -0.5146965 0.2426222
1403636637.363555670 -1.7012257 4.3454291 -0.1547998 0.8216559 0.0527157 -0.5130982 0.2425550
1403636637.413555384 -1.7017752 4.3556216 -0.1413343 0.8222080 0.0529846 -0.5129069 0.2410253
1403636637.463555574 -1.6777458 4.3855185 -0.1446686 0.8231940 0.0541943 -0.5113709 0.2406543
1403636637.513555527 -1.6990988 4.4038077 -0.1506907 0.8234935 0.0541341 -0.5113910 0.2395981
1403636637.563555479 -1.6908514 4.4136112 -0.1335471 0.8243744 0.0544768 -0.5104793 0.2384325
1403636637.613555431 -1.6844775 4.4309000 -0.1404809 0.8245337 0.0543030 -0.5109178 0.2369776
1403636637.663555622 -1.6901415 4.4277834 -0.1341893 0.8250878 0.0542171 -0.5105235 0.2359160
1403636637.713555574 -1.6732761 4.4571181 -0.1371792 0.8246541 0.0547371 -0.5110945 0.2360761
1403636637.763555527 -1.6762253 4.4808371 -0.1213327 0.8239366 0.0552872 -0.5120870 0.2363023
1403636637.813555479 -1.6793825 4.4960795 -0.1107809 0.8226032 0.0556581 -0.5138014 0.2371377
1403636637.863555670 -1.6638084 4.4986567 -0.0939140 0.8216674 0.0559341 -0.5150994 0.2375008
1403636637.913555384 -1.6565423 4.4968037 -0.0965689 0.8205288 0.0561035 -0.5167771 0.2377526
1403636637.963555574 -1.6909828 4.5267590 -0.0920547 0.8190237 0.0561213 -0.5188796 0.2383580
1403636638.013555527 -1.6982727 4.5563416 -0.0823760 0.8180383 0.0561168 -0.5202946 0.2386582
1403636638.063555479 -1.6868580 4.5789181 -0.0793637 0.8170187 0.0562730 -0.5217952 0.2388381
1403636638.113555431 -1.6915590 4.6042332 -0.0696527 0.8158028 0.0560883 -0.5235802 0.2391309
1403636638.163555622 -1.6960617 4.6311488 -0.0816416 0.8149697 0.0559838 -0.5249029 0.2390966
1403636638.213555574 -1.6937557 4.6171220 -0.0678106 0.8147416 0.0563277 -0.5252328 0.2390687
1403636638.263555527 -1.7015137 4.6527775 -0.0805677 0.8143866 0.0565494 -0.5255666 0.2394918
1403636638.313555479 -1.6974086 4.6745495 -0.0859865 0.8155817 0.0558671 -0.5248353 0.2371777
1403636638.363555670 -1.6945080 4.6781172 -0.0928666 0.8191805 0.0537350 -0.5218748 0.2317380
1403636638.413555384 -1.7075236 4.6935495 -0.1106372 0.8252299 0.0512410 -0.5157795 0.2243693
1403636638.463555574 -1.7041990 4.7149392 -0.1117096 0.8310718 0.0494669 -0.5094065 0.2176641
1403636638.513555527 -1.7247955 4.7302202 -0.1276913 0.8360188 0.0473743 -0.5041839 0.2112508
1403636638.563555479 -1.6987947 4.7422784 -0.1287218 0.8387513 0.0467835 -0.5007761 0.2086405
1403636638.613555431 -1.6974612 4.7710096 -0.1304365 0.8397414 0.0483398 -0.4985794 0.2095619
1403636638.663555622 -1.7066782 4.8008552 -0.1301583 0.8385265 0.0517040 -0.4983509 0.2141177
1403636638.713555574 -1.7174385 4.8040096 -0.1586325 0.8367448 0.0537679 -0.4993864 0.2181293
1403636638.763555527 -1.6933146 4.8067672 -0.1522977 0.8339885 0.0555182 -0.5021869 0.2217864
1403636638.813555479 -1.7187925 4.8481307 -0.1476743 0.8309532 0.0563171 -0.5059366 0.2244400
1403636638.863555670 -1.7338542 4.8749163 -0.1271025 0.8284573 0.0558648 -0.5095156 0.2256800
1403636638.913555384 -1.7223239 4.8935513 -0.1263825 0.8266926 0.0548706 -0.5127843 0.2249906
1403636638.963555574 -1.7208722 4.9407907 -0.1281494 0.8253780 0.0534135 -0.5156251 0.2236716
1403636639.013555527 -1.7147761 4.9759981 -0.1206935 0.8254304 0.0503857 -0.5176303 0.2195104
1403636639.063555479 -1.7305133 4.9822553 -0.1101259 0.8252980 0.0469443 -0.5200823 0.2149278
1403636639.113555431 -1.7549769 5.0207684 -0.1105676 0.8252731 0.0440892 -0.5219738 0.2110067
1403636639.163555622 -1.7312783 5.0505992 -0.1020813 0.8257965 0.0416763 -0.5227378 0.2075292
1403636639.213555574 -1.7523753 5.0695129 -0.0974904 0.8260917 0.0397793 -0.5234827 0.2048317
1403636639.263555527 -1.7476092 5.0896716 -0.1099926 0.8266937 0.0390974 -0.5231243 0.2034453
1403636639.313555479 -1.7558829 5.1312433 -0.1110677 0.8265889 0.0417864 -0.5216179 0.2071702
1403636639.363555670 -1.7314812 5.1453577 -0.1190977 0.8264665 0.0455736 -0.5195355 0.2120357
1403636639.413555384 -1.7350623 5.1706982 -0.1328891 0.8264196 0.0494623 -0.5171930 0.2170152
1403636639.463555574 -1.7289035 5.2043259 -0.1328981 0.8261007 0.0534148 -0.5151603 0.2220684
1403636639.513555527 -1.7231438 5.2457769 -0.1539212 0.8249679 0.0573681 -0.5140524 0.2277870
1403636639.563555479 -1.6924873 5.2916471 -0.1617560 0.8233122 0.0617781 -0.5132596 0.2343184
1403636639.613555431 -1.6828578 5.3051161 -0.1837426 0.8218912 0.0652188 -0.5128877 0.2391393
1403636639.663555622 -1.6990845 5.3406062 -0.1851574 0.8198445 0.0664163 -0.5149450 0.2414034
1403636639.713555574 -1.6978520 5.3593342 -0.1946530 0.8175613 0.0656044 -0.5185837 0.2415793
1403636639.763555527 -1.6826353 5.3941174 -0.2074469 0.8155815 0.0636517 -0.5225834 0.2401704
1403636639.813555479 -1.6990311 5.4136530 -0.2135151 0.8145506 0.0623500 -0.5248081 0.2391572
1403636639.863555670 -1.6645462 5.4390813 -0.2340206 0.8139689 0.0607519 -0.5267617 0.2372467
1403636639.913555384 -1.6594524 5.4726400 -0.2290187 0.8137325 0.0597494 -0.5281011 0.2353266
1403636639.963555574 -1.6499127 5.4971975 -0.2402412 0.8134667 0.0593788 -0.5287296 0.2349279
1403636640.013555527 -1.6409316 5.5149840 -0.2311606 0.8130832 0.0598440 -0.5294258 0.2345694
1403636640.063555479 -1.6042957 5.5403458 -0.2445292 0.8126652 0.0623362 -0.5300335 0.2339955
1403636640.113555431 -1.6220398 5.5788775 -0.2492603 0.8120231 0.0671504 -0.5304189 0.2340194
1403636640.163555622 -1.6071368 5.6200705 -0.2549371 0.8115140 0.0711479 -0.5316164 0.2318769
1403636640.213555574 -1.6105143 5.6238866 -0.2522499 0.8109967 0.0749975 -0.5328783 0.2295657
1403636640.263555527 -1.5885759 5.6351397 -0.2417745 0.8114165 0.0790856 -0.5324191 0.2277688
1403636640.313555479 -1.5955328 5.6789770 -0.2378169 0.8114897 0.0814771 -0.5328756 0.2255872
1403636640.363555670 -1.5837305 5.6937136 -0.2356055 0.8111169 0.0844432 -0.5335579 0.2242202
1403636640.413555384 -1.5859102 5.7164422 -0.2329754 0.8108584 0.0869533 -0.5339600 0.2232365
1403636640.463555574 -1.5880484 5.7277142 -0.2230325 0.8105187 0.0891567 -0.5343883 0.2225752
1403636640.513555527 -1.5883296 5.7240266 -0.2323625 0.8111125 0.0906584 -0.5338779 0.2210246
1403636640.563555479 -1.5639929 5.7549290 -0.2295544 0.8108573 0.0923443 -0.5341790 0.2205352
1403636640.613555431 -1.5596469 5.7757062 -0.2264858 0.8107050 0.0931132 -0.5346204 0.2197008
1403636640.663555622 -1.5568559 5.8006735 -0.2375004 0.8102902 0.0940117 -0.5351993 0.2194388
1403636640.713555574 -1.5672181 5.8175382 -0.2286877 0.8106608 0.0946373 -0.5348546 0.2186401
1403636640.763555527 -1.5365241 5.8385783 -0.2454248 0.8114818 0.0951702 -0.5339694 0.2175237
1403636640.813555479 -1.5341457 5.8549629 -0.2547038 0.8120756 0.0960310 -0.5330197 0.2172583
1403636640.863555670 -1.5419989 5.8855052 -0.2417984 0.8129438 0.0968920 -0.5317001 0.2168622
1403636640.913555384 -1.5140046 5.8902534 -0.2574479 0.8133158 0.0972569 -0.5311990 0.2165319
1403636640.963555574 -1.5219963 5.9233661 -0.2420332 0.8135380 0.0975263 -0.5307198 0.2167512
1403636641.013555527 -1.5363084 5.9314755 -0.2562199 0.8131617 0.0975202 -0.5310580 0.2173366
1403636641.063555479 -1.5275738 5.9657352 -0.2448854 0.8125473 0.0966265 -0.5322062 0.2172252
1403636641.113555431 -1.5181036 5.9867877 -0.2476130 0.8121696 0.0964356 -0.5325111 0.2179741
1403636641.163555622 -1.5149780 6.0097561 -0.2457913 0.8123223 0.0963647 -0.5321165 0.2183994
1403636641.213555574 -1.5080651 6.0496255 -0.2532898 0.8118203 0.0958397 -0.5327416 0.2189725
1403636641.263555527 -1.5112625 6.0489107 -0.2605453 0.8113868 0.0946576 -0.5339383 0.2181773
1403636641.313555479 -1.5078322 6.0545790 -0.2611967 0.8119070 0.0921689 -0.5346122 0.2156426
1403636641.363555670 -1.5069083 6.0760280 -0.2753561 0.8125256 0.0893200 -0.5354789 0.2123357
1403636641.413555384 -1.4936987 6.1148219 -0.2807888 0.8129508 0.0869859 -0.5363904 0.2093558
1403636641.463555574 -1.4745095 6.1267106 -0.2672563 0.8129141 0.0863206 -0.5366515 0.2091042
1403636641.513555527 -1.4578427 6.1240295 -0.2818176 0.8125811 0.0868297 -0.5364904 0.2105961
1403636641.563555479 -1.4668834 6.1355388 -0.3000123 0.8126015 0.0879679 -0.5356863 0.2120863
1403636641.613555431 -1.4718399 6.1322593 -0.3057843 0.8123698 0.0889427 -0.5350235 0.2142297
1403636641.663555622 -1.4576418 6.1590576 -0.3064912 0.8125193 0.0897144 -0.5341141 0.2156058
1403636641.713555574 -1.4551430 6.1788573 -0.3069481 0.8118710 0.0902870 -0.5344372 0.2170035
1403636641.763555527 -1.4466172 6.1690368 -0.3110878 0.8122146 0.0903767 -0.5336204 0.2176897
1403636641.813555479 -1.4207537 6.1887275 -0.3069601 0.8117085 0.0904532 -0.5341573 0.2182281
1403636641.863555670 -1.4174821 6.2220331 -0.3200486 0.8112495 0.0903943 -0.5346488 0.2187552
1403636641.913555384 -1.4306149 6.2362793 -0.3068528 0.8112606 0.0893062 -0.5345166 0.2194829
1403636641.963555574 -1.4168165 6.2215212 -0.2897559 0.8113425 0.0864463 -0.5344274 0.2205396
1403636642.013555527 -1.4054418 6.2365619 -0.3041211 0.8109567 0.0829871 -0.5344325 0.2232581
1403636642.063555479 -1.3857170 6.2450420 -0.2930948 0.8109472 0.0785560 -0.5340344 0.2258337
1403636642.113555431 -1.3660643 6.2476653 -0.2794813 0.8108449 0.0751769 -0.5333247 0.2290061
1403636642.163555622 -1.3636417 6.2769582 -0.2702775 0.8107807 0.0720821 -0.5326690 0.2317380
1403636642.213555574 -1.3651747 6.2888446 -0.2723509 0.8105735 0.0691048 -0.5325546 0.2336252
1403636642.263555527 -1.3653009 6.2842523 -0.2614942 0.8106454 0.0660961 -0.5321563 0.2351491
1403636642.313555479 -1.3797875 6.3021809 -0.2610660 0.8107682 0.0623929 -0.5316587 0.2368567
1403636642.363555670 -1.3818508 6.2898331 -0.2696486 0.8108194 0.0579650 -0.5308599 0.2395823
1403636642.413555384 -1.3871577 6.3352891 -0.2593717 0.8105840 0.0536245 -0.5306440 0.2418572
1403636642.463555574 -1.3760859 6.3080859 -0.2550576 0.8108762 0.0501743 -0.5295706 0.2439616
1403636642.513555527 -1.3745679 6.3422069 -0.2677797 0.8117968 0.0472254 -0.5279266 0.2450492
1403636642.563555479 -1.3763470 6.3533619 -0.2590294 0.8138613 0.0452951 -0.5244330 0.2460655
1403636642.613555431 -1.3796693 6.3581701 -0.2762972 0.8163256 0.0432337 -0.5210794 0.2453967
1403636642.663555622 -1.3655688 6.3661760 -0.2833912 0.8189801 0.0416426 -0.5173564 0.2447038
1403636642.713555574 -1.3510349 6.3758922 -0.2777406 0.8213307 0.0405026 -0.5138764 0.2443493
1403636642.763555527 -1.3485011 6.3612874 -0.2924318 0.8234527 0.0398031 -0.5109508 0.2434555
1403636642.813555479 -1.3648049 6.3705338 -0.3056385 0.8251175 0.0388996 -0.5087773 0.2425151
1403636642.863555670 -1.3356135 6.3914264 -0.2936441 0.8261278 0.0381573 -0.5075940 0.2416717
1403636642.913555384 -1.3376594 6.3945567 -0.3010682 0.8271722 0.0381366 -0.5062280 0.2409668
1403636642.963555574 -1.3131950 6.4178187 -0.3085292 0.8275826 0.0375633 -0.5058936 0.2403493
1403636643.013555527 -1.3166006 6.4037937 -0.2952667 0.8272113 0.0373813 -0.5066005 0.2401667
1403636643.063555479 -1.3170598 6.4182898 -0.3125628 0.8251602 0.0370630 -0.5094884 0.2411610
1403636643.113555431 -1.3082018 6.4258251 -0.3065592 0.8226779 0.0366011 -0.5130536 0.2421518
1403636643.163555622 -1.3036075 6.4310999 -0.3164519 0.8208715 0.0360710 -0.5158420 0.2424374
1403636643.213555574 -1.2969103 6.4411305 -0.3088377 0.8194144 0.0356703 -0.5179724 0.2428830
1403636643.263555527 -1.2834364 6.4474538 -0.3103458 0.8188187 0.0357438 -0.5189008 0.2428996
1403636643.313555479 -1.2770671 6.4469539 -0.3072110 0.8190040 0.0361257 -0.5185809 0.2429018
1403636643.363555670 -1.2711540 6.4605010 -0.3094203 0.8201393 0.0366886 -0.5170004 0.2423554
1403636643.413555384 -1.2828738 6.4605880 -0.3003881 0.8215324 0.0367006 -0.5154427 0.2409490
1403636643.463555574 -1.2735294 6.4545685 -0.3011031 0.8236378 0.0368023 -0.5130180 0.2389121
1403636643.513555527 -1.2747112 6.4660161 -0.3059896 0.8258372 0.0375240 -0.5101136 0.2374216
1403636643.563555479 -1.2325908 6.4868748 -0.2969715 0.8276833 0.0383510 -0.5076662 0.2361028
1403636643.613555431 -1.2396905 6.4701316 -0.3046950 0.8297252 0.0392811 -0.5045751 0.2354082
1403636643.663555622 -1.2278681 6.4815322 -0.2950933 0.8314361 0.0407389 -0.5021859 0.2342302
1403636643.713555574 -1.2338545 6.4832009 -0.2744101 0.8330000 0.0419163 -0.4998638 0.2334314
1403636643.763555527 -1.2281510 6.5008691 -0.2778420 0.8337886 0.0427648 -0.4985765 0.2332148
1403636643.813555479 -1.2354130 6.5043982 -0.2783965 0.8352952 0.0441491 -0.4959381 0.2331914
1403636643.863555670 -1.2332278 6.5216096 -0.2595671 0.8368742 0.0446599 -0.4937152 0.2321472
1403636643.913555384 -1.2318723 6.5343133 -0.2556135 0.8378683 0.0453425 -0.4921495 0.2317533
1403636643.963555574 -1.2359979 6.5450346 -0.2544362 0.8389238 0.0461357 -0.4903007 0.2316971
1403636644.013555527 -1.2156123 6.5669472 -0.2496040 0.8393789 0.0465593 -0.4893439 0.2319868
1403636644.063555479 -1.2037453 6.5614877 -0.2488964 0.8397926 0.0467295 -0.4888001 0.2316015
1403636644.113555431 -1.2019355 6.5948557 -0.2516302 0.8403162 0.0468313 -0.4879052 0.2315685
1403636644.163555622 -1.1799532 6.6045284 -0.2524345 0.8395832 0.0469885 -0.4888714 0.2321568
1403636644.213555574 -1.1890680 6.6388365 -0.2438817 0.8368229 0.0451426 -0.4938306 0.2319935
1403636644.263555527 -1.1806545 6.6654438 -0.2411925 0.8332372 0.0411884 -0.5011194 0.2299970
1403636644.313555479 -1.1907211 6.6867756 -0.2458473 0.8289666 0.0367112 -0.5095957 0.2275498
1403636644.363555670 -1.1905061 6.7114294 -0.2499428 0.8249884 0.0324426 -0.5171648 0.2255709
1403636644.413555384 -1.1703761 6.7285737 -0.2587950 0.8218107 0.0297772 -0.5228425 0.2244464
1403636644.463555574 -1.1687607 6.7413144 -0.2648556 0.8189948 0.0275718 -0.5275727 0.2239514
1403636644.513555527 -1.1549219 6.7912025 -0.2547310 0.8164271 0.0242390 -0.5327750 0.2213823
1403636644.563555479 -1.1338472 6.8153432 -0.2723732 0.8150306 0.0219169 -0.5360395 0.2188754
1403636644.613555431 -1.1289844 6.8219396 -0.2796924 0.8141517 0.0208931 -0.5375543 0.2185310
1403636644.663555622 -1.1275970 6.8614001 -0.3024987 0.8134259 0.0232908 -0.5370089 0.2222999
1403636644.713555574 -1.0982837 6.8725966 -0.3166124 0.8126843 0.0273914 -0.5353740 0.2284045
1403636644.763555527 -1.0807345 6.9036652 -0.3333078 0.8126524 0.0328550 -0.5319939 0.2355825
1403636644.813555479 -1.0791870 6.9226251 -0.3410723 0.8121155 0.0375928 -0.5292256 0.2428485
1403636644.863555670 -1.0465520 6.9387087 -0.3650155 0.8129226 0.0408675 -0.5255262 0.2476062
1403636644.913555384 -1.0274478 6.9756855 -0.3788389 0.8144144 0.0416349 -0.5225608 0.2488492
1403636644.963555574 -1.0446580 6.9942419 -0.4044490 0.8161617 0.0414818 -0.5201085 0.2482873
1403636645.013555527 -1.0378455 7.0163558 -0.4160462 0.8204394 0.0417239 -0.5142193 0.2464079
1403636645.063555479 -1.0326946 7.0450312 -0.4356288 0.8270282 0.0407317 -0.5059440 0.2416319
1403636645.113555431 -1.0192841 7.1011263 -0.4340698 0.8335026 0.0400540 -0.4975196 0.2369457
1403636645.163555622 -0.9841326 7.0810293 -0.4365035 0.8391391 0.0410944 -0.4889550 0.2346908
1403636645.213555574 -0.9987926 7.1043678 -0.4608437 0.8440409 0.0403140 -0.4823735 0.2308365
1403636645.263555527 -0.9684962 7.1076588 -0.4591653 0.8465719 0.0407431 -0.4783544 0.2298545
1403636645.313555479 -0.9583114 7.1312332 -0.4698672 0.8462354 0.0404928 -0.4789071 0.2299867
1403636645.363555670 -0.9549296 7.1627267 -0.4706512 0.8438433 0.0404118 -0.4821720 0.2319600
1403636645.413555384 -0.9508127 7.1945011 -0.4738603 0.8410452 0.0401778 -0.4858568 0.2344607
1403636645.463555574 -0.9313092 7.1934459 -0.4775732 0.8388760 0.0395552 -0.4889929 0.2358142
1403636645.513555527 -0.9006893 7.2592854 -0.4797846 0.8371164 0.0395269 -0.4913320 0.2372058
1403636645.563555479 -0.9132987 7.2649710 -0.4826071 0.8363829 0.0394610 -0.4921355 0.2381366
1403636645.613555431 -0.9183609 7.3005319 -0.4894995 0.8352436 0.0391253 -0.4935556 0.2392491
1403636645.663555622 -0.8940019 7.3442955 -0.4928679 0.8344085 0.0397073 -0.4943945 0.2403328
1403636645.713555574 -0.8852698 7.3647127 -0.5054556 0.8337045 0.0397388 -0.4952212 0.2410675
1403636645.763555527 -0.8696116 7.4167106 -0.5096565 0.8332127 0.0394316 -0.4962850 0.2406303
1403636645.813555479 -0.8802593 7.4302316 -0.5213592 0.8329936 0.0388769 -0.4970303 0.2399400
1403636645.863555670 -0.8571194 7.4457878 -0.5030501 0.8335054 0.0384401 -0.4964935 0.2393436
1403636645.913555384 -0.8540382 7.4952076 -0.5091314 0.8338169 0.0377980 -0.4966393 0.2380547
1403636645.963555574 -0.8237391 7.5415292 -0.5143370 0.8313892 0.0353907 -0.5003010 0.2392457
1403636646.013555527 -0.8196442 7.5680381 -0.5028750 0.8291585 0.0312416 -0.5035455 0.2407531
1403636646.063555479 -0.8111975 7.6119255 -0.5072169 0.8275674 0.0246870 -0.5061512 0.2415236
1403636646.113555431 -0.7819372 7.6665322 -0.4890541 0.8259888 0.0167354 -0.5077810 0.2441740
1403636646.163555622 -0.7771509 7.6873335 -0.4856968 0.8244193 0.0071815 -0.5085559 0.2482986
1403636646.213555574 -0.7579328 7.7423964 -0.4800678 0.8227961 -0.0039115 -0.5092526 0.2522954
1403636646.263555527 -0.7777019 7.7744074 -0.4825764 0.8209796 -0.0162612 -0.5092926 0.2575830
1403636646.313555479 -0.7556516 7.8078959 -0.4759162 0.8184252 -0.0294685 -0.5096063 0.2638430
1403636646.363555670 -0.7567736 7.8370693 -0.4701624 0.8156819 -0.0430495 -0.5097535 0.2701132
1403636646.413555384 -0.7351277 7.8815955 -0.4692997 0.8131963 -0.0547413 -0.5075660 0.2794493
1403636646.463555574 -0.7276505 7.9238094 -0.4735349 0.8095815 -0.0638770 -0.5063458 0.2900198
1403636646.513555527 -0.6934649 7.9518214 -0.4693047 0.8061955 -0.0706706 -0.5046821 0.3005836
1403636646.563555479 -0.6795521 7.9785759 -0.4732119 0.8038575 -0.0768470 -0.5023873 0.3090543
1403636646.613555431 -0.6667328 8.0182942 -0.4651756 0.8033364 -0.0822272 -0.4990003 0.3144646
1403636646.663555622 -0.6385532 8.0343643 -0.4611225 0.8041533 -0.0856810 -0.4938288 0.3195768
1403636646.713555574 -0.6378229 8.0993506 -0.4594767 0.8049185 -0.0896742 -0.4900763 0.3223198
1403636646.763555527 -0.6024080 8.1141269 -0.4358388 0.8051239 -0.0929954 -0.4875568 0.3246780
1403636646.813555479 -0.5852404 8.1157582 -0.4374096 0.8047766 -0.0952379 -0.4861215 0.3270325
1403636646.863555670 -0.5535409 8.1306856 -0.4289599 0.8043899 -0.0974420 -0.4849035 0.3291360
1403636646.913555384 -0.5354406 8.1864396 -0.4049484 0.8048351 -0.0988884 -0.4837975 0.3292438
1403636646.963555574 -0.5367156 8.1907384 -0.4007352 0.8055859 -0.0998736 -0.4821284 0.3295585
1403636647.013555527 -0.5090505 8.2388871 -0.3828103 0.8064792 -0.1003495 -0.4804456 0.3296867
1403636647.063555479 -0.5173070 8.2710008 -0.3786257 0.8079100 -0.1000461 -0.4783852 0.3292716
1403636647.113555431 -0.4887136 8.2819861 -0.3779366 0.8102630 -0.1000225 -0.4752252 0.3280707
1403636647.163555622 -0.4573719 8.3116447 -0.3606035 0.8120900 -0.0999605 -0.4731753 0.3265316
1403636647.213555574 -0.4519614 8.3220935 -0.3682943 0.8133201 -0.0992601 -0.4714793 0.3261368
1403636647.263555527 -0.4301752 8.3463854 -0.3647976 0.8133310 -0.0991861 -0.4720288 0.3253360
1403636647.313555479 -0.4193878 8.3553342 -0.3578877 0.8128247 -0.0992556 -0.4736743 0.3241866
1403636647.363555670 -0.3980647 8.3831737 -0.3597544 0.8119508 -0.0991746 -0.4756154 0.3235587
1403636647.413555384 -0.3730474 8.4088981 -0.3408991 0.8109874 -0.0989888 -0.4775529 0.3231779
1403636647.463555574 -0.3684052 8.4432706 -0.3527092 0.8099443 -0.0989436 -0.4799969 0.3221853
1403636647.513555527 -0.3557125 8.4521569 -0.3548574 0.8081491 -0.0986974 -0.4833380 0.3217734
1403636647.563555479 -0.3343132 8.4747484 -0.3318378 0.8057992 -0.0989797 -0.4877073 0.3209863
1403636647.613555431 -0.3282169 8.4788735 -0.3320865 0.8027569 -0.1003008 -0.4929773 0.3201475
1403636647.663555622 -0.3071048 8.5142887 -0.3353274 0.8020851 -0.1011912 -0.4935118 0.3207271
1403636647.713555574 -0.2677729 8.5286614 -0.3258450 0.8026704 -0.1012326 -0.4920035 0.3215662
1403636647.763555527 -0.2525862 8.5139968 -0.3323521 0.8039789 -0.1011766 -0.4893715 0.3223302
1403636647.813555479 -0.2457868 8.5497425 -0.3285883 0.8044871 -0.1011764 -0.4872149 0.3243231
1403636647.863555670 -0.2456074 8.5506611 -0.3204605 0.8053721 -0.1031806 -0.4844555 0.3256263
1403636647.913555384 -0.2207846 8.5778935 -0.3082863 0.8050266 -0.1062662 -0.4823924 0.3285380
1403636647.963555574 -0.1902011 8.5727931 -0.3095231 0.8043578 -0.1111987 -0.4802878 0.3316126
1403636648.013555527 -0.1482533 8.5769981 -0.3147360 0.8038409 -0.1174498 -0.4768052 0.3357114
1403636648.063555479 -0.1524822 8.5973872 -0.3278553 0.8029738 -0.1254593 -0.4729202 0.3403521
1403636648.113555431 -0.0956183 8.6214174 -0.3287865 0.8017718 -0.1350423 -0.4686055 0.3454483
1403636648.163555622 -0.0666444 8.6246001 -0.3310637 0.8000302 -0.1454772 -0.4640619 0.3513326
1403636648.213555574 -0.0537287 8.6529291 -0.3397382 0.7979846 -0.1558237 -0.4594993 0.3574912
1403636648.263555527 -0.0305731 8.6594240 -0.3433439 0.7956403 -0.1671731 -0.4548691 0.3634607
1403636648.313555479 -0.0339504 8.6790943 -0.3539205 0.7933523 -0.1787060 -0.4497029 0.3693558
1403636648.363555670 -0.0137419 8.6882173 -0.3578377 0.7904814 -0.1897087 -0.4446627 0.3760650
1403636648.413555384 0.0146211 8.6916379 -0.3773053 0.7878836 -0.2010390 -0.4388317 0.3824257
1403636648.463555574 0.0513189 8.6923297 -0.3819334 0.7851558 -0.2129245 -0.4327404 0.3884963
1403636648.513555527 0.0785521 8.7370109 -0.4030960 0.7820767 -0.2244274 -0.4271655 0.3943577
1403636648.563555479 0.0889775 8.7375690 -0.3917579 0.7790600 -0.2346819 -0.4223298 0.3995340
1403636648.613555431 0.1042265 8.7429196 -0.3977655 0.7765070 -0.2431644 -0.4176526 0.4043194
1403636648.663555622 0.1447045 8.7181213 -0.4099680 0.7752067 -0.2500380 -0.4124372 0.4079597
1403636648.713555574 0.1447071 8.7302722 -0.4147885 0.7750497 -0.2552716 -0.4064156 0.4110484
1403636648.763555527 0.1833693 8.7408535 -0.4194156 0.7754243 -0.2601956 -0.4014039 0.4121775
1403636648.813555479 0.1944010 8.7469054 -0.4244451 0.7784604 -0.2644844 -0.3945488 0.4103396
1403636648.863555670 0.2055663 8.7364406 -0.4281217 0.7814119 -0.2682404 -0.3887284 0.4078392
1403636648.913555384 0.2359414 8.7364076 -0.4254538 0.7846761 -0.2703320 -0.3825733 0.4060070
1403636648.963555574 0.2575652 8.7409710 -0.4221096 0.7868771 -0.2717014 -0.3787128 0.4044495
1403636649.013555527 0.2677675 8.7454535 -0.4126475 0.7872913 -0.2721286 -0.3769521 0.4050007
1403636649.063555479 0.2857904 8.7416896 -0.3993259 0.7854450 -0.2715344 -0.3784619 0.4075681
1403636649.113555431 0.3275366 8.7373513 -0.3991021 0.7817226 -0.2698943 -0.3825193 0.4120022
1403636649.163555622 0.3419160 8.7641950 -0.3805401 0.7773943 -0.2686329 -0.3877573 0.4160994
1403636649.213555574 0.3537887 8.7511034 -0.3761303 0.7738660 -0.2665115 -0.3917649 0.4202657
1403636649.263555527 0.3801717 8.7288480 -0.3585514 0.7711653 -0.2646308 -0.3952661 0.4231304
1403636649.313555479 0.4158849 8.7320679 -0.3532470 0.7705974 -0.2632599 -0.3966187 0.4237541
1403636649.363555670 0.4313105 8.7393587 -0.3218601 0.7716734 -0.2619094 -0.3964313 0.4228070
1403636649.413555384 0.4446010 8.7230805 -0.3223495 0.7734818 -0.2609373 -0.3956389 0.4208415
1403636649.463555574 0.4779687 8.7346028 -0.3005010 0.7761786 -0.2596492 -0.3939614 0.4182386
1403636649.513555527 0.4994198 8.7576339 -0.2896012 0.7765992 -0.2580878 -0.3951072 0.4173423
1403636649.563555479 0.5196841 8.7797587 -0.2630372 0.7754746 -0.2567957 -0.3981925 0.4172984
1403636649.613555431 0.5281814 8.7820331 -0.2318545 0.7737523 -0.2569717 -0.4013717 0.4173413
1403636649.663555622 0.5392896 8.7834554 -0.2234592 0.7708893 -0.2587611 -0.4045795 0.4184350
1403636649.713555574 0.5448233 8.7732640 -0.2019611 0.7686278 -0.2621149 -0.4055110 0.4196044
1403636649.763555527 0.5879057 8.7839434 -0.1835140 0.7664816 -0.2651099 -0.4045750 0.4225420
1403636649.813555479 0.5914681 8.7902702 -0.1648908 0.7649828 -0.2675574 -0.4030495 0.4251652
1403636649.863555670 0.5932070 8.7871290 -0.1449639 0.7632196 -0.2698010 -0.4017772 0.4281102
1403636649.913555384 0.6508332 8.7884682 -0.1294548 0.7620138 -0.2718226 -0.4003024 0.4303550
1403636649.963555574 0.6600185 8.8044325 -0.1395836 0.7610491 -0.2734554 -0.3986111 0.4325918
1403636650.013555527 0.6597054 8.8108203 -0.1273996 0.7604455 -0.2750410 -0.3968542 0.4342601
1403636650.063555479 0.6630691 8.8086675 -0.1151184 0.7591840 -0.2771603 -0.3961772 0.4357355
1403636650.113555431 0.6965861 8.7906623 -0.1163183 0.7576866 -0.2806752 -0.3946418 0.4374818
1403636650.163555622 0.7145050 8.8082665 -0.1041002 0.7555859 -0.2855506 -0.3921863 0.4401599
1403636650.213555574 0.7410306 8.8033010 -0.1245075 0.7534836 -0.2919464 -0.3875616 0.4436505
1403636650.263555527 0.7471837 8.7770508 -0.1103949 0.7506496 -0.3001529 -0.3823398 0.4474927
1403636650.313555479 0.7528500 8.7839302 -0.1080209 0.7473150 -0.3100327 -0.3769545 0.4508939
1403636650.363555670 0.7842893 8.7734544 -0.1107264 0.7440242 -0.3206215 -0.3700960 0.4545973
1403636650.413555384 0.7850064 8.7531048 -0.1152564 0.7407866 -0.3312018 -0.3624035 0.4584804
1403636650.463555574 0.8390922 8.7461249 -0.1171676 0.7377390 -0.3421756 -0.3539311 0.4619414
1403636650.513555527 0.8488496 8.7373481 -0.1210008 0.7349110 -0.3529074 -0.3455342 0.4647240
1403636650.563555479 0.8352295 8.7256470 -0.1274364 0.7324634 -0.3627893 -0.3383414 0.4662685
1403636650.613555431 0.8562197 8.7151991 -0.1289987 0.7302005 -0.3706963 -0.3321205 0.4680679
1403636650.663555622 0.8890177 8.7063555 -0.1318789 0.7279841 -0.3773140 -0.3272833 0.4696370
1403636650.713555574 0.8695656 8.6813819 -0.1398136 0.7261563 -0.3825983 -0.3222796 0.4716476
1403636650.763555527 0.8786557 8.6880462 -0.1533335 0.7239963 -0.3873717 -0.3193105 0.4730891
1403636650.813555479 0.8957831 8.6568024 -0.1465498 0.7217380 -0.3907756 -0.3172398 0.4751291
1403636650.863555670 0.8948558 8.6402202 -0.1428483 0.7190927 -0.3927219 -0.3161992 0.4782188
1403636650.913555384 0.8900552 8.6246752 -0.1453721 0.7158301 -0.3934081 -0.3166023 0.4822658
1403636650.963555574 0.9306992 8.6153210 -0.1471726 0.7130557 -0.3938235 -0.3176846 0.4853154
1403636651.013555527 0.9027532 8.6151263 -0.1470742 0.7109895 -0.3934718 -0.3183096 0.4882140
1403636651.063555479 0.9305220 8.6092204 -0.1339402 0.7099195 -0.3931017 -0.3187692 0.4897669
1403636651.113555431 0.9386056 8.5970360 -0.1414864 0.7090697 -0.3926320 -0.3199162 0.4906260
1403636651.163555622 0.9331436 8.5890370 -0.1272332 0.7094010 -0.3922892 -0.3197086 0.4905567
1403636651.213555574 0.9532139 8.5734362 -0.1222725 0.7108361 -0.3920426 -0.3194105 0.4888676
1403636651.263555527 0.9580027 8.5675202 -0.1141768 0.7126051 -0.3917815 -0.3185250 0.4870760
1403636651.313555479 0.9576029 8.5597924 -0.0994551 0.7148439 -0.3913136 -0.3175956 0.4847730
1403636651.363555670 0.9854398 8.5564133 -0.0825363 0.7169742 -0.3911793 -0.3171416 0.4820248
1403636651.413555384 0.9856051 8.5356936 -0.0808362 0.7185001 -0.3902330 -0.3169471 0.4806458
1403636651.463555574 0.9788146 8.5176216 -0.0833578 0.7197588 -0.3893024 -0.3175348 0.4791269
1403636651.513555527 0.9845597 8.5041032 -0.0783175 0.7201593 -0.3877306 -0.3185380 0.4791337
1403636651.563555479 0.9854924 8.5040187 -0.0615049 0.7192795 -0.3862597 -0.3212528 0.4798303
1403636651.613555431 1.0222200 8.4822282 -0.0751583 0.7179065 -0.3840683 -0.3239382 0.4818360
1403636651.663555622 0.9978726 8.4921893 -0.0671858 0.7163982 -0.3826396 -0.3269285 0.4831959
1403636651.713555574 1.0135633 8.4702167 -0.0745920 0.7151199 -0.3824923 -0.3296330 0.4833687
1403636651.763555527 1.0064831 8.4346123 -0.0735744 0.7129908 -0.3844514 -0.3322103 0.4831951
1403636651.813555479 1.0125879 8.4349196 -0.0840370 0.7098333 -0.3887773 -0.3347772 0.4826107
1403636651.863555670 1.0025544 8.4231029 -0.0817070 0.7058448 -0.3938027 -0.3360744 0.4834838
1403636651.913555384 0.9897512 8.4049727 -0.0757509 0.7016745 -0.4003333 -0.3352012 0.4847952
1403636651.963555574 1.0109772 8.3893396 -0.0875141 0.6969176 -0.4077099 -0.3327728 0.4871762
1403636652.013555527 1.0156059 8.3636455 -0.0821410 0.6917547 -0.4153229 -0.3282190 0.4911768
1403636652.063555479 0.9805819 8.3536978 -0.0892488 0.6873424 -0.4242013 -0.3202266 0.4950440
1403636652.113555431 0.9705753 8.3506483 -0.0903682 0.6833014 -0.4332500 -0.3092401 0.4997642
1403636652.163555622 0.9956539 8.3032685 -0.0994073 0.6785364 -0.4436889 -0.2969608 0.5045224
1403636652.213555574 0.9985034 8.3053479 -0.1073157 0.6732043 -0.4559990 -0.2837238 0.5082929
1403636652.263555527 1.0097522 8.2664709 -0.1178704 0.6672079 -0.4690870 -0.2710926 0.5111749
1403636652.313555479 0.9909690 8.2136061 -0.1357136 0.6618260 -0.4832781 -0.2574711 0.5119933
1403636652.363555670 1.0047888 8.2026085 -0.1515684 0.6560067 -0.4969653 -0.2451474 0.5124290
1403636652.413555384 1.0004256 8.1943207 -0.1546733 0.6500854 -0.5086424 -0.2345410 0.5134806
1403636652.463555574 0.9990103 8.1640419 -0.1723048 0.6444190 -0.5187691 -0.2264565 0.5141209
1403636652.513555527 0.9905799 8.1404339 -0.1899373 0.6397410 -0.5276011 -0.2195344 0.5139779
1403636652.563555479 0.9903487 8.1093437 -0.1933791 0.6361651 -0.5356735 -0.2130125 0.5128094
1403636652.613555431 0.9942780 8.1033321 -0.1955246 0.6340913 -0.5421136 -0.2070857 0.5110348
1403636652.663555622 0.9930589 8.0777925 -0.2153126 0.6332578 -0.5470829 -0.2010305 0.5091873
1403636652.713555574 1.0012696 8.0621584 -0.2072776 0.6325909 -0.5496299 -0.1955751 0.5093978
1403636652.763555527 0.9928123 8.0424688 -0.2089575 0.6313512 -0.5522750 -0.1936479 0.5088107
1403636652.813555479 1.0014401 8.0231141 -0.2109051 0.6304507 -0.5532629 -0.1917288 0.5095803
1403636652.863555670 1.0067619 7.9925246 -0.2074568 0.6291682 -0.5539976 -0.1914938 0.5104548
1403636652.913555384 1.0243595 7.9802913 -0.1953373 0.6282249 -0.5531787 -0.1915323 0.5124863
1403636652.963555574 1.0237408 7.9494916 -0.1981439 0.6275673 -0.5517639 -0.1916953 0.5147513
1403636653.013555527 1.0503289 7.9368920 -0.1825734 0.6270079 -0.5504338 -0.1923966 0.5165920
1403636653.063555479 1.0528448 7.9312097 -0.1867112 0.6269465 -0.5480090 -0.1926994 0.5191254
1403636653.113555431 1.0819571 7.8832034 -0.1688580 0.6260522 -0.5459062 -0.1947873 0.5216350
1403636653.163555622 1.0978466 7.8478935 -0.1857723 0.6253020 -0.5430182 -0.1965733 0.5248690
1403636653.213555574 1.1004985 7.8432411 -0.1788847 0.6238941 -0.5395500 -0.1992027 0.5291127
1403636653.263555527 1.1232022 7.8589525 -0.1872974 0.6223637 -0.5359209 -0.2022902 0.5334144
1403636653.313555479 1.1379960 7.8279104 -0.1815304 0.6217386 -0.5321035 -0.2042152 0.5372180
1403636653.363555670 1.1547255 7.8163827 -0.1783187 0.6219294 -0.5293747 -0.2062493 0.5389133
1403636653.413555384 1.1417449 7.8065598 -0.1825041 0.6228048 -0.5271614 -0.2077272 0.5395039
1403636653.463555574 1.1620074 7.7649499 -0.1750657 0.6240923 -0.5258124 -0.2087709 0.5389294
1403636653.513555527 1.1756473 7.7784870 -0.1874320 0.6255866 -0.5242957 -0.2097188 0.5383061
1403636653.563555479 1.1575577 7.7568887 -0.1705767 0.6269288 -0.5233426 -0.2109735 0.5371806
1403636653.613555431 1.1570546 7.7322363 -0.1549236 0.6267880 -0.5221421 -0.2129985 0.5377138
1403636653.663555622 1.1783036 7.7340523 -0.1535491 0.6266013 -0.5201608 -0.2148146 0.5391273
1403636653.713555574 1.1887515 7.7214007 -0.1345007 0.6261747 -0.5183002 -0.2161501 0.5408783
1403636653.763555527 1.1892262 7.7132064 -0.1270493 0.6253412 -0.5170538 -0.2177985 0.5423721
1403636653.813555479 1.1851888 7.7112308 -0.1301681 0.6253487 -0.5156019 -0.2184034 0.5435013
1403636653.863555670 1.2076977 7.6943830 -0.1321764 0.6250531 -0.5145491 -0.2186714 0.5447299
1403636653.913555384 1.2194097 7.6844220 -0.1253491 0.6250967 -0.5141992 -0.2188561 0.5449361
1403636653.963555574 1.2376242 7.6700155 -0.1118120 0.6253919 -0.5153727 -0.2197471 0.5431271
1403636654.013555527 1.2161456 7.6408638 -0.1131139 0.6255865 -0.5171535 -0.2207878 0.5407832
1403636654.063555479 1.2320228 7.6307834 -0.1313535 0.6254276 -0.5186003 -0.2221123 0.5390363
1403636654.113555431 1.2351184 7.5873640 -0.1350447 0.6243145 -0.5200300 -0.2225599 0.5387645
1403636654.163555622 1.2542955 7.6073042 -0.1207140 0.6218433 -0.5219807 -0.2224670 0.5397736
1403636654.213555574 1.2468817 7.5682642 -0.1326200 0.6190777 -0.5244004 -0.2207256 0.5413199
1403636654.263555527 1.2414256 7.5634102 -0.1219694 0.6169779 -0.5273081 -0.2164342 0.5426238
1403636654.313555479 1.2419163 7.5430291 -0.1351054 0.6141524 -0.5313186 -0.2116163 0.5438160
1403636654.363555670 1.2474580 7.5327104 -0.1371728 0.6111427 -0.5364894 -0.2062860 0.5441781
1403636654.413555384 1.2408261 7.5153058 -0.1318177 0.6075976 -0.5422832 -0.1999043 0.5447865
1403636654.463555574 1.2200108 7.5236183 -0.1297779 0.6032429 -0.5485553 -0.1938797 0.5455234
1403636654.513555527 1.2371757 7.5078027 -0.1100921 0.5982400 -0.5546648 -0.1868322 0.5473112
1403636654.563555479 1.2310166 7.4955618 -0.1131314 0.5927843 -0.5612181 -0.1797264 0.5489440
1403636654.613555431 1.2134335 7.5013710 -0.0952794 0.5881679 -0.5682480 -0.1741990 0.5484591
1403636654.663555622 1.2045054 7.4965171 -0.0863015 0.5835240 -0.5756470 -0.1707578 0.5467834
1403636654.713555574 1.1929868 7.4386308 -0.0880788 0.5799654 -0.5809708 -0.1665121 0.5462480
1403636654.763555527 1.1698752 7.4423095 -0.0763670 0.5771242 -0.5854597 -0.1627520 0.5455973
1403636654.813555479 1.1553606 7.4267870 -0.0842061 0.5744413 -0.5888556 -0.1588952 0.5459108
1403636654.863555670 1.1683829 7.3962623 -0.0776481 0.5723600 -0.5916074 -0.1555359 0.5460891
1403636654.913555384 1.1467745 7.3934867 -0.0846197 0.5699868 -0.5934726 -0.1530405 0.5472513
1403636654.963555574 1.1492670 7.3917550 -0.0740150 0.5669392 -0.5932226 -0.1513689 0.5511391
1403636655.013555527 1.1585696 7.3688618 -0.0761738 0.5630949 -0.5926054 -0.1515166 0.5556850
1403636655.063555479 1.1404391 7.3929089 -0.0720472 0.5597900 -0.5919634 -0.1521901 0.5595110
1403636655.113555431 1.1239474 7.3466025 -0.0745992 0.5572156 -0.5915943 -0.1527540 0.5623105
1403636655.163555622 1.1333977 7.3421599 -0.0916293 0.5551333 -0.5908037 -0.1530104 0.5651246
1403636655.213555574 1.1231529 7.3090561 -0.0849223 0.5532158 -0.5905691 -0.1545482 0.5668291
1403636655.263555527 1.1101923 7.3085587 -0.0894858 0.5504927 -0.5915362 -0.1552371 0.5682818
1403636655.313555479 1.1150122 7.2847584 -0.0934702 0.5477006 -0.5929659 -0.1545616 0.5696720
1403636655.363555670 1.1037454 7.2744847 -0.1011624 0.5439470 -0.5955354 -0.1539622 0.5707494
1403636655.413555384 1.1065311 7.2664024 -0.1079067 0.5403395 -0.5981721 -0.1532182 0.5716184
1403636655.463555574 1.0840154 7.2422627 -0.1228213 0.5370232 -0.6005338 -0.1507174 0.5729307
1403636655.513555527 1.0771546 7.2441518 -0.1077804 0.5334573 -0.6041955 -0.1473354 0.5732917
1403636655.563555479 1.0475207 7.2189432 -0.1026596 0.5309591 -0.6098852 -0.1430834 0.5706572
1403636655.613555431 1.0314928 7.2259319 -0.1012967 0.5286472 -0.6172250 -0.1376980 0.5662197
1403636655.663555622 1.0344494 7.2006898 -0.1065044 0.5257202 -0.6247884 -0.1335128 0.5616334
1403636655.713555574 1.0231364 7.1729695 -0.1294251 0.5232860 -0.6314015 -0.1298129 0.5573620
1403636655.763555527 1.0191876 7.1659982 -0.1186146 0.5204870 -0.6369957 -0.1251708 0.5546729
1403636655.813555479 0.9986029 7.1560478 -0.1201208 0.5161019 -0.6426637 -0.1210423 0.5531464
1403636655.863555670 0.9799911 7.1295570 -0.1332036 0.5107069 -0.6488117 -0.1165727 0.5519353
1403636655.913555384 0.9675132 7.1456647 -0.1583595 0.5040851 -0.6551474 -0.1117223 0.5515417
1403636655.963555574 0.9661480 7.1062755 -0.1607018 0.4968352 -0.6609436 -0.1065161 0.5522342
1403636656.013555527 0.9574166 7.0775759 -0.1639541 0.4902475 -0.6656442 -0.1025178 0.5532317
1403636656.063555479 0.9413383 7.0687988 -0.1901417 0.4845490 -0.6694160 -0.0977539 0.5545617
1403636656.113555431 0.9099038 7.0321134 -0.1878881 0.4809408 -0.6723647 -0.0923914 0.5550545
1403636656.163555622 0.9204703 7.0031136 -0.1905550 0.4779538 -0.6747531 -0.0878412 0.5554748
1403636656.213555574 0.8777803 6.9957073 -0.1925905 0.4769172 -0.6765081 -0.0822019 0.5550942
1403636656.263555527 0.8653084 6.9884491 -0.1949945 0.4754096 -0.6782158 -0.0792001 0.5547399
1403636656.313555479 0.8558672 6.9569607 -0.1987039 0.4746825 -0.6797457 -0.0765597 0.5538600
1403636656.363555670 0.8260061 6.9399542 -0.1872575 0.4736907 -0.6810842 -0.0755143 0.5532080
1403636656.413555384 0.8306699 6.8952150 -0.1764117 0.4738156 -0.6815946 -0.0742241 0.5526466
1403636656.463555574 0.7971510 6.8887731 -0.1784351 0.4734720 -0.6819433 -0.0740235 0.5525380
1403636656.513555527 0.7759421 6.8577498 -0.1708069 0.4743347 -0.6816386 -0.0730899 0.5522982
1403636656.563555479 0.7512489 6.8329040 -0.1632023 0.4749793 -0.6803395 -0.0724322 0.5534315
1403636656.613555431 0.7595491 6.8150277 -0.1627322 0.4753189 -0.6786690 -0.0724554 0.5551851
1403636656.663555622 0.7543411 6.7798036 -0.1487574 0.4744402 -0.6760978 -0.0736553 0.5589036
1403636656.713555574 0.7703187 6.7951062 -0.1447820 0.4722014 -0.6720669 -0.0761492 0.5652904
1403636656.763555527 0.7491315 6.7416440 -0.1589863 0.4702556 -0.6681160 -0.0782872 0.5712722
1403636656.813555479 0.7492526 6.7311747 -0.1507364 0.4698196 -0.6644328 -0.0785855 0.5758672
1403636656.863555670 0.7266742 6.6967859 -0.1370805 0.4702787 -0.6614819 -0.0781687 0.5789381
1403636656.913555384 0.7267537 6.6896169 -0.1488393 0.4702774 -0.6590676 -0.0789045 0.5815868
1403636656.963555574 0.7118633 6.6658360 -0.1512082 0.4702212 -0.6576225 -0.0803427 0.5830692
1403636657.013555527 0.6854227 6.6589839 -0.1522199 0.4696867 -0.6568267 -0.0825780 0.5840839
1403636657.063555479 0.6646880 6.6089430 -0.1532490 0.4690606 -0.6564075 -0.0849105 0.5847235
1403636657.113555431 0.6507721 6.5978438 -0.1540160 0.4684749 -0.6564624 -0.0874466 0.5847576
1403636657.163555622 0.6446810 6.5689961 -0.1590302 0.4676574 -0.6568146 -0.0901188 0.5846107
1403636657.213555574 0.6410303 6.5436412 -0.1746581 0.4673451 -0.6576972 -0.0925248 0.5834913
1403636657.263555527 0.6182015 6.5255817 -0.1739229 0.4680691 -0.6593926 -0.0935186 0.5808330
1403636657.313555479 0.6153104 6.5072519 -0.1714995 0.4690182 -0.6607894 -0.0935558 0.5784692
1403636657.363555670 0.5917396 6.5050676 -0.1765057 0.4696679 -0.6629489 -0.0940859 0.5753770
1403636657.413555384 0.5634795 6.4553554 -0.1774326 0.4704036 -0.6662186 -0.0949713 0.5708359
1403636657.463555574 0.5501362 6.4375233 -0.1880568 0.4717260 -0.6693767 -0.0952221 0.5659878
1403636657.513555527 0.5222855 6.4221487 -0.1714889 0.4726450 -0.6721404 -0.0957849 0.5618356
1403636657.563555479 0.5143923 6.4176196 -0.1867143 0.4737145 -0.6737920 -0.0950299 0.5590780
1403636657.613555431 0.4685724 6.3962295 -0.1868745 0.4742294 -0.6744784 -0.0945167 0.5578997
1403636657.663555622 0.4477177 6.3798417 -0.1977706 0.4743939 -0.6746643 -0.0943601 0.5575613
1403636657.713555574 0.4433154 6.3631478 -0.2009722 0.4736559 -0.6746997 -0.0945797 0.5581085
1403636657.763555527 0.4341973 6.3559685 -0.2088225 0.4719410 -0.6756597 -0.0944281 0.5584255
1403636657.813555479 0.3801689 6.3163305 -0.2156045 0.4700779 -0.6774123 -0.0945431 0.5578539
1403636657.863555670 0.3704399 6.2819094 -0.2241725 0.4676917 -0.6803225 -0.0963965 0.5559977
1403636657.913555384 0.3607989 6.2801354 -0.2270639 0.4658590 -0.6836998 -0.0981636 0.5530768
1403636657.963555574 0.3509046 6.2493707 -0.2482197 0.4647205 -0.6862351 -0.0988105 0.5507746
1403636658.013555527 0.3171988 6.2084905 -0.2639949 0.4645949 -0.6871207 -0.0974703 0.5500148
1403636658.063555479 0.2908625 6.2079505 -0.2595570 0.4657383 -0.6873114 -0.0941652 0.5493849
1403636658.113555431 0.2636386 6.1604591 -0.2695763 0.4675507 -0.6854249 -0.0888792 0.5510804
1403636658.163555622 0.2488647 6.1273254 -0.2520083 0.4694031 -0.6842537 -0.0838935 0.5517422
1403636658.213555574 0.2336074 6.0797422 -0.2592107 0.4705659 -0.6830703 -0.0797696 0.5528287
1403636658.263555527 0.2103441 6.0599363 -0.2589276 0.4726065 -0.6813757 -0.0746626 0.5538915
1403636658.313555479 0.2080290 6.0374348 -0.2520917 0.4737026 -0.6807479 -0.0716217 0.5541286
1403636658.363555670 0.1976910 6.0047051 -0.2523596 0.4745013 -0.6804402 -0.0691020 0.5541430
1403636658.413555384 0.1690479 5.9495289 -0.2703190 0.4754093 -0.6802725 -0.0670173 0.5538267
1403636658.463555574 0.1718428 5.9187673 -0.2690722 0.4766817 -0.6796953 -0.0640457 0.5537933
1403636658.513555527 0.1588572 5.8896902 -0.2702018 0.4782030 -0.6787486 -0.0609585 0.5539912
1403636658.563555479 0.1218852 5.8702919 -0.2701307 0.4800429 -0.6770746 -0.0568673 0.5548827
1403636658.613555431 0.1274806 5.8454441 -0.2821965 0.4814624 -0.6756840 -0.0538810 0.5556455
1403636658.663555622 0.0939969 5.8095449 -0.2778761 0.4821307 -0.6748908 -0.0521921 0.5561909
1403636658.713555574 0.0722143 5.7987564 -0.3016848 0.4824169 -0.6737227 -0.0507833 0.5574878
1403636658.763555527 0.0655789 5.7457062 -0.3146744 0.4827980 -0.6718529 -0.0488657 0.5595819
1403636658.813555479 0.0643608 5.7396321 -0.3030409 0.4831959 -0.6690050 -0.0461770 0.5628692
1403636658.863555670 0.0245688 5.7119193 -0.3116343 0.4826837 -0.6668315 -0.0451187 0.5659651
1403636658.913555384 0.0124465 5.6876302 -0.3213794 0.4804050 -0.6659910 -0.0471974 0.5687174
1403636658.963555574 -0.0088344 5.6284361 -0.3363954 0.4773768 -0.6660727 -0.0510468 0.5708351
1403636659.013555527 0.0074099 5.6335939 -0.3312551 0.4747380 -0.6663303 -0.0546379 0.5724006
1403636659.063555479 0.0100531 5.5947588 -0.3483963 0.4718935 -0.6653578 -0.0575760 0.5755871
1403636659.113555431 -0.0238782 5.6247178 -0.3629526 0.4703608 -0.6648609 -0.0593919 0.5772290
1403636659.163555622 -0.0173912 5.5739515 -0.3710475 0.4688481 -0.6643603 -0.0609716 0.5788689
1403636659.213555574 -0.0191272 5.5594026 -0.3919094 0.4680785 -0.6638368 -0.0620264 0.5799793
1403636659.263555527 -0.0478853 5.5302940 -0.3913480 0.4677986 -0.6640461 -0.0626915 0.5798940
1403636659.313555479 -0.0442517 5.5178672 -0.3891306 0.4688462 -0.6649955 -0.0623290 0.5779959
1403636659.363555670 -0.0823498 5.4758305 -0.4136256 0.4700862 -0.6665534 -0.0618416 0.5752400
1403636659.413555384 -0.0914617 5.4644955 -0.4087078 0.4723796 -0.6681784 -0.0604510 0.5716125
1403636659.463555574 -0.0835930 5.4500843 -0.4141088 0.4747093 -0.6700625 -0.0591453 0.5675995
1403636659.513555527 -0.1061878 5.4423588 -0.4215587 0.4757548 -0.6702216 -0.0574592 0.5667087
1403636659.563555479 -0.1022345 5.4029556 -0.4264366 0.4751986 -0.6712552 -0.0586096 0.5658336
1403636659.613555431 -0.1320990 5.4059157 -0.4221040 0.4749552 -0.6702173 -0.0575679 0.5673732
1403636659.663555622 -0.1266605 5.3880002 -0.4354613 0.4739919 -0.6695458 -0.0572201 0.5690044
1403636659.713555574 -0.1253788 5.3779738 -0.4437293 0.4731143 -0.6688391 -0.0567368 0.5706120
1403636659.763555527 -0.1321086 5.3707319 -0.4500384 0.4719267 -0.6683708 -0.0564868 0.5721668
1403636659.813555479 -0.1483742 5.3846869 -0.4775001 0.4714842 -0.6682555 -0.0557298 0.5727402
1403636659.863555670 -0.1368597 5.3658052 -0.4597368 0.4704937 -0.6689015 -0.0559295 0.5727813
1403636659.913555384 -0.1542753 5.3289029 -0.4800225 0.4706707 -0.6699780 -0.0553816 0.5714293
1403636659.963555574 -0.1475727 5.3359491 -0.5010947 0.4718485 -0.6719846 -0.0534303 0.5682789
1403636660.013555527 -0.1674851 5.3209276 -0.4981253 0.4729769 -0.6741803 -0.0524862 0.5648176
1403636660.063555479 -0.1812512 5.3005807 -0.5211844 0.4740043 -0.6767318 -0.0513776 0.5609941
1403636660.113555431 -0.1584319 5.3109096 -0.5410036 0.4751669 -0.6785354 -0.0498843 0.5579585
1403636660.163555622 -0.1857483 5.3116420 -0.5648272 0.4761996 -0.6800582 -0.0488612 0.5553084
1403636660.213555574 -0.1873895 5.3191503 -0.5683701 0.4763300 -0.6806686 -0.0488349 0.5544504
1403636660.263555527 -0.1818854 5.3034248 -0.5812567 0.4773562 -0.6822785 -0.0477265 0.5516786
1403636660.313555479 -0.2004040 5.3007390 -0.5919325 0.4788067 -0.6838589 -0.0464835 0.5485622
1403636660.363555670 -0.1919721 5.2987346 -0.6003335 0.4814762 -0.6868056 -0.0446089 0.5426681
1403636660.413555384 -0.2170171 5.2737345 -0.6157464 0.4834706 -0.6897991 -0.0434873 0.5371613
1403636660.463555574 -0.1919677 5.2774465 -0.6150417 0.4845478 -0.6912879 -0.0429887 0.5343094
1403636660.513555527 -0.2259330 5.2922367 -0.6296733 0.4851073 -0.6910075 -0.0424829 0.5342047
1403636660.563555479 -0.2326476 5.2671060 -0.6289477 0.4840781 -0.6889329 -0.0425308 0.5378020
1403636660.613555431 -0.2278811 5.2554135 -0.6443593 0.4822080 -0.6853322 -0.0431186 0.5440000
1403636660.663555622 -0.2277831 5.2567927 -0.6628939 0.4802512 -0.6806848 -0.0431610 0.5515109
1403636660.713555574 -0.2123541 5.2594686 -0.6666920 0.4786034 -0.6759227 -0.0426569 0.5587913
1403636660.763555527 -0.1971876 5.2527114 -0.6764730 0.4777664 -0.6709138 -0.0408743 0.5656352
1403636660.813555479 -0.2052782 5.2511274 -0.6870154 0.4780045 -0.6665420 -0.0381556 0.5707693
1403636660.863555670 -0.1830664 5.2517024 -0.7009120 0.4788519 -0.6626780 -0.0350467 0.5747438
1403636660.913555384 -0.1811965 5.2354886 -0.7220214 0.4788932 -0.6602914 -0.0335216 0.5775403
1403636660.963555574 -0.1778006 5.2486412 -0.7390131 0.4778874 -0.6600572 -0.0350760 0.5785479
1403636661.013555527 -0.1758859 5.2346165 -0.7531849 0.4760728 -0.6608075 -0.0383590 0.5789791
1403636661.063555479 -0.1576012 5.2533420 -0.7787140 0.4739868 -0.6616684 -0.0416761 0.5794778
1403636661.113555431 -0.1388954 5.2225181 -0.7986079 0.4720789 -0.6624709 -0.0448828 0.5798787
1403636661.163555622 -0.1598822 5.2342042 -0.8122266 0.4704126 -0.6635121 -0.0476233 0.5798238
1403636661.213555574 -0.1137563 5.2591942 -0.8305878 0.4685956 -0.6635990 -0.0500679 0.5809886
1403636661.263555527 -0.1409664 5.2737739 -0.8514360 0.4679504 -0.6647279 -0.0515557 0.5800872
1403636661.313555479 -0.1239765 5.2770797 -0.8681293 0.4670588 -0.6647390 -0.0528901 0.5806727
1403636661.363555670 -0.1017512 5.3008924 -0.8943045 0.4667277 -0.6648534 -0.0534999 0.5807520
1403636661.413555384 -0.0944491 5.3228014 -0.8993960 0.4668195 -0.6646070 -0.0534656 0.5809635
1403636661.463555574 -0.0825928 5.3126090 -0.9138133 0.4665412 -0.6650060 -0.0541699 0.5806651
1403636661.513555527 -0.0860703 5.3418774 -0.9258800 0.4669313 -0.6657451 -0.0545574 0.5794671
1403636661.563555479 -0.0707773 5.3560955 -0.9370296 0.4667086 -0.6667578 -0.0562335 0.5783208
1403636661.613555431 -0.0750686 5.3411290 -0.9387932 0.4666941 -0.6682780 -0.0576794 0.5764324
1403636661.663555622 -0.0766142 5.3679193 -0.9515425 0.4660515 -0.6683455 -0.0592383 0.5767158
1403636661.713555574 -0.0813994 5.3789645 -0.9494921 0.4657231 -0.6677157 -0.0597849 0.5776534
1403636661.763555527 -0.0820265 5.3920972 -0.9438337 0.4629748 -0.6688198 -0.0641317 0.5781190
1403636661.813555479 -0.1034024 5.4230936 -0.9477020 0.4606766 -0.6700281 -0.0688486 0.5780132
1403636661.863555670 -0.1089932 5.4255102 -0.9492420 0.4591632 -0.6702752 -0.0720255 0.5785435
1403636661.913555384 -0.1120847 5.4499904 -0.9447170 0.4582572 -0.6702962 -0.0734026 0.5790643
1403636661.963555574 -0.1191199 5.4619241 -0.9429339 0.4581543 -0.6701548 -0.0747445 0.5791376
1403636662.013555527 -0.1292713 5.4606628 -0.9344002 0.4581961 -0.6697196 -0.0746236 0.5796234
1403636662.063555479 -0.0938201 5.4709231 -0.9367854 0.4584080 -0.6690109 -0.0741222 0.5803383
1403636662.113555431 -0.1033038 5.4833355 -0.9317828 0.4588839 -0.6684487 -0.0736266 0.5806728
1403636662.163555622 -0.1244966 5.4911819 -0.9238041 0.4608394 -0.6678857 -0.0705820 0.5801499
1403636662.213555574 -0.1451093 5.4977992 -0.9033394 0.4634812 -0.6669812 -0.0662572 0.5795958
1403636662.263555527 -0.1634171 5.5160715 -0.9060298 0.4663400 -0.6656328 -0.0611797 0.5794110
1403636662.313555479 -0.1599576 5.5200586 -0.9056837 0.4682142 -0.6653541 -0.0576123 0.5785846
1403636662.363555670 -0.1566646 5.5238183 -0.9084677 0.4701925 -0.6653542 -0.0542386 0.5773050
1403636662.413555384 -0.1788356 5.5332060 -0.9038275 0.4716484 -0.6665840 -0.0519852 0.5749010
1403636662.463555574 -0.1833647 5.5482880 -0.8950419 0.4735137 -0.6689006 -0.0501789 0.5708229
1403636662.513555527 -0.1874909 5.5614117 -0.9104558 0.4750857 -0.6713946 -0.0490735 0.5666699
1403636662.563555479 -0.2114701 5.5564425 -0.9010800 0.4750942 -0.6741329 -0.0498970 0.5633299
1403636662.613555431 -0.2269463 5.5768917 -0.9131771 0.4730644 -0.6776037 -0.0541605 0.5604729
1403636662.663555622 -0.2173530 5.5928890 -0.9211438 0.4685184 -0.6815920 -0.0611902 0.5587295
1403636662.713555574 -0.1003617 5.2694406 -0.9660990 0.4640730 -0.6842411 -0.0680009 0.5584140
1403636662.763555527 -0.1026232 5.2927622 -0.9661743 0.4602911 -0.6857688 -0.0732309 0.5590084
1403636662.813555479 -0.1195323 5.2756655 -0.9639978 0.4571733 -0.6871063 -0.0767940 0.5594463
1403636662.863555670 -0.1219807 5.3152337 -0.9828879 0.4567188 -0.6885627 -0.0780948 0.5578446
1403636662.913555384 -0.1102377 5.3169980 -0.9808764 0.4584500 -0.6897451 -0.0758753 0.5552642
1403636662.963555574 -0.1349331 5.3369078 -0.9957376 0.4594826 -0.6915300 -0.0751554 0.5522804
1403636663.013555527 -0.1388090 5.3578875 -1.0112295 0.4592063 -0.6944010 -0.0768637 0.5486609
1403636663.063555479 -0.1380632 5.3535212 -1.0135579 0.4579455 -0.6974717 -0.0797472 0.5453985
1403636663.113555431 -0.1465131 5.3464661 -1.0288649 0.4566843 -0.6998496 -0.0826709 0.5429692
1403636663.163555622 -0.1591329 5.3644334 -1.0317601 0.4568735 -0.7016523 -0.0832649 0.5403865
1403636663.213555574 -0.1372991 5.3641669 -1.0426063 0.4587319 -0.7007954 -0.0791393 0.5405439
1403636663.263555527 -0.1186360 5.3636586 -1.0360141 0.4642064 -0.6969433 -0.0695178 0.5421714
1403636663.313555479 -0.1368995 5.3778164 -1.0653354 0.4692840 -0.6940813 -0.0608924 0.5425088
1403636663.363555670 -0.1341267 5.3645689 -1.0656857 0.4740731 -0.6918118 -0.0528790 0.5420839
1403636663.413555384 -0.1246502 5.3570068 -1.0675737 0.4788023 -0.6905273 -0.0460968 0.5401810
1403636663.463555574 -0.1188241 5.3458413 -1.0823956 0.4822927 -0.6901979 -0.0417090 0.5378485
1403636663.513555527 -0.1200254 5.3655047 -1.0975857 0.4852394 -0.6902631 -0.0373963 0.5354261
1403636663.563555479 -0.1199053 5.3735064 -1.1049483 0.4872142 -0.6902659 -0.0348686 0.5337972
1403636663.613555431 -0.1199488 5.3475314 -1.1131671 0.4882027 -0.6906366 -0.0341799 0.5324574
1403636663.663555622 -0.1379497 5.3553262 -1.1319815 0.4892266 -0.6906982 -0.0331114 0.5315044
1403636663.713555574 -0.1225469 5.3526648 -1.1430535 0.4914427 -0.6886953 -0.0295640 0.5322677
1403636663.763555527 -0.1010850 5.3795456 -1.1477786 0.4935915 -0.6858401 -0.0260295 0.5341473
1403636663.813555479 -0.1198331 5.3558411 -1.1542145 0.4957872 -0.6811880 -0.0215343 0.5382511
1403636663.863555670 -0.1223100 5.3566657 -1.1760444 0.4977506 -0.6762757 -0.0177639 0.5427522
1403636663.913555384 -0.0792300 5.3786975 -1.1851950 0.4982451 -0.6725753 -0.0163717 0.5469244
1403636663.963555574 -0.0524502 5.3615358 -1.1834759 0.4988172 -0.6670192 -0.0142972 0.5532291
1403636664.013555527 -0.0432313 5.3442810 -1.1914538 0.4987405 -0.6617767 -0.0128472 0.5595932
1403636664.063555479 -0.0015236 5.3651483 -1.1839306 0.4978999 -0.6591729 -0.0142587 0.5633680
1403636664.113555431 0.0273279 5.3709389 -1.1944390 0.4960608 -0.6579936 -0.0184678 0.5662393
1403636664.163555622 0.0597330 5.3883460 -1.1857549 0.4932452 -0.6575326 -0.0239729 0.5690214
1403636664.213555574 0.0694850 5.4037149 -1.1923650 0.4902194 -0.6570272 -0.0305089 0.5718998
1403636664.263555527 0.1217541 5.3967733 -1.1924826 0.4875454 -0.6561457 -0.0363497 0.5748487
1403636664.313555479 0.1223083 5.4310796 -1.1935876 0.4853769 -0.6557376 -0.0416356 0.5767875
1403636664.363555670 0.1393546 5.4370134 -1.1895874 0.4844655 -0.6552179 -0.0454691 0.5778541
1403636664.413555384 0.1754566 5.4659864 -1.2005389 0.4837633 -0.6544888 -0.0490420 0.5789753
1403636664.463555574 0.1862800 5.4781922 -1.2111604 0.4838546 -0.6540693 -0.0519058 0.5791234
1403636664.513555527 0.2235306 5.4855062 -1.2201700 0.4835473 -0.6529920 -0.0550408 0.5803051
1403636664.563555479 0.2171246 5.5279252 -1.2452303 0.4834744 -0.6524820 -0.0587736 0.5805734
1403636664.613555431 0.2620554 5.5349452 -1.2438494 0.4815535 -0.6534577 -0.0659561 0.5803009
1403636664.663555622 0.2668593 5.5724031 -1.2471526 0.4813304 -0.6531781 -0.0699460 0.5803335
1403636664.713555574 0.2888365 5.5891785 -1.2623488 0.4812119 -0.6542242 -0.0744625 0.5786892
1403636664.763555527 0.3342742 5.6205843 -1.2705814 0.4844700 -0.6534156 -0.0728533 0.5770870
1403636664.813555479 0.3528573 5.6617259 -1.2842573 0.4877854 -0.6520192 -0.0707626 0.5761327
1403636664.863555670 0.3651729 5.7064697 -1.2885012 0.4896743 -0.6511334 -0.0712495 0.5754719
1403636664.913555384 0.3921928 5.7051991 -1.2944997 0.4901932 -0.6509492 -0.0732610 0.5749857
1403636664.963555574 0.3999149 5.7249450 -1.2978287 0.4923582 -0.6517299 -0.0735427 0.5722089
1403636665.013555527 0.4259373 5.7627320 -1.2975976 0.4938271 -0.6535723 -0.0753034 0.5686014
1403636665.063555479 0.4469478 5.7833190 -1.2900721 0.4963518 -0.6554933 -0.0750657 0.5642061
1403636665.113555431 0.4648735 5.7958773 -1.2925685 0.4982099 -0.6571473 -0.0759160 0.5605186
1403636665.163555622 0.4791845 5.8121210 -1.3046502 0.4996611 -0.6583562 -0.0759019 0.5578035
1403636665.213555574 0.4957348 5.8413569 -1.2899952 0.4986345 -0.6600047 -0.0800542 0.5561913
1403636665.263555527 0.4990381 5.8652472 -1.2797872 0.4948193 -0.6608645 -0.0861278 0.5576684
1403636665.313555479 0.4955173 5.8801897 -1.2854426 0.4919026 -0.6601186 -0.0899758 0.5605173
1403636665.363555670 0.5324298 5.9312547 -1.2777288 0.4907527 -0.6595644 -0.0916645 0.5619023
1403636665.413555384 0.5555669 5.9565175 -1.2818026 0.4912564 -0.6582967 -0.0900007 0.5632161
1403636665.463555574 0.5594217 5.9621825 -1.2631592 0.4936212 -0.6569368 -0.0854165 0.5634503
1403636665.513555527 0.5788883 5.9977351 -1.2481345 0.4965933 -0.6555208 -0.0794675 0.5633582
1403636665.563555479 0.5888881 6.0167845 -1.2438633 0.4988766 -0.6535061 -0.0738570 0.5644441
1403636665.613555431 0.6035358 6.0207319 -1.2631205 0.5013184 -0.6529207 -0.0694343 0.5635187
1403636665.663555622 0.6273633 6.0562060 -1.2488705 0.5019684 -0.6525062 -0.0666912 0.5637514
1403636665.713555574 0.6396909 6.0805983 -1.2354851 0.5015009 -0.6516435 -0.0650299 0.5653571
1403636665.763555527 0.6828698 6.1122888 -1.2448039 0.5002515 -0.6502269 -0.0640387 0.5682010
1403636665.813555479 0.7037405 6.1467450 -1.2349909 0.4979775 -0.6499855 -0.0648019 0.5703841
1403636665.863555670 0.7200148 6.1791694 -1.2205415 0.4926285 -0.6516548 -0.0715415 0.5723155
1403636665.913555384 0.7427464 6.2032151 -1.2186848 0.4873811 -0.6545264 -0.0787487 0.5725849
1403636665.963555574 0.7280791 6.2046229 -1.2001468 0.4828215 -0.6575273 -0.0851095 0.5720992
1403636666.013555527 0.7489313 6.2451958 -1.1995396 0.4798726 -0.6603125 -0.0894173 0.5707138
1403636666.063555479 0.7823763 6.2565904 -1.1974247 0.4783383 -0.6616987 -0.0916542 0.5700412
1403636666.113555431 0.8211714 6.3041369 -1.2030108 0.4785325 -0.6610245 -0.0902731 0.5708801
1403636666.163555622 0.8283368 6.3487984 -1.1950032 0.4798510 -0.6591198 -0.0864827 0.5725599
1403636666.213555574 0.8318496 6.3792786 -1.1985224 0.4802754 -0.6575691 -0.0849040 0.5742210
1403636666.263555527 0.8444764 6.3846511 -1.1884519 0.4802910 -0.6571473 -0.0848105 0.5747044
1403636666.313555479 0.8685005 6.4069866 -1.1922302 0.4789978 -0.6570509 -0.0862562 0.5756778
1403636666.363555670 0.8728925 6.4428519 -1.1909351 0.4776339 -0.6571964 -0.0891853 0.5761985
1403636666.413555384 0.8948488 6.4684691 -1.1953149 0.4766652 -0.6586787 -0.0921566 0.5748389
1403636666.463555574 0.9122649 6.4545295 -1.1926885 0.4766105 -0.6600856 -0.0943381 0.5729134
1403636666.513555527 0.9197461 6.5040140 -1.2020524 0.4775940 -0.6607510 -0.0952530 0.5711733
1403636666.563555479 0.9280775 6.5054585 -1.2016526 0.4800564 -0.6609530 -0.0932554 0.5692016
1403636666.613555431 0.9277795 6.5471217 -1.2047419 0.4834571 -0.6609776 -0.0906780 0.5667057
1403636666.663555622 0.9312993 6.5599402 -1.2057732 0.4873788 -0.6601207 -0.0866906 0.5649666
1403636666.713555574 0.9554180 6.5744771 -1.1980267 0.4914118 -0.6604220 -0.0833964 0.5616069
1403636666.763555527 0.9643867 6.6174359 -1.1950687 0.4949387 -0.6610635 -0.0810362 0.5580895
1403636666.813555479 0.9538693 6.6145572 -1.1939274 0.4969117 -0.6625505 -0.0810733 0.5545564
1403636666.863555670 0.9684818 6.6494331 -1.1866014 0.4980427 -0.6657986 -0.0829509 0.5493495
1403636666.913555384 0.9764657 6.6627718 -1.1790439 0.4965995 -0.6717301 -0.0898605 0.5423032
1403636666.963555574 0.9607251 6.6932998 -1.1807303 0.4946640 -0.6770985 -0.0966180 0.5361997
1403636667.013555527 0.9773413 6.7180194 -1.1779919 0.4931279 -0.6788750 -0.1002898 0.5346919
1403636667.063555479 0.9886372 6.7319313 -1.1710830 0.4921717 -0.6783757 -0.1018524 0.5359099
1403636667.113555431 1.0040843 6.7445337 -1.1742698 0.4918996 -0.6731427 -0.0991526 0.5432149
1403636667.163555622 1.0094058 6.7650508 -1.1628778 0.4923116 -0.6657653 -0.0944098 0.5526958
1403636667.213555574 1.0204906 6.7807913 -1.1677270 0.4925313 -0.6596475 -0.0906101 0.5604175
1403636667.263555527 1.0376775 6.7921895 -1.1719353 0.4937648 -0.6537390 -0.0856704 0.5669940
1403636667.313555479 1.0336255 6.7952633 -1.1754510 0.4949494 -0.6499055 -0.0824271 0.5708360
1403636667.363555670 1.0383286 6.8148140 -1.1950879 0.4951585 -0.6478760 -0.0815042 0.5730897
1403636667.413555384 1.0229249 6.8318193 -1.1954182 0.4960478 -0.6474254 -0.0804563 0.5729779
1403636667.463555574 1.0615794 6.8534301 -1.2035770 0.4980226 -0.6484148 -0.0795184 0.5702706
1403636667.513555527 1.0792231 6.8641936 -1.2157465 0.4996894 -0.6502579 -0.0793147 0.5667313
1403636667.563555479 1.0803016 6.8865639 -1.2180236 0.5007524 -0.6541009 -0.0810793 0.5610929
1403636667.613555431 1.0743779 6.8903257 -1.2262421 0.5006703 -0.6583606 -0.0839465 0.5557369
1403636667.663555622 1.0681511 6.9029626 -1.2269596 0.5004241 -0.6615900 -0.0869868 0.5516409
1403636667.713555574 1.0850032 6.9088041 -1.2227489 0.4993619 -0.6636602 -0.0898695 0.5496511
1403636667.763555527 1.0884045 6.9271587 -1.2281601 0.4983720 -0.6642993 -0.0915062 0.5495073
1403636667.813555479 1.1175333 6.9215107 -1.2213128 0.4972525 -0.6642939 -0.0924608 0.5503677
1403636667.863555670 1.1373819 6.9590095 -1.2237404 0.4963476 -0.6646829 -0.0932072 0.5505889
1403636667.913555384 1.1442954 6.9558936 -1.2218521 0.4953160 -0.6651646 -0.0939665 0.5508071
1403636667.963555574 1.1710016 6.9958863 -1.2162035 0.4955642 -0.6657343 -0.0933305 0.5500030
1403636668.013555527 1.1809378 6.9957727 -1.2195574 0.4950442 -0.6656355 -0.0930415 0.5506396
1403636668.063555479 1.1698175 7.0051101 -1.2213309 0.4954266 -0.6647577 -0.0902734 0.5518156
1403636668.113555431 1.1950540 7.0510176 -1.2235528 0.4958812 -0.6638066 -0.0872838 0.5530318
1403636668.163555622 1.2012768 7.0575540 -1.2304638 0.4964924 -0.6630565 -0.0838672 0.5539113
1403636668.213555574 1.2141381 7.0600297 -1.2284196 0.4974805 -0.6632935 -0.0805404 0.5532342
1403636668.263555527 1.2438180 7.0645953 -1.2345298 0.4982822 -0.6633795 -0.0773919 0.5528589
1403636668.313555479 1.2556835 7.0859422 -1.2378108 0.4982462 -0.6637751 -0.0746650 0.5527915
1403636668.363555670 1.2727940 7.1158758 -1.2578128 0.4977017 -0.6641335 -0.0733600 0.5530262
1403636668.413555384 1.3012166 7.1204880 -1.2672133 0.4967415 -0.6639819 -0.0722361 0.5542183
1403636668.463555574 1.3071467 7.1315046 -1.2584875 0.4953567 -0.6635503 -0.0713137 0.5560909
1403636668.513555527 1.3159325 7.1350746 -1.2778861 0.4945298 -0.6634364 -0.0702869 0.5570926
1403636668.563555479 1.3432820 7.1462071 -1.3008420 0.4935621 -0.6640365 -0.0698023 0.5572967
1403636668.613555431 1.3648780 7.1220630 -1.2942574 0.4930579 -0.6642660 -0.0689046 0.5575812
1403636668.663555622 1.3744112 7.1469670 -1.3126808 0.4926180 -0.6646755 -0.0675048 0.5576531
1403636668.713555574 1.3783423 7.1599856 -1.3073358 0.4934602 -0.6633430 -0.0639101 0.5589173
1403636668.763555527 1.4040270 7.1679988 -1.3400030 0.4946125 -0.6605948 -0.0593911 0.5616456
1403636668.813555479 1.4239793 7.1944330 -1.3361840 0.4948381 -0.6577781 -0.0555182 0.5651380
1403636668.863555670 1.4499834 7.1915768 -1.3456326 0.4964043 -0.6540953 -0.0509453 0.5684599
1403636668.913555384 1.4650334 7.2036519 -1.3450466 0.4967190 -0.6505158 -0.0474951 0.5725763
1403636668.963555574 1.5050521 7.2413046 -1.3525208 0.4946180 -0.6500395 -0.0496132 0.5747524
1403636669.013555527 1.5084297 7.2418519 -1.3637764 0.4913970 -0.6512306 -0.0545646 0.5757174
1403636669.063555479 1.5308491 7.2706945 -1.3646645 0.4881116 -0.6523406 -0.0591996 0.5767966
1403636669.113555431 1.5797254 7.3005630 -1.3625538 0.4849843 -0.6537055 -0.0636823 0.5774115
1403636669.163555622 1.5845562 7.3086013 -1.3641007 0.4831225 -0.6547922 -0.0659483 0.5774865
1403636669.213555574 1.6157707 7.3323488 -1.3637770 0.4816401 -0.6551078 -0.0673593 0.5782035
1403636669.263555527 1.6291511 7.3224190 -1.3621394 0.4809302 -0.6551785 -0.0677514 0.5786683
1403636669.313555479 1.6312630 7.3678240 -1.3647890 0.4810113 -0.6551519 -0.0668606 0.5787346
1403636669.363555670 1.6510781 7.4129164 -1.3697601 0.4807678 -0.6560357 -0.0672555 0.5778894
1403636669.413555384 1.6782387 7.4384449 -1.3861702 0.4800462 -0.6556384 -0.0677274 0.5788842
1403636669.463555574 1.6912959 7.4651412 -1.3881756 0.4785929 -0.6548323 -0.0689882 0.5808478
1403636669.513555527 1.7138348 7.4830763 -1.3982960 0.4778663 -0.6532732 -0.0696589 0.5831171
1403636669.563555479 1.7120018 7.5160811 -1.4048128 0.4766781 -0.6514001 -0.0702935 0.5861013
1403636669.613555431 1.7273419 7.5445385 -1.4161757 0.4750707 -0.6482942 -0.0708329 0.5907667
1403636669.663555622 1.7308203 7.5755837 -1.4217216 0.4734355 -0.6456433 -0.0722001 0.5948031
1403636669.713555574 1.7250986 7.5954760 -1.4263573 0.4716924 -0.6429408 -0.0733809 0.5989563
1403636669.763555527 1.7413867 7.6113581 -1.4343297 0.4704048 -0.6420159 -0.0752674 0.6007243
1403636669.813555479 1.7333428 7.6445283 -1.4353536 0.4667112 -0.6451308 -0.0838900 0.5991239
1403636669.863555670 1.7561968 7.6828226 -1.4233962 0.4612014 -0.6505465 -0.0964562 0.5956330
1403636669.913555384 1.7429527 7.6838781 -1.4246014 0.4571189 -0.6579954 -0.1082131 0.5885357
1403636669.963555574 1.7435933 7.7248195 -1.4281317 0.4545244 -0.6637388 -0.1163282 0.5825170
1403636670.013555527 1.7576545 7.7718927 -1.4318684 0.4538500 -0.6680531 -0.1205906 0.5772202
1403636670.063555479 1.7330062 7.8081807 -1.4299668 0.4533520 -0.6711120 -0.1242610 0.5732712
1403636670.113555431 1.7241653 7.8162523 -1.4198202 0.4536438 -0.6731205 -0.1282441 0.5697978
1403636670.163555622 1.7219158 7.8360848 -1.4252819 0.4524115 -0.6728217 -0.1336730 0.5698828
1403636670.213555574 1.7128630 7.8635661 -1.3980021 0.4489748 -0.6721862 -0.1430973 0.5710608
1403636670.263555527 1.6890724 7.8743527 -1.3948051 0.4458110 -0.6709060 -0.1518647 0.5727782
1403636670.313555479 1.6929102 7.8885416 -1.3945038 0.4435971 -0.6699894 -0.1596864 0.5734423
1403636670.363555670 1.6667751 7.8905493 -1.3817863 0.4437622 -0.6695532 -0.1661450 0.5719873
1403636670.413555384 1.6752860 7.9132919 -1.3872595 0.4460398 -0.6686900 -0.1716857 0.5695843
1403636670.463555574 1.6528919 7.9223713 -1.3843960 0.4491094 -0.6679210 -0.1785111 0.5659648
1403636670.513555527 1.6360205 7.9090131 -1.3786324 0.4533253 -0.6658269 -0.1849925 0.5629817
1403636670.563555479 1.6111366 7.9237995 -1.3694803 0.4591483 -0.6624184 -0.1916235 0.5600581
1403636670.613555431 1.6045963 7.9267137 -1.3826354 0.4657660 -0.6581990 -0.1978015 0.5574143
1403636670.663555622 1.5716390 7.9122240 -1.3611338 0.4732834 -0.6528546 -0.2033719 0.5553590
1403636670.713555574 1.5427080 7.8973275 -1.3626467 0.4810420 -0.6467047 -0.2092248 0.5537117
1403636670.763555527 1.5327892 7.8857022 -1.3525139 0.4885817 -0.6403470 -0.2159930 0.5518973
1403636670.813555479 1.5062756 7.8830185 -1.3441389 0.4953156 -0.6342661 -0.2249681 0.5493254
1403636670.863555670 1.4781890 7.8523298 -1.3436242 0.5014624 -0.6282057 -0.2360514 0.5460520
1403636670.913555384 1.4184600 7.8281280 -1.3365276 0.5072475 -0.6215476 -0.2480847 0.5429848
1403636670.963555574 1.3999593 7.8149250 -1.3174537 0.5123292 -0.6140124 -0.2623928 0.5400533
1403636671.013555527 1.3590106 7.7742281 -1.3170736 0.5197156 -0.6043533 -0.2745919 0.5378216
1403636671.063555479 1.3207780 7.7348599 -1.2888151 0.5291355 -0.5932461 -0.2835349 0.5363606
1403636671.113555431 1.2786330 7.7105607 -1.2881637 0.5410516 -0.5810572 -0.2887196 0.5350484
1403636671.163555622 1.2238103 7.6508399 -1.2742271 0.5538545 -0.5692664 -0.2923405 0.5326518
1403636671.213555574 1.1830450 7.6025905 -1.2503794 0.5663579 -0.5589657 -0.2944563 0.5292368
1403636671.263555527 1.1795209 7.5279474 -1.2379808 0.5794539 -0.5493259 -0.2932782 0.5257966
1403636671.313555479 1.1357838 7.4658035 -1.2216725 0.5945522 -0.5399515 -0.2861329 0.5225783
1403636671.363555670 1.0784248 7.3842121 -1.2056034 0.6113004 -0.5292032 -0.2745725 0.5204476
1403636671.413555384 1.0399485 7.3445699 -1.1952463 0.6281157 -0.5175007 -0.2622794 0.5185298
1403636671.463555574 0.9999350 7.2442941 -1.1803041 0.6435610 -0.5072732 -0.2531726 0.5142050
1403636671.513555527 0.9525341 7.2239269 -1.1578141 0.6567404 -0.4993892 -0.2471580 0.5081490
1403636671.563555479 0.9341982 7.1449233 -1.1468242 0.6674258 -0.4939894 -0.2439507 0.5010043
1403636671.613555431 0.8721976 7.1079697 -1.1346797 0.6768290 -0.4900849 -0.2409117 0.4936404
1403636671.663555622 0.8374136 7.0356413 -1.1259704 0.6842413 -0.4879162 -0.2387101 0.4865893
1403636671.713555574 0.8132211 6.9753025 -1.1184267 0.6900450 -0.4863366 -0.2372169 0.4806691
1403636671.763555527 0.7601287 6.9049404 -1.0960734 0.6943883 -0.4853204 -0.2357990 0.4761174
1403636671.813555479 0.7226793 6.8481753 -1.0935309 0.6989570 -0.4839538 -0.2324543 0.4724540
1403636671.863555670 0.6987143 6.8025989 -1.0761094 0.7023332 -0.4843083 -0.2301055 0.4682147
1403636671.913555384 0.6780472 6.7429012 -1.0630624 0.7060128 -0.4856529 -0.2261462 0.4631901
1403636671.963555574 0.6610673 6.7016613 -1.0514606 0.7098799 -0.4863463 -0.2206623 0.4591797
1403636672.013555527 0.6280006 6.6349364 -1.0479832 0.7138265 -0.4868205 -0.2142658 0.4555741
1403636672.063555479 0.6096650 6.5781809 -1.0320321 0.7165720 -0.4848173 -0.2076190 0.4564769
1403636672.113555431 0.5903915 6.5286222 -1.0228942 0.7186156 -0.4806487 -0.2009228 0.4606500
1403636672.163555622 0.5890457 6.4899329 -0.9997402 0.7191467 -0.4775775 -0.1962027 0.4650293
1403636672.213555574 0.5641906 6.4302043 -0.9792366 0.7196466 -0.4753639 -0.1922205 0.4681764
1403636672.263555527 0.5597222 6.4076482 -0.9619080 0.7191005 -0.4745276 -0.1899146 0.4707977
1403636672.313555479 0.5270059 6.3669957 -0.9464672 0.7187128 -0.4721577 -0.1872727 0.4748136
1403636672.363555670 0.5584692 6.2977381 -0.9326574 0.7178631 -0.4676160 -0.1843833 0.4816748
1403636672.413555384 0.5564927 6.2849407 -0.9066392 0.7165788 -0.4620010 -0.1822037 0.4897670
1403636672.463555574 0.5339258 6.2515586 -0.9015912 0.7127420 -0.4564719 -0.1836735 0.4998963
1403636672.513555527 0.5473473 6.2112717 -0.8962871 0.7047103 -0.4550677 -0.1932147 0.5088859
1403636672.563555479 0.5572158 6.1885283 -0.8893952 0.6959205 -0.4542179 -0.2047067 0.5171807
1403636672.613555431 0.5624712 6.1750708 -0.8827891 0.6876672 -0.4555696 -0.2168750 0.5220493
1403636672.663555622 0.5523629 6.1675308 -0.8838890 0.6807817 -0.4572061 -0.2267924 0.5254179
1403636672.713555574 0.5780870 6.1579231 -0.8809745 0.6774768 -0.4607094 -0.2332639 0.5237939
1403636672.763555527 0.5905283 6.1384985 -0.8940798 0.6777932 -0.4650964 -0.2361092 0.5182029
1403636672.813555479 0.5603069 6.0963651 -0.9007018 0.6801441 -0.4680259 -0.2380344 0.5115616
1403636672.863555670 0.5693618 6.0959742 -0.9123156 0.6832142 -0.4668096 -0.2391562 0.5080468
1403636672.913555384 0.5683821 6.0517240 -0.9230002 0.6864317 -0.4633115 -0.2420013 0.5055584
1403636672.963555574 0.5416095 6.0684399 -0.9194493 0.6906830 -0.4580602 -0.2444050 0.5033926
1403636673.013555527 0.5513625 6.0451766 -0.9408100 0.6953669 -0.4517563 -0.2474368 0.5011548
1403636673.063555479 0.5671809 6.0573900 -0.9339117 0.7006289 -0.4449481 -0.2492529 0.4990123
1403636673.113555431 0.5853287 6.0551995 -0.9328855 0.7058367 -0.4391656 -0.2516777 0.4955667
1403636673.163555622 0.5705511 6.0443406 -0.9436809 0.7121582 -0.4356643 -0.2521924 0.4893122
1403636673.213555574 0.5702278 6.0323185 -0.9414787 0.7191190 -0.4332469 -0.2511582 0.4817516
1403636673.263555527 0.5735245 6.0394393 -0.9333222 0.7260132 -0.4305527 -0.2490126 0.4748915
1403636673.313555479 0.5714137 6.0222668 -0.9303953 0.7310912 -0.4294220 -0.2480220 0.4686017
1403636673.363555670 0.5849320 6.0285603 -0.9209629 0.7349827 -0.4277509 -0.2473043 0.4644030
1403636673.413555384 0.6012360 6.0384025 -0.9349557 0.7367033 -0.4256526 -0.2484103 0.4630124
1403636673.463555574 0.5696237 6.0340876 -0.9226716 0.7373312 -0.4238402 -0.2503295 0.4626417
1403636673.513555527 0.5984590 6.0443550 -0.9120918 0.7375811 -0.4218845 -0.2517268 0.4632722
1403636673.563555479 0.6113395 6.0744609 -0.9157931 0.7366949 -0.4196895 -0.2543848 0.4652201
1403636673.613555431 0.6558041 6.0512184 -0.9178846 0.7341048 -0.4164566 -0.2579345 0.4702381
1403636673.663555622 0.6717130 6.0500263 -0.9202792 0.7310132 -0.4135334 -0.2620326 0.4753407
1403636673.713555574 0.6680295 6.0738498 -0.9150969 0.7276751 -0.4108434 -0.2664694 0.4803028
1403636673.763555527 0.6683017 6.0871254 -0.9301731 0.7239804 -0.4072612 -0.2703021 0.4867519
1403636673.813555479 0.7054195 6.0842135 -0.9104799 0.7208609 -0.4054052 -0.2747220 0.4904426
1403636673.863555670 0.7135814 6.1139501 -0.9171257 0.7194533 -0.4035562 -0.2761894 0.4932026
1403636673.913555384 0.7112119 6.1230921 -0.9130619 0.7204286 -0.4022843 -0.2746432 0.4936812
1403636673.963555574 0.7058417 6.1258044 -0.9208026 0.7205792 -0.4020435 -0.2745605 0.4937035
1403636674.013555527 0.7335072 6.1528948 -0.9147495 0.7208965 -0.4030144 -0.2748543 0.4922831
1403636674.063555479 0.7167428 6.1691959 -0.9214282 0.7209015 -0.4034074 -0.2749482 0.4919015
1403636674.113555431 0.7108463 6.1669664 -0.9339278 0.7205996 -0.4044005 -0.2760794 0.4908937
1403636674.163555622 0.7400254 6.1888584 -0.9269555 0.7197683 -0.4046863 -0.2773234 0.4911765
1403636674.213555574 0.7662488 6.2170584 -0.9376581 0.7181375 -0.4053549 -0.2795872 0.4917286
1403636674.263555527 0.7838783 6.2293543 -0.9355514 0.7157249 -0.4071130 -0.2836258 0.4914807
1403636674.313555479 0.7808338 6.2612775 -0.9537385 0.7130635 -0.4105838 -0.2891870 0.4892160
1403636674.363555670 0.7919363 6.2693045 -0.9423837 0.7115199 -0.4137755 -0.2946722 0.4854869
1403636674.413555384 0.7980611 6.3020430 -0.9495764 0.7104669 -0.4155952 -0.3015881 0.4812090
1403636674.463555574 0.8123053 6.3114159 -0.9582676 0.7101077 -0.4151286 -0.3084285 0.4777940
1403636674.513555527 0.8088887 6.3364543 -0.9767874 0.7105281 -0.4127958 -0.3150396 0.4748678
1403636674.563555479 0.7939488 6.3678343 -0.9928117 0.7121782 -0.4092327 -0.3194743 0.4725112
1403636674.613555431 0.8102232 6.3805206 -1.0113101 0.7137939 -0.4051332 -0.3226366 0.4714563
1403636674.663555622 0.8034735 6.3951404 -1.0146787 0.7155262 -0.4003495 -0.3248931 0.4713672
1403636674.713555574 0.8141760 6.4162768 -1.0355338 0.7176517 -0.3978927 -0.3269601 0.4687798
1403636674.763555527 0.8124711 6.4183796 -1.0392643 0.7217179 -0.3964641 -0.3267277 0.4638841
1403636674.813555479 0.8413384 6.4377609 -1.0689195 0.7269764 -0.3963674 -0.3249469 0.4569549
1403636674.863555670 0.8573289 6.4585960 -1.0851942 0.7321062 -0.3966342 -0.3224148 0.4502783
1403636674.913555384 0.8668283 6.4730470 -1.0999315 0.7364560 -0.3968174 -0.3202038 0.4445650
1403636674.963555574 0.8638504 6.4881873 -1.1162184 0.7406309 -0.3969122 -0.3171958 0.4396742
1403636675.013555527 0.8801780 6.5074321 -1.1146410 0.7436102 -0.3975902 -0.3152851 0.4353863
1403636675.063555479 0.8627761 6.5303494 -1.1275238 0.7469347 -0.3970289 -0.3119222 0.4326212
1403636675.113555431 0.9006702 6.5566490 -1.1350359 0.7492952 -0.3950727 -0.3078367 0.4332560
1403636675.163555622 0.9090157 6.5641224 -1.1410886 0.7526868 -0.3913267 -0.3015215 0.4352136
1403636675.213555574 0.9306746 6.5730287 -1.1466979 0.7547009 -0.3859220 -0.2959127 0.4403709
1403636675.263555527 0.9538079 6.6026278 -1.1459602 0.7560243 -0.3819351 -0.2912478 0.4446656
1403636675.313555479 0.9661968 6.6319780 -1.1565010 0.7566326 -0.3786593 -0.2878961 0.4485979
1403636675.363555670 0.9929244 6.6546329 -1.1443192 0.7548860 -0.3745795 -0.2882591 0.4546911
1403636675.413555384 1.0174631 6.7083604 -1.1411692 0.7518399 -0.3695068 -0.2920276 0.4614340
1403636675.463555574 1.0387300 6.7257705 -1.1500779 0.7496190 -0.3645306 -0.2972342 0.4656615
1403636675.513555527 1.0463870 6.7604482 -1.1490356 0.7486386 -0.3576551 -0.3012576 0.4699649
1403636675.563555479 1.0608120 6.7847211 -1.1469759 0.7478144 -0.3505888 -0.3049983 0.4741700
1403636675.613555431 1.0994592 6.8208979 -1.1338056 0.7474265 -0.3439155 -0.3083750 0.4774732
1403636675.663555622 1.1296084 6.8525824 -1.1509154 0.7476856 -0.3380912 -0.3122865 0.4786834
1403636675.713555574 1.1539260 6.8740542 -1.1496640 0.7477234 -0.3325145 -0.3180652 0.4787257
1403636675.763555527 1.1658939 6.8957148 -1.1573591 0.7470933 -0.3272708 -0.3263863 0.4777211
1403636675.813555479 1.1637295 6.9408464 -1.1616548 0.7461491 -0.3253194 -0.3386176 0.4719819
1403636675.863555670 1.1797326 6.9669990 -1.1755771 0.7451711 -0.3241576 -0.3522564 0.4642815
1403636675.913555384 1.1809678 6.9956850 -1.1909883 0.7463308 -0.3236850 -0.3643886 0.4532542
1403636675.963555574 1.2162656 7.0293937 -1.1807837 0.7489848 -0.3218575 -0.3742409 0.4420105
1403636676.013555527 1.2184212 7.0746068 -1.2006142 0.7532151 -0.3174328 -0.3806722 0.4324258
1403636676.063555479 1.2253530 7.1165116 -1.2147028 0.7579028 -0.3103548 -0.3848231 0.4256458
1403636676.113555431 1.2418879 7.1333923 -1.2181952 0.7638038 -0.3007704 -0.3854277 0.4214101
1403636676.163555622 1.2592859 7.1802547 -1.2266315 0.7699713 -0.2873240 -0.3838640 0.4209959
1403636676.213555574 1.2834505 7.2015227 -1.2406020 0.7757869 -0.2735747 -0.3825121 0.4207089
1403636676.263555527 1.3004721 7.2186052 -1.2549098 0.7822547 -0.2575712 -0.3791881 0.4218425
1403636676.313555479 1.3214061 7.2498964 -1.2677464 0.7885970 -0.2435595 -0.3778801 0.4195238
1403636676.363555670 1.3181176 7.2945935 -1.2843331 0.7928485 -0.2279541 -0.3781081 0.4200744
1403636676.413555384 1.3265172 7.3094901 -1.2887986 0.7972808 -0.2138218 -0.3785107 0.4187520
1403636676.463555574 1.3415710 7.3502461 -1.2998977 0.8009963 -0.2027918 -0.3819269 0.4140197
1403636676.513555527 1.3419776 7.3657045 -1.3134609 0.8043014 -0.1941625 -0.3870022 0.4069761
1403636676.563555479 1.3328639 7.4138778 -1.3176641 0.8056759 -0.1883331 -0.3955644 0.3986801
1403636676.613555431 1.3508133 7.4503933 -1.3138390 0.8068815 -0.1832186 -0.4030894 0.3910142
1403636676.663555622 1.3355396 7.4823103 -1.3151455 0.8071159 -0.1795069 -0.4103351 0.3846639
1403636676.713555574 1.3436958 7.5023408 -1.3196213 0.8070393 -0.1772358 -0.4168696 0.3788070
1403636676.763555527 1.3560659 7.5505441 -1.3267595 0.8064058 -0.1758998 -0.4229124 0.3740508
1403636676.813555479 1.3588529 7.5832355 -1.3070715 0.8065309 -0.1748313 -0.4277727 0.3687172
1403636676.863555670 1.4096222 7.6291901 -1.3226406 0.8072016 -0.1741618 -0.4320756 0.3624969
1403636676.913555384 1.3544071 7.6531739 -1.3135544 0.8069366 -0.1726943 -0.4355975 0.3595619
1403636676.963555574 1.3521035 7.6949290 -1.3128664 0.8068597 -0.1717660 -0.4381451 0.3570754
1403636677.013555527 1.3612258 7.7084126 -1.3168360 0.8068765 -0.1695136 -0.4386061 0.3575474
1403636677.063555479 1.3799767 7.7701345 -1.3405726 0.8071128 -0.1656671 -0.4368663 0.3609309
1403636677.113555431 1.3775322 7.7916244 -1.3356273 0.8072842 -0.1621070 -0.4347068 0.3647513
1403636677.163555622 1.3891148 7.8400925 -1.3505875 0.8076067 -0.1592275 -0.4322843 0.3681688
1403636677.213555574 1.3914718 7.8531968 -1.3690563 0.8067319 -0.1569961 -0.4317622 0.3716413
1403636677.263555527 1.3957922 7.9037668 -1.3833001 0.8051315 -0.1544067 -0.4328858 0.3748757
1403636677.313555479 1.4009048 7.9173683 -1.3990012 0.8032768 -0.1515423 -0.4358480 0.3765871
1403636677.363555670 1.4047362 7.9613194 -1.3941505 0.8005698 -0.1467992 -0.4406909 0.3785889
1403636677.413555384 1.3973281 7.9738516 -1.4059260 0.7976609 -0.1417338 -0.4465209 0.3798259
1403636677.463555574 1.3998618 8.0144084 -1.4038060 0.7946049 -0.1366126 -0.4535992 0.3797207
1403636677.513555527 1.4011878 8.0425992 -1.4220246 0.7925665 -0.1317878 -0.4606693 0.3771660
1403636677.563555479 1.3819086 8.0755175 -1.4227376 0.7915863 -0.1263059 -0.4669222 0.3733922
1403636677.613555431 1.3728085 8.0902633 -1.4207156 0.7918489 -0.1212139 -0.4727381 0.3671529
1403636677.663555622 1.3956046 8.1270837 -1.4387165 0.7934682 -0.1158770 -0.4770978 0.3596643
1403636677.713555574 1.3905823 8.1348747 -1.4336049 0.7952289 -0.1102865 -0.4821583 0.3506727
1403636677.763555527 1.3894852 8.1576132 -1.4148848 0.7983966 -0.1037604 -0.4851083 0.3412722
1403636677.813555479 1.4111875 8.1874221 -1.4270476 0.8029310 -0.0978667 -0.4876677 0.3284877
1403636677.863555670 1.4157901 8.1914487 -1.4208373 0.8074992 -0.0921941 -0.4906531 0.3141733
1403636677.913555384 1.3894357 8.2065931 -1.4176798 0.8120916 -0.0848713 -0.4926514 0.3009962
1403636677.963555574 1.4030562 8.2477661 -1.4181946 0.8154692 -0.0763440 -0.4952073 0.2897434
1403636678.013555527 1.4064334 8.2585756 -1.4247174 0.8186215 -0.0659165 -0.4964028 0.2812440
1403636678.063555479 1.4010708 8.3092780 -1.3975745 0.8198653 -0.0553281 -0.4988969 0.2754298
1403636678.113555431 1.4203471 8.3068866 -1.3967867 0.8201613 -0.0437043 -0.5002917 0.2741052
1403636678.163555622 1.4119320 8.3227255 -1.4050392 0.8199830 -0.0330633 -0.5015231 0.2738782
1403636678.213555574 1.4098964 8.3297450 -1.3940354 0.8203084 -0.0226966 -0.5011069 0.2747196
1403636678.263555527 1.4052402 8.3419553 -1.4231025 0.8201840 -0.0133277 -0.5016597 0.2746964
1403636678.313555479 1.4268690 8.3648111 -1.4200435 0.8199899 -0.0048590 -0.5032072 0.2727185
1403636678.363555670 1.4259870 8.3668762 -1.4125019 0.8196757 0.0016518 -0.5064367 0.2676768
1403636678.413555384 1.4401829 8.3934509 -1.4168430 0.8203507 0.0088140 -0.5080258 0.2624059
1403636678.463555574 1.4119018 8.4387549 -1.4091070 0.8205940 0.0164738 -0.5098640 0.2576682
1403636678.513555527 1.4259250 8.4687342 -1.3999087 0.8211039 0.0246408 -0.5111588 0.2527801
1403636678.563555479 1.4484201 8.4651137 -1.3961611 0.8206883 0.0326056 -0.5138874 0.2476436
1403636678.613555431 1.4456412 8.4843624 -1.3926189 0.8199983 0.0422099 -0.5169963 0.2419419
1403636678.663555622 1.4405942 8.5010109 -1.3956539 0.8188338 0.0542498 -0.5192427 0.2386528
1403636678.713555574 1.4887068 8.5137413 -1.3874468 0.8173293 0.0683955 -0.5205789 0.2372602
1403636678.763555527 1.4605047 8.5166970 -1.3759201 0.8156102 0.0840125 -0.5214621 0.2362184
1403636678.813555479 1.4585253 8.5506679 -1.3811661 0.8138108 0.1001020 -0.5215281 0.2360085
1403636678.863555670 1.4592498 8.5651884 -1.3814448 0.8122406 0.1147252 -0.5211763 0.2355389
1403636678.913555384 1.4526490 8.5696783 -1.3775180 0.8100891 0.1284769 -0.5212019 0.2357923
1403636678.963555574 1.4659403 8.5910661 -1.3836228 0.8087835 0.1397193 -0.5217467 0.2326547
1403636679.013555527 1.4337315 8.6111066 -1.3883328 0.8068226 0.1487948 -0.5245216 0.2275401
1403636679.063555479 1.4285799 8.6291175 -1.3843095 0.8049187 0.1563613 -0.5283771 0.2201699
1403636679.113555431 1.4334173 8.6395513 -1.3850701 0.8024501 0.1634492 -0.5332723 0.2120823
1403636679.163555622 1.4298872 8.6398398 -1.3917223 0.8003146 0.1684189 -0.5392833 0.2007613
1403636679.213555574 1.4234638 8.6430736 -1.3949054 0.7973395 0.1728053 -0.5469861 0.1876013
1403636679.263555527 1.4062452 8.6442836 -1.3896028 0.7943935 0.1779193 -0.5538891 0.1746155
1403636679.313555479 1.3838596 8.6644613 -1.4120248 0.7919835 0.1837826 -0.5592356 0.1619928
1403636679.363555670 1.3966200 8.6503136 -1.4213630 0.7889339 0.1920378 -0.5637076 0.1514543
1403636679.413555384 1.3923944 8.6651153 -1.4154556 0.7866624 0.2008128 -0.5663232 0.1418257
1403636679.463555574 1.3850166 8.6503435 -1.3984703 0.7841429 0.2101330 -0.5686094 0.1328436
1403636679.513555527 1.3835066 8.6753425 -1.4052443 0.7820358 0.2197391 -0.5696237 0.1251542
1403636679.563555479 1.3713151 8.6995516 -1.3954060 0.7803589 0.2282510 -0.5699517 0.1187287
1403636679.613555431 1.3705572 8.6836071 -1.3986093 0.7789914 0.2350295 -0.5703218 0.1125460
1403636679.663555622 1.3709991 8.6991521 -1.3944893 0.7787615 0.2411634 -0.5690507 0.1074804
1403636679.713555574 1.3520120 8.7032364 -1.3875160 0.7780691 0.2467181 -0.5682564 0.1040349
1403636679.763555527 1.3420845 8.7071908 -1.3869066 0.7765963 0.2519164 -0.5681483 0.1031692
1403636679.813555479 1.3408352 8.7119751 -1.3651286 0.7734921 0.2550398 -0.5710789 0.1026328
1403636679.863555670 1.3333096 8.7133583 -1.3501063 0.7703525 0.2573017 -0.5741428 0.1035031
1403636679.913555384 1.3373123 8.7461102 -1.3451454 0.7660247 0.2606446 -0.5777349 0.1072053
1403636679.963555574 1.3327996 8.7338014 -1.3308743 0.7643825 0.2633211 -0.5781636 0.1100373
1403636680.013555527 1.3106511 8.7453094 -1.3107471 0.7621669 0.2673828 -0.5779548 0.1165169
1403636680.063555479 1.3066576 8.7333714 -1.2990566 0.7602136 0.2714080 -0.5772277 0.1233744
1403636680.113555431 1.2944849 8.7414680 -1.2804952 0.7576170 0.2757333 -0.5768173 0.1314128
1403636680.163555622 1.3005367 8.7324139 -1.2726707 0.7567323 0.2774584 -0.5761630 0.1356804
1403636680.213555574 1.2928020 8.7394580 -1.2673848 0.7569409 0.2764506 -0.5764521 0.1353457
1403636680.263555527 1.2925966 8.7286690 -1.2507215 0.7556114 0.2751487 -0.5786861 0.1358935
1403636680.313555479 1.2902572 8.7368413 -1.2323671 0.7547063 0.2759528 -0.5785853 0.1396693
1403636680.363555670 1.2597734 8.7476678 -1.2314696 0.7550516 0.2787142 -0.5754105 0.1453214
1403636680.413555384 1.2822411 8.6999962 -1.2197561 0.7563382 0.2807091 -0.5715836 0.1498237
1403636680.463555574 1.2503838 8.7030683 -1.2123400 0.7577335 0.2817748 -0.5684064 0.1528304
1403636680.513555527 1.2405780 8.6769659 -1.2077404 0.7591135 0.2823240 -0.5655841 0.1554172
1403636680.563555479 1.2455587 8.6446419 -1.2078997 0.7610732 0.2806415 -0.5640243 0.1545461
1403636680.613555431 1.2182545 8.6221992 -1.2054414 0.7624691 0.2776018 -0.5643320 0.1520118
1403636680.663555622 1.2070738 8.6229984 -1.1985133 0.7635310 0.2755776 -0.5641320 0.1511043
1403636680.713555574 1.2107527 8.5786822 -1.1772153 0.7657505 0.2727203 -0.5633826 0.1478172
1403636680.763555527 1.1856571 8.5554734 -1.1904888 0.7694058 0.2671890 -0.5629868 0.1402518
1403636680.813555479 1.1668929 8.5482786 -1.1962844 0.7726816 0.2614404 -0.5631461 0.1322064
1403636680.863555670 1.1466311 8.5364312 -1.1923084 0.7765959 0.2547036 -0.5630664 0.1223974
1403636680.913555384 1.1478545 8.4989856 -1.1837433 0.7815300 0.2484622 -0.5611349 0.1122722
1403636680.963555574 1.1112872 8.4457572 -1.1825187 0.7871786 0.2453977 -0.5559421 0.1051575
1403636681.013555527 1.1029786 8.4351517 -1.1817256 0.7919539 0.2451918 -0.5497149 0.1024867
1403636681.063555479 1.0891233 8.4042397 -1.1931693 0.7963773 0.2461289 -0.5431484 0.1009631
1403636681.113555431 1.0715217 8.3909609 -1.1934203 0.7992344 0.2481214 -0.5378881 0.1016689
1403636681.163555622 1.0597014 8.3649851 -1.1926408 0.7989885 0.2494278 -0.5372887 0.1035566
1403636681.213555574 1.0425541 8.3357360 -1.1849266 0.7950863 0.2516361 -0.5410209 0.1086897
1403636681.263555527 1.0403464 8.3369899 -1.2025676 0.7895478 0.2532190 -0.5473238 0.1137149
1403636681.313555479 1.0241204 8.2859436 -1.2004900 0.7853291 0.2534184 -0.5527762 0.1160849
1403636681.363555670 1.0016330 8.2904482 -1.2055716 0.7815032 0.2527831 -0.5581251 0.1176849
1403636681.413555384 0.9855736 8.2817029 -1.2022178 0.7787512 0.2517589 -0.5625258 0.1171695
1403636681.463555574 0.9547107 8.2483875 -1.2024489 0.7772673 0.2502915 -0.5655911 0.1153966
1403636681.513555527 0.9468670 8.2291029 -1.2063163 0.7762779 0.2497329 -0.5674228 0.1142691
1403636681.563555479 0.9370309 8.1997979 -1.1994535 0.7758042 0.2504669 -0.5678737 0.1136384
1403636681.613555431 0.9132408 8.1844216 -1.1907410 0.7752198 0.2525668 -0.5673688 0.1154855
1403636681.663555622 0.8938901 8.1779116 -1.1846883 0.7746556 0.2537508 -0.5674916 0.1160711
1403636681.713555574 0.8920913 8.1394494 -1.1850438 0.7739971 0.2552582 -0.5675608 0.1168180
1403636681.763555527 0.8676493 8.1406567 -1.1856110 0.7733574 0.2561376 -0.5679692 0.1171450
1403636681.813555479 0.8305560 8.1148822 -1.2000789 0.7728239 0.2569851 -0.5683159 0.1171279
1403636681.863555670 0.8138138 8.0732561 -1.1944677 0.7723322 0.2572820 -0.5690082 0.1163554
1403636681.913555384 0.7834673 8.0431997 -1.1946398 0.7716149 0.2574847 -0.5700354 0.1156362
1403636681.963555574 0.7683996 8.0171743 -1.2092428 0.7715823 0.2574689 -0.5704205 0.1139782
1403636682.013555527 0.7433293 8.0114520 -1.2061293 0.7716877 0.2572853 -0.5706910 0.1123129
1403636682.063555479 0.7300285 8.0058012 -1.2034142 0.7720731 0.2568583 -0.5707569 0.1102885
1403636682.113555431 0.7043769 7.9732758 -1.1973931 0.7719326 0.2567223 -0.5712413 0.1090744
1403636682.163555622 0.6727687 7.9459243 -1.1924310 0.7723348 0.2564248 -0.5711117 0.1075945
1403636682.213555574 0.6915672 7.9085754 -1.1868708 0.7740205 0.2566915 -0.5689809 0.1061249
1403636682.263555527 0.6421738 7.9097099 -1.1818297 0.7765445 0.2563840 -0.5660804 0.1039172
1403636682.313555479 0.6141119 7.8875420 -1.1652053 0.7798832 0.2572882 -0.5612540 0.1028541
1403636682.363555670 0.5857644 7.8539986 -1.1708476 0.7834052 0.2575961 -0.5564859 0.1012129
1403636682.413555384 0.5837141 7.8219087 -1.1596557 0.7853863 0.2575800 -0.5538136 0.1005553
1403636682.463555574 0.5388112 7.7929270 -1.1646766 0.7845449 0.2568243 -0.5552601 0.1010782
1403636682.513555527 0.5442757 7.7850865 -1.1693724 0.7821899 0.2564229 -0.5582495 0.1038443
1403636682.563555479 0.5001629 7.7512403 -1.1734653 0.7796622 0.2560453 -0.5614155 0.1066787
1403636682.613555431 0.4941741 7.7267087 -1.1667777 0.7773452 0.2558600 -0.5642389 0.1091084
1403636682.663555622 0.4726884 7.7176216 -1.1749715 0.7754519 0.2550222 -0.5668002 0.1112455
1403636682.713555574 0.4628720 7.7072417 -1.1660512 0.7746198 0.2532942 -0.5687788 0.1108914
1403636682.763555527 0.4350179 7.6794397 -1.1705505 0.7737578 0.2513861 -0.5708417 0.1106516
1403636682.813555479 0.4204051 7.6462579 -1.1678454 0.7727851 0.2497184 -0.5727783 0.1112160
1403636682.863555670 0.4126321 7.6398657 -1.1710332 0.7716800 0.2500907 -0.5736661 0.1134546
1403636682.913555384 0.4146204 7.6011445 -1.1650706 0.7713810 0.2506406 -0.5732018 0.1165773
1403636682.963555574 0.3777696 7.5726032 -1.1573487 0.7710268 0.2516429 -0.5727068 0.1191653
1403636683.013555527 0.3686841 7.5540347 -1.1479615 0.7706892 0.2533980 -0.5717936 0.1219824
1403636683.063555479 0.3467548 7.5410328 -1.1552930 0.7700231 0.2530920 -0.5727232 0.1224621
1403636683.113555431 0.3225595 7.4783009 -1.1451276 0.7706826 0.2532441 -0.5719154 0.1217722
1403636683.163555622 0.2826479 7.4639883 -1.1507595 0.7713379 0.2525146 -0.5717702 0.1198043
1403636683.213555574 0.2968926 7.4411563 -1.1471299 0.7725710 0.2520304 -0.5708197 0.1173869
1403636683.263555527 0.2798067 7.3974304 -1.1374454 0.7731384 0.2517618 -0.5704933 0.1158034
1403636683.313555479 0.2635872 7.3651752 -1.1494885 0.7735592 0.2515937 -0.5704216 0.1136921
1403636683.363555670 0.2233434 7.3479686 -1.1436208 0.7739230 0.2515155 -0.5703157 0.1119066
1403636683.413555384 0.2223148 7.2888270 -1.1519236 0.7740684 0.2518090 -0.5702271 0.1106859
1403636683.463555574 0.2053207 7.2768828 -1.1501954 0.7744099 0.2519876 -0.5700551 0.1087602
1403636683.513555527 0.2088872 7.2722456 -1.1645369 0.7742136 0.2526689 -0.5700483 0.1086121
1403636683.563555479 0.1659051 7.2042229 -1.1638751 0.7741283 0.2528176 -0.5702654 0.1077314
1403636683.613555431 0.1608050 7.2077350 -1.1462807 0.7748601 0.2535048 -0.5690731 0.1071584
1403636683.663555622 0.1366871 7.1742334 -1.1582165 0.7760518 0.2540393 -0.5674689 0.1057671
1403636683.713555574 0.1249824 7.1346201 -1.1626343 0.7774165 0.2548203 -0.5654343 0.1047579
1403636683.763555527 0.1131595 7.1180427 -1.1702924 0.7790232 0.2547432 -0.5636308 0.1027086
1403636683.813555479 0.0987516 7.0937189 -1.1789847 0.7805234 0.2561262 -0.5610166 0.1021904
1403636683.863555670 0.0690952 7.0674299 -1.1664050 0.7820536 0.2558579 -0.5595737 0.0990257
1403636683.913555384 0.0625075 7.0458550 -1.1801290 0.7817291 0.2578109 -0.5589030 0.1003025
1403636683.963555574 0.0301337 7.0024626 -1.1850285 0.7816091 0.2577518 -0.5593088 0.0991203
1403636684.013555527 0.0128525 6.9706580 -1.1820627 0.7804835 0.2577481 -0.5609954 0.0984662
1403636684.063555479 -0.0038276 6.9328065 -1.1807070 0.7790946 0.2581356 -0.5627690 0.0983291
1403636684.113555431 -0.0004083 6.8885072 -1.1728113 0.7778739 0.2588300 -0.5641436 0.0982917
1403636684.163555622 -0.0560320 6.9017409 -1.1516108 0.7770636 0.2595700 -0.5650051 0.0977998
1403636684.213555574 -0.0888752 6.8630542 -1.1555230 0.7760838 0.2598520 -0.5663473 0.0970653
1403636684.263555527 -0.0875957 6.8340775 -1.1402998 0.7751045 0.2599784 -0.5678156 0.0959673
1403636684.313555479 -0.1126095 6.7967214 -1.1360392 0.7735777 0.2606543 -0.5695232 0.0963338
1403636684.363555670 -0.1029474 6.7793594 -1.1355040 0.7723418 0.2608943 -0.5711408 0.0960231
1403636684.413555384 -0.1254043 6.7467565 -1.1232168 0.7714410 0.2612678 -0.5722277 0.0957777
1403636684.463555574 -0.1480559 6.7176536 -1.1083655 0.7712320 0.2608749 -0.5729072 0.0944608
1403636684.513555527 -0.1588345 6.6828049 -1.1053104 0.7712626 0.2597068 -0.5738690 0.0915469
1403636684.563555479 -0.1779652 6.6574422 -1.1159116 0.7707741 0.2588025 -0.5751529 0.0901539
1403636684.613555431 -0.1852149 6.6424862 -1.1112885 0.7707572 0.2578190 -0.5759148 0.0882312
1403636684.663555622 -0.1825354 6.6080741 -1.1108401 0.7704099 0.2577528 -0.5765219 0.0874899
1403636684.713555574 -0.1997104 6.5700105 -1.0999834 0.7699333 0.2574624 -0.5773585 0.0870226
1403636684.763555527 -0.2023089 6.5426218 -1.1042950 0.7694959 0.2577970 -0.5777323 0.0874194
1403636684.813555479 -0.2254660 6.5031419 -1.1084025 0.7692998 0.2576868 -0.5780482 0.0873823
1403636684.863555670 -0.2399398 6.4696102 -1.0986265 0.7693305 0.2585413 -0.5775011 0.0882018
1403636684.913555384 -0.2650548 6.4440199 -1.1052860 0.7682860 0.2601971 -0.5776694 0.0912807
1403636684.963555574 -0.2593783 6.4140033 -1.1193485 0.7679123 0.2636228 -0.5758290 0.0960976
1403636685.013555527 -0.2619623 6.4164211 -1.1138722 0.7679049 0.2654745 -0.5744176 0.0994477
1403636685.063555479 -0.2605585 6.3878575 -1.1151345 0.7680961 0.2665906 -0.5732496 0.1016992
1403636685.113555431 -0.2900238 6.3544743 -1.1189095 0.7690750 0.2669719 -0.5715820 0.1026829
1403636685.163555622 -0.3054803 6.3090132 -1.1177879 0.7709003 0.2662298 -0.5695860 0.1020109
1403636685.213555574 -0.2946691 6.3011491 -1.1331705 0.7720473 0.2671427 -0.5671534 0.1044734
1403636685.263555527 -0.3091545 6.2433468 -1.1108711 0.7730804 0.2680519 -0.5648013 0.1072117
1403636685.313555479 -0.3135490 6.2316995 -1.1161881 0.7738096 0.2685033 -0.5631113 0.1096829
1403636685.363555670 -0.3140788 6.1933155 -1.1132162 0.7741611 0.2684787 -0.5622981 0.1114212
1403636685.413555384 -0.3330033 6.1641888 -1.1001916 0.7745145 0.2671855 -0.5623452 0.1118355
1403636685.463555574 -0.3329297 6.1089233 -1.0987612 0.7754102 0.2654263 -0.5621567 0.1107594
1403636685.513555527 -0.3383595 6.0838554 -1.0938686 0.7759458 0.2636146 -0.5624770 0.1097047
1403636685.563555479 -0.3515502 6.0586991 -1.0994261 0.7768127 0.2624395 -0.5619755 0.1089542
1403636685.613555431 -0.3742658 6.0391685 -1.0998758 0.7771770 0.2605954 -0.5626120 0.1074882
1403636685.663555622 -0.3669529 6.0085228 -1.1106550 0.7768247 0.2604435 -0.5629397 0.1086806
1403636685.713555574 -0.3668862 5.9956537 -1.0993599 0.7761372 0.2606392 -0.5635737 0.1098311
1403636685.763555527 -0.3792312 5.9599876 -1.0999798 0.7756665 0.2610307 -0.5638633 0.1107365
1403636685.813555479 -0.3942942 5.9212794 -1.1079106 0.7744687 0.2620811 -0.5645372 0.1131790
1403636685.863555670 -0.3744531 5.8912220 -1.1023241 0.7733451 0.2629423 -0.5652687 0.1151956
1403636685.913555384 -0.4239319 5.8357818 -1.1228586 0.7737449 0.2623931 -0.5651842 0.1141735
1403636685.963555574 -0.4404816 5.7975689 -1.1234034 0.7748504 0.2610568 -0.5648928 0.1111405
1403636686.013555527 -0.4287370 5.7648944 -1.1304226 0.7764009 0.2598032 -0.5638932 0.1082977
1403636686.063555479 -0.4286234 5.7492801 -1.1326908 0.7783485 0.2587805 -0.5623175 0.1049065
1403636686.113555431 -0.4460541 5.7169743 -1.1497277 0.7796970 0.2577965 -0.5613377 0.1025356
1403636686.163555622 -0.4555830 5.6955842 -1.1374146 0.7796331 0.2572642 -0.5617429 0.1021388
1403636686.213555574 -0.4742116 5.6559395 -1.1484011 0.7804225 0.2567090 -0.5610480 0.1013230
1403636686.263555527 -0.4853986 5.6159255 -1.1459134 0.7813226 0.2559742 -0.5603594 0.1000483
1403636686.313555479 -0.4931155 5.5813463 -1.1475558 0.7821871 0.2555069 -0.5594937 0.0993300
1403636686.363555670 -0.5042517 5.5812618 -1.1403818 0.7828338 0.2551674 -0.5589097 0.0983915
1403636686.413555384 -0.4976765 5.5503747 -1.1302577 0.7833825 0.2553903 -0.5579826 0.0987072
1403636686.463555574 -0.5320825 5.5378239 -1.1359779 0.7843077 0.2553842 -0.5568088 0.0980017
1403636686.513555527 -0.5429292 5.4995736 -1.1249471 0.7851901 0.2552374 -0.5558206 0.0969213
1403636686.563555479 -0.5311738 5.4624833 -1.1315670 0.7851289 0.2555914 -0.5556485 0.0974700
1403636686.613555431 -0.5574987 5.4140214 -1.1193444 0.7849691 0.2569505 -0.5551088 0.0982561
1403636686.663555622 -0.5885034 5.3978874 -1.1328466 0.7848001 0.2573138 -0.5551023 0.0986908
1403636686.713555574 -0.5615418 5.3688400 -1.1313148 0.7845613 0.2573454 -0.5554610 0.0984886
1403636686.763555527 -0.5890145 5.3446983 -1.1389490 0.7836371 0.2571664 -0.5569076 0.0981442
1403636686.813555479 -0.6102918 5.3079998 -1.1352078 0.7826312 0.2569227 -0.5583816 0.0984334
1403636686.863555670 -0.5945541 5.3085304 -1.1422608 0.7819267 0.2565043 -0.5597303 0.0974587
1403636686.913555384 -0.6311700 5.2796481 -1.1299869 0.7812771 0.2559279 -0.5610475 0.0966057
1403636686.963555574 -0.6184714 5.2438902 -1.1327980 0.7807815 0.2556169 -0.5619723 0.0960592
1403636687.013555527 -0.6335679 5.1992687 -1.1309580 0.7801095 0.2555234 -0.5630401 0.0955133
1403636687.063555479 -0.6544423 5.1755721 -1.1214832 0.7801284 0.2547848 -0.5634868 0.0946940
1403636687.113555431 -0.6639434 5.1312809 -1.1236036 0.7800434 0.2549443 -0.5635833 0.0943906
1403636687.163555622 -0.6712846 5.1098922 -1.1266449 0.7797480 0.2552713 -0.5638649 0.0942653
1403636687.213555574 -0.6906429 5.0748621 -1.1147048 0.7788731 0.2551461 -0.5650519 0.0947288
1403636687.263555527 -0.6988405 5.0724640 -1.1052570 0.7784864 0.2555744 -0.5653519 0.0949630
1403636687.313555479 -0.7028419 5.0546992 -1.1161548 0.7779123 0.2557720 -0.5660470 0.0949948
1403636687.363555670 -0.6922627 5.0220001 -1.1107786 0.7767646 0.2561082 -0.5672842 0.0960935
1403636687.413555384 -0.6922859 5.0093379 -1.1143370 0.7758028 0.2566922 -0.5682173 0.0967899
1403636687.463555574 -0.7127550 4.9902404 -1.1187252 0.7752037 0.2569026 -0.5688878 0.0970921
1403636687.513555527 -0.7303819 4.9492164 -1.1179373 0.7748542 0.2567713 -0.5694357 0.0970173
1403636687.563555479 -0.7222317 4.9445054 -1.1212924 0.7750889 0.2563335 -0.5695567 0.0955796
1403636687.613555431 -0.7330301 4.9229012 -1.1273392 0.7745192 0.2558323 -0.5707020 0.0947054
1403636687.663555622 -0.7436450 4.9058452 -1.1255298 0.7745065 0.2556608 -0.5709741 0.0936262
1403636687.713555574 -0.7588908 4.8869599 -1.1395521 0.7737959 0.2549031 -0.5724555 0.0925147
1403636687.763555527 -0.7391094 4.8666618 -1.1408341 0.7740837 0.2549673 -0.5721691 0.0916981
1403636687.813555479 -0.7811919 4.8351056 -1.1578651 0.7740065 0.2556057 -0.5719072 0.0922053
1403636687.863555670 -0.7694947 4.8121637 -1.1729890 0.7741746 0.2558121 -0.5716181 0.0920146
1403636687.913555384 -0.7920425 4.7907610 -1.1663369 0.7741177 0.2567352 -0.5711187 0.0930180
1403636687.963555574 -0.7997826 4.7630538 -1.1841198 0.7737501 0.2584340 -0.5705065 0.0951049
1403636688.013555527 -0.7888411 4.7651893 -1.1957434 0.7732300 0.2594536 -0.5704637 0.0968007
1403636688.063555479 -0.8122792 4.7391049 -1.2152025 0.7725037 0.2619242 -0.5697801 0.0999219
1403636688.113555431 -0.8089262 4.7110361 -1.2308431 0.7720660 0.2634256 -0.5692605 0.1022914
1403636688.163555622 -0.8154808 4.7081117 -1.2333303 0.7721382 0.2641150 -0.5687299 0.1029184
1403636688.213555574 -0.8068925 4.6869642 -1.2591558 0.7722735 0.2641327 -0.5685540 0.1028291
1403636688.263555527 -0.8086834 4.6767546 -1.2555685 0.7720666 0.2633819 -0.5693796 0.1017350
1403636688.313555479 -0.8057877 4.6545090 -1.2558867 0.7730726 0.2621939 -0.5689966 0.0992769
1403636688.363555670 -0.8074516 4.6197273 -1.2686995 0.7736672 0.2610370 -0.5690894 0.0971385
1403636688.413555384 -0.7978734 4.5988000 -1.2622022 0.7745664 0.2610801 -0.5679940 0.0962646
1403636688.463555574 -0.8087628 4.5763016 -1.2768098 0.7741589 0.2619498 -0.5678379 0.0980834
1403636688.513555527 -0.7939390 4.5609119 -1.2837325 0.7739814 0.2636830 -0.5669234 0.1001097
1403636688.563555479 -0.7929566 4.5541759 -1.2960678 0.7733760 0.2662343 -0.5658447 0.1040608
1403636688.613555431 -0.8050730 4.5261317 -1.3037769 0.7727544 0.2692062 -0.5645656 0.1079090
1403636688.663555622 -0.8100759 4.5164297 -1.3122432 0.7720826 0.2711962 -0.5640929 0.1101833
1403636688.713555574 -0.8081702 4.4740274 -1.3180881 0.7715993 0.2724383 -0.5639643 0.1111586
1403636688.763555527 -0.8006585 4.4473235 -1.3398579 0.7714768 0.2739639 -0.5633122 0.1115651
1403636688.813555479 -0.8122163 4.4230211 -1.3403183 0.7717253 0.2737867 -0.5634897 0.1093632
1403636688.863555670 -0.8132447 4.4130549 -1.3511376 0.7717654 0.2759594 -0.5626197 0.1080909
1403636688.913555384 -0.8161424 4.3817290 -1.3690224 0.7720158 0.2777298 -0.5621480 0.1041508
1403636688.963555574 -0.8367426 4.3583640 -1.3668970 0.7726068 0.2793583 -0.5613006 0.0998964
1403636689.013555527 -0.8553303 4.3487526 -1.3877888 0.7730124 0.2808543 -0.5607186 0.0957470
1403636689.063555479 -0.8492512 4.2987528 -1.3720061 0.7733395 0.2822408 -0.5603304 0.0911923
1403636689.113555431 -0.8764778 4.2989713 -1.3809743 0.7738219 0.2834684 -0.5598014 0.0864162
1403636689.163555622 -0.8809731 4.2533695 -1.3837515 0.7744612 0.2849595 -0.5587948 0.0821967
1403636689.213555574 -0.8870715 4.2351735 -1.3838397 0.7746225 0.2872093 -0.5577962 0.0795876
1403636689.263555527 -0.8983219 4.2324683 -1.3834576 0.7746691 0.2886252 -0.5574094 0.0766680
1403636689.313555479 -0.8980955 4.1923528 -1.3828309 0.7749140 0.2904187 -0.5564330 0.0744822
1403636689.363555670 -0.9191325 4.1735894 -1.3706924 0.7743220 0.2917359 -0.5567556 0.0730670
1403636689.413555384 -0.9215077 4.1663857 -1.3718634 0.7736284 0.2934633 -0.5569094 0.0723204
1403636689.463555574 -0.9346819 4.1406433 -1.3604000 0.7731605 0.2940132 -0.5574476 0.0709312
1403636689.513555527 -0.9556892 4.1359520 -1.3504293 0.7732982 0.2949426 -0.5568890 0.0699527
1403636689.563555479 -0.9573314 4.1037157 -1.3419515 0.7741235 0.2954609 -0.5556701 0.0683110
1403636689.613555431 -0.9600448 4.0787668 -1.3449727 0.7754988 0.2957910 -0.5537540 0.0668268
1403636689.663555622 -0.9861667 4.0852232 -1.3319165 0.7775779 0.2950701 -0.5515584 0.0639492
1403636689.713555574 -0.9908505 4.0710937 -1.3077725 0.7803346 0.2937164 -0.5487895 0.0603221
1403636689.763555527 -1.0128796 4.0452981 -1.3099726 0.7839178 0.2913070 -0.5454455 0.0556987
1403636689.813555479 -1.0212104 4.0239372 -1.3047668 0.7860741 0.2891425 -0.5438405 0.0521691
1403636689.863555670 -1.0309131 4.0214200 -1.2949173 0.7867558 0.2864464 -0.5445323 0.0494803
1403636689.913555384 -1.0320668 3.9976269 -1.2929578 0.7872817 0.2819323 -0.5465572 0.0444624
1403636689.963555574 -1.0254319 4.0149231 -1.2805242 0.7870158 0.2785833 -0.5488285 0.0422467
1403636690.013555527 -1.0498314 3.9969183 -1.2857869 0.7864798 0.2774087 -0.5501595 0.0426431
1403636690.063555479 -1.0609505 3.9921186 -1.2737754 0.7860747 0.2775719 -0.5505028 0.0445760
1403636690.113555431 -1.0831122 3.9770393 -1.2674018 0.7861211 0.2802976 -0.5486709 0.0490617
1403636690.163555622 -1.0802270 3.9857874 -1.2619726 0.7855180 0.2833690 -0.5474148 0.0547773
1403636690.213555574 -1.1173329 3.9902677 -1.2604566 0.7850683 0.2858750 -0.5462777 0.0593627
1403636690.263555527 -1.1085560 3.9916837 -1.2507932 0.7845628 0.2867676 -0.5462794 0.0616789
1403636690.313555479 -1.0934938 4.0005087 -1.2522088 0.7837645 0.2880608 -0.5464380 0.0643408
1403636690.363555670 -1.0954494 4.0148351 -1.2498092 0.7832642 0.2885789 -0.5466438 0.0663315
1403636690.413555384 -1.1343728 4.0085302 -1.2386114 0.7829627 0.2887996 -0.5468454 0.0672635
1403636690.463555574 -1.1189989 4.0147562 -1.2288260 0.7825641 0.2878126 -0.5480299 0.0664873
1403636690.513555527 -1.1525444 4.0407715 -1.2202148 0.7824189 0.2851442 -0.5499972 0.0633756
1403636690.563555479 -1.1817068 4.0344629 -1.2180714 0.7823138 0.2828602 -0.5516301 0.0606579
1403636690.613555431 -1.1954218 4.0537105 -1.2224104 0.7836288 0.2790606 -0.5522718 0.0551983
1403636690.663555622 -1.1755026 4.0822385 -1.2134289 0.7838918 0.2755619 -0.5540778 0.0507653
1403636690.713555574 -1.2107948 4.0826117 -1.2150332 0.7836918 0.2698973 -0.5577477 0.0435893
1403636690.763555527 -1.1980831 4.1037016 -1.2136864 0.7837829 0.2633460 -0.5613172 0.0354443
1403636690.813555479 -1.2118421 4.1146763 -1.2153704 0.7831717 0.2582560 -0.5648766 0.0293308
1403636690.863555670 -1.2315906 4.1467180 -1.2097146 0.7810992 0.2541000 -0.5698035 0.0253226
1403636690.913555384 -1.2193272 4.1777293 -1.2201640 0.7779239 0.2504761 -0.5758316 0.0226734
1403636690.963555574 -1.2416202 4.1846638 -1.2229363 0.7736898 0.2463390 -0.5833706 0.0199991
1403636691.013555527 -1.2571675 4.1994088 -1.2376484 0.7684015 0.2428897 -0.5917878 0.0187344
1403636691.063555479 -1.2533827 4.2309197 -1.2393832 0.7632686 0.2407978 -0.5992370 0.0187768
1403636691.113555431 -1.2682741 4.2613304 -1.2476835 0.7595329 0.2409407 -0.6038657 0.0200890
1403636691.163555622 -1.2490797 4.2654481 -1.2513322 0.7545546 0.2425374 -0.6092773 0.0245800
1403636691.213555574 -1.2508894 4.2702597 -1.2452816 0.7499304 0.2472556 -0.6126987 0.0327011
1403636691.263555527 -1.2206012 4.2933335 -1.2416105 0.7453715 0.2538937 -0.6148826 0.0433447
1403636691.313555479 -1.1871755 4.3226322 -1.2505152 0.7425566 0.2607122 -0.6146923 0.0528408
1403636691.363555670 -1.1551905 4.3549401 -1.2424114 0.7416728 0.2668858 -0.6124596 0.0598892
1403636691.413555384 -1.1406057 4.3955138 -1.2427982 0.7447435 0.2721143 -0.6061915 0.0619910
1403636691.463555574 -1.1071658 4.4059749 -1.2243163 0.7492671 0.2766827 -0.5984405 0.0625652
1403636691.513555527 -1.0694808 4.4263302 -1.2198745 0.7537409 0.2795266 -0.5916596 0.0606505
1403636691.563555479 -1.0446195 4.4205286 -1.2042548 0.7562163 0.2817626 -0.5875426 0.0595021
1403636691.613555431 -1.0228659 4.4334102 -1.2076771 0.7582143 0.2849122 -0.5834112 0.0597284
1403636691.663555622 -0.9904956 4.4608054 -1.1927828 0.7586482 0.2893651 -0.5802114 0.0638392
1403636691.713555574 -0.9489819 4.4757343 -1.1783388 0.7590669 0.2943553 -0.5765839 0.0687275
1403636691.763555527 -0.9561727 4.4843077 -1.1559987 0.7582003 0.2979673 -0.5753501 0.0729386
1403636691.813555479 -0.9587262 4.4911478 -1.1577240 0.7585260 0.2991894 -0.5742011 0.0736006
1403636691.863555670 -0.9028925 4.5077223 -1.1510691 0.7592516 0.2989085 -0.5735687 0.0721776
1403636691.913555384 -0.8909950 4.5338075 -1.1329877 0.7596181 0.2973392 -0.5741761 0.0699388
1403636691.963555574 -0.8454304 4.5298315 -1.1249449 0.7578240 0.2948183 -0.5781036 0.0676836
1403636692.013555527 -0.8107594 4.5546281 -1.0987225 0.7558940 0.2925028 -0.5819545 0.0662970
1403636692.063555479 -0.7915585 4.5557568 -1.1017414 0.7560413 0.2910792 -0.5826699 0.0645776
1403636692.113555431 -0.7662607 4.5724539 -1.0769330 0.7562660 0.2919400 -0.5817742 0.0661177
1403636692.163555622 -0.7737570 4.5789247 -1.0764709 0.7554890 0.2946318 -0.5808483 0.0710184
1403636692.213555574 -0.7352219 4.6301021 -1.0731819 0.7558226 0.2964148 -0.5791942 0.0735160
1403636692.263555527 -0.7103337 4.6221002 -1.0616033 0.7565828 0.2971158 -0.5776942 0.0746598
1403636692.313555479 -0.6948498 4.6331861 -1.0393441 0.7574420 0.2965762 -0.5769257 0.0740331
1403636692.363555670 -0.6632057 4.6425711 -1.0294849 0.7586275 0.2949785 -0.5764727 0.0717722
1403636692.413555384 -0.6254735 4.6744412 -1.0229695 0.7596657 0.2949698 -0.5750634 0.0721309
1403636692.463555574 -0.5938157 4.6717743 -0.9956826 0.7598318 0.2962713 -0.5738686 0.0745237
1403636692.513555527 -0.5591478 4.6770361 -0.9896151 0.7592838 0.2981757 -0.5730363 0.0787952
1403636692.563555479 -0.5171535 4.6894529 -0.9664238 0.7593185 0.2979420 -0.5730116 0.0795215
1403636692.613555431 -0.5020540 4.6853861 -0.9487636 0.7599609 0.2970269 -0.5727595 0.0786195
1403636692.663555622 -0.4922212 4.7011176 -0.9249974 0.7604889 0.2959355 -0.5726602 0.0783528
1403636692.713555574 -0.4584044 4.7100450 -0.8981910 0.7614853 0.2973822 -0.5702438 0.0807835
1403636692.763555527 -0.4503133 4.7116683 -0.8871379 0.7619459 0.3018354 -0.5663152 0.0872981
1403636692.813555479 -0.4346316 4.7385559 -0.8625287 0.7623161 0.3071042 -0.5617053 0.0951224
1403636692.863555670 -0.4032789 4.7321413 -0.8352445 0.7622667 0.3109748 -0.5586553 0.1007396
1403636692.913555384 -0.3664745 4.7449554 -0.8220365 0.7623705 0.3139673 -0.5560762 0.1048570
1403636692.963555574 -0.3512797 4.7430585 -0.8034230 0.7631812 0.3141895 -0.5548763 0.1046502
1403636693.013555527 -0.3247153 4.7531918 -0.7920440 0.7647274 0.3125775 -0.5542865 0.1012612
1403636693.063555479 -0.3040248 4.7569853 -0.7670553 0.7650395 0.3102115 -0.5557824 0.0979249
1403636693.113555431 -0.2987279 4.7438825 -0.7541750 0.7645666 0.3080627 -0.5581578 0.0948428
1403636693.163555622 -0.2986913 4.7724011 -0.7356341 0.7645845 0.3059367 -0.5598896 0.0913072
1403636693.213555574 -0.2808566 4.7640035 -0.7316024 0.7658280 0.3054183 -0.5588395 0.0890259
1403636693.263555527 -0.2746248 4.7479005 -0.7215449 0.7682107 0.3047630 -0.5564290 0.0857821
1403636693.313555479 -0.2846863 4.7660120 -0.7147344 0.7713118 0.3038645 -0.5532355 0.0816996
1403636693.363555670 -0.2311768 4.7474671 -0.7016615 0.7740177 0.3032434 -0.5502993 0.0781704
1403636693.413555384 -0.2324635 4.7431139 -0.6944817 0.7764464 0.3026564 -0.5476685 0.0747616
1403636693.463555574 -0.2170131 4.7507524 -0.6917363 0.7789965 0.3029182 -0.5442543 0.0720574
1403636693.513555527 -0.2179702 4.7643138 -0.6836045 0.7827479 0.3026562 -0.5393655 0.0692081
1403636693.563555479 -0.2049228 4.7532147 -0.6736476 0.7861771 0.3035729 -0.5340701 0.0673662
1403636699.113555431 -0.5046144 4.8756834 -0.7759080 0.8238376 0.0229724 -0.5085952 0.2491881
1403636699.163555622 -0.5086065 4.8638727 -0.7715360 0.8240283 0.0078250 -0.5068983 0.2529234
1403636699.213555574 -0.5254731 4.8459626 -0.7747500 0.8245421 -0.0061752 -0.5034293 0.2581689
1403636699.263555527 -0.5621044 4.8227444 -0.7781506 0.8247210 -0.0211764 -0.5000788 0.2632643
1403636699.313555479 -0.5582357 4.8425757 -0.7787296 0.8254725 -0.0364002 -0.4958373 0.2672368
1403636699.363555670 -0.5755565 4.8171505 -0.7645915 0.8254761 -0.0502005 -0.4916676 0.2726393
1403636699.413555384 -0.5892917 4.8297937 -0.7677159 0.8254176 -0.0645837 -0.4876666 0.2769403
1403636699.463555574 -0.6144494 4.8243112 -0.7679312 0.8252010 -0.0774092 -0.4834180 0.2817059
1403636699.513555527 -0.6155717 4.8031762 -0.7598643 0.8244973 -0.0892564 -0.4791098 0.2875611
1403636699.563555479 -0.6166217 4.7821726 -0.7537479 0.8235077 -0.1016810 -0.4753336 0.2924961
1403636699.613555431 -0.6267337 4.7873134 -0.7603870 0.8222939 -0.1136688 -0.4717632 0.2972401
1403636699.663555622 -0.6220645 4.7810240 -0.7624025 0.8206975 -0.1258395 -0.4682673 0.3022347
1403636699.713555574 -0.6535850 4.7699372 -0.7576612 0.8185747 -0.1367249 -0.4646355 0.3087972
1403636699.763555527 -0.6491617 4.7741622 -0.7604865 0.8168408 -0.1443227 -0.4598779 0.3169455
1403636699.813555479 -0.6326458 4.7563680 -0.7575997 0.8147945 -0.1498651 -0.4556279 0.3256588
1403636699.863555670 -0.6748086 4.7550038 -0.7667127 0.8123896 -0.1543390 -0.4530332 0.3331119
1403636699.913555384 -0.6679537 4.7512068 -0.7746724 0.8101144 -0.1584331 -0.4516847 0.3385182
1403636699.963555574 -0.6585111 4.7476338 -0.7770570 0.8081370 -0.1622766 -0.4514917 0.3416667
1403636700.013555527 -0.6453529 4.7070933 -0.7800297 0.8071851 -0.1654521 -0.4507313 0.3433936
1403636700.063555479 -0.6506076 4.7211887 -0.7743359 0.8065169 -0.1674929 -0.4501862 0.3446868
1403636700.113555431 -0.6748518 4.7165040 -0.7932152 0.8058418 -0.1692759 -0.4507024 0.3447203
1403636700.163555622 -0.6779468 4.7267028 -0.7939418 0.8052951 -0.1700858 -0.4504531 0.3459227
1403636700.213555574 -0.6899285 4.7232739 -0.8037989 0.8050777 -0.1705168 -0.4505823 0.3460484
1403636700.263555527 -0.6588446 4.7084389 -0.8121266 0.8051010 -0.1715007 -0.4503015 0.3458734
1403636700.313555479 -0.6585074 4.6989777 -0.8277316 0.8056198 -0.1738996 -0.4487582 0.3454731
1403636700.363555670 -0.6413477 4.7005257 -0.8362937 0.8059397 -0.1780372 -0.4473545 0.3444386
1403636700.413555384 -0.6553426 4.7005293 -0.8592008 0.8055849 -0.1829720 -0.4457677 0.3447396
1403636700.463555574 -0.6557164 4.6882436 -0.8713795 0.8038468 -0.1866080 -0.4444094 0.3485800
1403636700.513555527 -0.6591538 4.6885269 -0.8798288 0.8015623 -0.1893817 -0.4440807 0.3527390
1403636700.563555479 -0.6285550 4.6673694 -0.9008866 0.7993756 -0.1915592 -0.4429314 0.3579323
1403636700.613555431 -0.6543409 4.6839294 -0.9130002 0.7966068 -0.1945094 -0.4418401 0.3638146
1403636700.663555622 -0.6362278 4.6807936 -0.9262035 0.7944670 -0.1978974 -0.4388243 0.3702593
1403636700.713555574 -0.5963406 4.6649044 -0.9564641 0.7923345 -0.2024548 -0.4365111 0.3750683
1403636700.763555527 -0.5865068 4.6400247 -0.9662626 0.7905717 -0.2057921 -0.4342868 0.3795274
1403636700.813555479 -0.5888767 4.6513098 -0.9816977 0.7899359 -0.2087455 -0.4314379 0.3824760
1403636700.863555670 -0.5894070 4.6431471 -0.9932517 0.7907417 -0.2116653 -0.4279150 0.3831633
1403636700.913555384 -0.5788420 4.6204991 -1.0100221 0.7916098 -0.2138847 -0.4247673 0.3836404
1403636700.963555574 -0.5740412 4.6065582 -1.0156758 0.7932864 -0.2155564 -0.4212409 0.3831296
1403636701.013555527 -0.5735710 4.6155535 -1.0217537 0.7947744 -0.2169618 -0.4187388 0.3819936
1403636701.063555479 -0.5691824 4.6030182 -1.0433823 0.7974555 -0.2175842 -0.4151288 0.3799868
1403636701.113555431 -0.5454633 4.5793053 -1.0365443 0.8002795 -0.2181571 -0.4118863 0.3772397
1403636701.163555622 -0.5355216 4.5837441 -1.0406604 0.8016681 -0.2169775 -0.4101185 0.3768976
1403636701.213555574 -0.5414852 4.5524860 -1.0493510 0.8034617 -0.2159144 -0.4083708 0.3755844
1403636701.263555527 -0.5256843 4.5637597 -1.0441224 0.8040481 -0.2149808 -0.4084865 0.3747382
1403636701.313555479 -0.5262798 4.5659562 -1.0330901 0.8051892 -0.2134604 -0.4077781 0.3739278
1403636701.363555670 -0.4973727 4.5476864 -1.0370226 0.8050050 -0.2126917 -0.4090134 0.3734131
1403636701.413555384 -0.4902298 4.5699434 -1.0334526 0.8044478 -0.2105385 -0.4102625 0.3744621
1403636701.463555574 -0.4849435 4.5835961 -1.0325725 0.8032049 -0.2085054 -0.4128567 0.3754155
1403636701.513555527 -0.4801956 4.5853500 -1.0282142 0.8009893 -0.2063199 -0.4161966 0.3776620
1403636701.563555479 -0.4499331 4.5558359 -1.0233898 0.7989820 -0.2041561 -0.4196119 0.3793071
1403636701.613555431 -0.4372499 4.5865537 -1.0178315 0.7979164 -0.2020411 -0.4218842 0.3801612
1403636701.663555622 -0.4172885 4.5689836 -1.0058198 0.7970137 -0.1995086 -0.4235887 0.3814946
1403636701.713555574 -0.4030697 4.5605017 -1.0115142 0.7960082 -0.1992845 -0.4250226 0.3821156
1403636701.763555527 -0.4059823 4.5766720 -1.0016644 0.7953865 -0.2007480 -0.4251628 0.3824881
1403636701.813555479 -0.3858094 4.5558436 -1.0084670 0.7949724 -0.2042709 -0.4239495 0.3828303
1403636701.863555670 -0.3553595 4.5761968 -0.9983182 0.7941026 -0.2084887 -0.4212062 0.3853815
1403636701.913555384 -0.3705268 4.5727109 -0.9927337 0.7931519 -0.2150988 -0.4186591 0.3864804
1403636701.963555574 -0.3422456 4.5745807 -0.9953380 0.7912335 -0.2218716 -0.4159156 0.3895341
1403636702.013555527 -0.3390213 4.5477152 -1.0059049 0.7893487 -0.2298134 -0.4123658 0.3925161
1403636702.063555479 -0.3287103 4.5652946 -0.9864985 0.7867091 -0.2386695 -0.4088651 0.3961756
1403636702.113555431 -0.3095958 4.5513885 -0.9966217 0.7834394 -0.2483274 -0.4052405 0.4004203
1403636702.163555622 -0.2686683 4.5613853 -1.0088645 0.7797800 -0.2580322 -0.4011598 0.4055038
1403636702.213555574 -0.2794464 4.5430466 -1.0314805 0.7770298 -0.2668366 -0.3965682 0.4095809
1403636702.263555527 -0.2778156 4.5433464 -1.0193719 0.7751809 -0.2741886 -0.3919238 0.4126875
1403636702.313555479 -0.2537513 4.5418827 -1.0383948 0.7744880 -0.2803686 -0.3864643 0.4149785
1403636702.363555670 -0.2200482 4.5434566 -1.0462626 0.7740573 -0.2850584 -0.3814465 0.4172237
1403636702.413555384 -0.2129589 4.5536253 -1.0655855 0.7737756 -0.2880213 -0.3763164 0.4203582
1403636702.463555574 -0.1947344 4.5372641 -1.0667331 0.7739917 -0.2914101 -0.3716162 0.4218037
1403636702.513555527 -0.1863705 4.5520759 -1.0848483 0.7738337 -0.2933164 -0.3678522 0.4240657
1403636702.563555479 -0.1542265 4.5429118 -1.0855444 0.7737061 -0.2949581 -0.3652271 0.4254266
1403636702.613555431 -0.1485311 4.5369320 -1.1180315 0.7742988 -0.2965003 -0.3620948 0.4259534
1403636702.663555622 -0.1555500 4.5415589 -1.1259386 0.7752519 -0.2974535 -0.3591916 0.4260133
1403636702.713555574 -0.1400990 4.5436852 -1.1433815 0.7758111 -0.2975489 -0.3569863 0.4267816
1403636702.763555527 -0.0974448 4.5495514 -1.1667643 0.7760284 -0.2985768 -0.3564633 0.4261054
1403636702.813555479 -0.1065572 4.5284704 -1.1953558 0.7773593 -0.2980960 -0.3542140 0.4258916
1403636702.863555670 -0.0801638 4.5328677 -1.2130140 0.7781492 -0.2980265 -0.3531923 0.4253461
1403636702.913555384 -0.0501605 4.5248555 -1.2255287 0.7787870 -0.2983884 -0.3528001 0.4242491
1403636702.963555574 -0.0316689 4.5371658 -1.2345672 0.7787360 -0.2979519 -0.3532651 0.4242625
1403636703.013555527 -0.0317586 4.5306525 -1.2705173 0.7775130 -0.2987403 -0.3559750 0.4236857
1403636703.063555479 -0.0231337 4.5388269 -1.2743302 0.7761016 -0.2987501 -0.3585002 0.4241372
1403636703.113555431 -0.0032778 4.5596556 -1.2806348 0.7736356 -0.3002604 -0.3632632 0.4235228
1403636703.163555622 -0.0110810 4.5526420 -1.2976172 0.7694821 -0.3019434 -0.3704792 0.4236422
1403636703.213555574 0.0150452 4.5727033 -1.3050945 0.7667725 -0.3038066 -0.3762106 0.4221696
1403636703.263555527 0.0376732 4.5680462 -1.3129391 0.7635470 -0.3066744 -0.3824521 0.4203297
1403636703.313555479 0.0400886 4.5769985 -1.3284848 0.7608736 -0.3087839 -0.3877117 0.4188120
1403636703.363555670 0.0563315 4.5809531 -1.3324492 0.7595262 -0.3085720 -0.3897640 0.4195083
1403636703.413555384 0.0671395 4.6244519 -1.3341076 0.7595177 -0.3062618 -0.3884048 0.4224669
1403636703.463555574 0.0993467 4.5986812 -1.3457583 0.7613258 -0.3028661 -0.3842082 0.4254870
1403636703.513555527 0.1132618 4.5905523 -1.3447111 0.7637017 -0.2989824 -0.3791280 0.4285222
1403636703.563555479 0.1257274 4.6012728 -1.3432431 0.7654747 -0.2960812 -0.3752064 0.4308184
1403636703.613555431 0.1404121 4.6127467 -1.3442687 0.7676479 -0.2948135 -0.3721898 0.4304374
1403636703.663555622 0.1469372 4.5930826 -1.3484498 0.7690597 -0.2940914 -0.3705676 0.4298106
1403636703.713555574 0.1699868 4.6046601 -1.3575365 0.7699239 -0.2936255 -0.3697842 0.4292563
1403636703.763555527 0.1829662 4.6075100 -1.3462946 0.7694212 -0.2934160 -0.3712369 0.4290468
1403636703.813555479 0.1880915 4.6199169 -1.3482231 0.7684000 -0.2937376 -0.3735939 0.4286109
1403636703.863555670 0.1897925 4.6491224 -1.3493684 0.7669927 -0.2942427 -0.3766816 0.4280823
1403636703.913555384 0.2207693 4.6464552 -1.3420353 0.7658287 -0.2946189 -0.3797638 0.4271833
1403636703.963555574 0.2162955 4.6472834 -1.3477475 0.7653539 -0.2944642 -0.3811220 0.4269313
1403636704.013555527 0.2255779 4.6493287 -1.3507989 0.7648093 -0.2950238 -0.3834862 0.4254011
1403636704.063555479 0.2770285 4.6358118 -1.3405160 0.7645071 -0.2950615 -0.3852135 0.4243561
1403636704.113555431 0.2489775 4.6433619 -1.3597535 0.7656768 -0.2947706 -0.3847022 0.4229108
1403636704.163555622 0.2724990 4.6513729 -1.3547808 0.7676742 -0.2940237 -0.3827936 0.4215394
1403636704.213555574 0.2815200 4.6605110 -1.3655895 0.7701927 -0.2930301 -0.3799694 0.4201902
1403636704.263555527 0.3063646 4.6601655 -1.3745204 0.7725750 -0.2921128 -0.3770472 0.4190865
1403636704.313555479 0.3187805 4.6509247 -1.3796558 0.7743652 -0.2907193 -0.3745837 0.4189604
1403636704.363555670 0.3272661 4.6369767 -1.3914776 0.7759450 -0.2894110 -0.3722502 0.4190232
1403636704.413555384 0.3334677 4.6502356 -1.3844497 0.7769679 -0.2892615 -0.3715307 0.4178679
1403636704.463555574 0.3719167 4.6440159 -1.3987637 0.7786062 -0.2880799 -0.3691398 0.4177538
1403636704.513555527 0.3882190 4.6472482 -1.4021570 0.7802855 -0.2870505 -0.3666769 0.4174981
1403636704.563555479 0.4030580 4.6632326 -1.3925404 0.7816429 -0.2871472 -0.3651739 0.4162077
1403636704.613555431 0.4052782 4.6676372 -1.4007011 0.7829690 -0.2866788 -0.3635920 0.4154223
1403636704.663555622 0.4174677 4.6838043 -1.3964713 0.7840188 -0.2865043 -0.3621464 0.4148250
1403636704.713555574 0.4505618 4.6783339 -1.3987873 0.7867196 -0.2858094 -0.3585933 0.4132749
1403636704.763555527 0.4568257 4.6925715 -1.4029210 0.7884758 -0.2851119 -0.3565565 0.4121706
1403636704.813555479 0.4795224 4.6878096 -1.4156714 0.7904740 -0.2854195 -0.3547664 0.4096673
1403636704.863555670 0.5137783 4.6884352 -1.4094516 0.7925759 -0.2856207 -0.3528971 0.4070724
1403636704.913555384 0.5313724 4.7205253 -1.4232487 0.7943032 -0.2855916 -0.3517980 0.4046704
1403636704.963555574 0.5539256 4.7396015 -1.4302257 0.7961007 -0.2851203 -0.3498471 0.4031590
1403636705.013555527 0.5603650 4.7422166 -1.4336879 0.7973914 -0.2844248 -0.3484393 0.4023178
1403636705.063555479 0.5967920 4.7663249 -1.4535534 0.7980038 -0.2828725 -0.3473808 0.4031124
1403636705.113555431 0.6094068 4.7969789 -1.4511194 0.7956298 -0.2816416 -0.3504488 0.4060011
1403636705.163555622 0.6503964 4.8269687 -1.4631875 0.7912422 -0.2795917 -0.3556634 0.4114217
1403636705.213555574 0.6578059 4.8610533 -1.4692205 0.7866352 -0.2771287 -0.3607459 0.4174532
1403636705.263555527 0.6789481 4.8758139 -1.4652554 0.7830395 -0.2749170 -0.3646613 0.4222464
1403636705.313555479 0.7281149 4.8975917 -1.4735523 0.7806168 -0.2739399 -0.3674960 0.4249011
1403636705.363555670 0.7316024 4.9220493 -1.4779385 0.7789338 -0.2734178 -0.3696012 0.4264970
1403636705.413555384 0.7370955 4.9351286 -1.4869003 0.7798998 -0.2736907 -0.3686828 0.4253501
1403636705.463555574 0.7693300 4.9384653 -1.4646169 0.7810168 -0.2746559 -0.3676067 0.4236062
1403636705.513555527 0.7935659 4.9824246 -1.4785759 0.7830374 -0.2757334 -0.3652627 0.4211968
1403636705.563555479 0.8142426 4.9886641 -1.4745305 0.7850075 -0.2760019 -0.3628182 0.4194628
1403636705.613555431 0.8657614 5.0194006 -1.4830753 0.7856616 -0.2768420 -0.3622425 0.4181803
1403636705.663555622 0.8853500 5.0529193 -1.4832946 0.7863809 -0.2772528 -0.3610252 0.4176084
1403636705.713555574 0.8820486 5.0711201 -1.4933642 0.7851385 -0.2773413 -0.3625079 0.4186016
1403636705.763555527 0.9203137 5.0832827 -1.4994100 0.7834360 -0.2777776 -0.3647485 0.4195547
1403636705.813555479 0.9297271 5.1211770 -1.5073467 0.7812951 -0.2785596 -0.3683017 0.4199242
1403636705.863555670 0.9346335 5.1533915 -1.5293046 0.7786275 -0.2790352 -0.3723488 0.4209929
1403636705.913555384 0.9633576 5.1746930 -1.5265741 0.7756638 -0.2809482 -0.3776555 0.4204642
1403636705.963555574 0.9887678 5.2050544 -1.5358332 0.7729481 -0.2829470 -0.3829234 0.4193590
1403636706.013555527 1.0168294 5.2379100 -1.5375286 0.7702862 -0.2860177 -0.3892267 0.4163600
1403636706.063555479 1.0570636 5.2935299 -1.5277610 0.7682592 -0.2891545 -0.3948165 0.4126588
1403636706.113555431 1.0669407 5.3014529 -1.5276715 0.7658188 -0.2913465 -0.3999383 0.4107167
1403636706.163555622 1.0554395 5.3411416 -1.5369024 0.7654115 -0.2891742 -0.4000376 0.4129086
1403636706.213555574 1.0807226 5.3648562 -1.5472626 0.7662583 -0.2848741 -0.3971932 0.4170522
1403636706.263555527 1.1193882 5.3868242 -1.5585566 0.7678783 -0.2812905 -0.3936930 0.4198148
1403636706.313555479 1.1416588 5.4065583 -1.5447994 0.7700402 -0.2765214 -0.3887939 0.4235721
1403636706.363555670 1.1770887 5.4525462 -1.5602049 0.7724507 -0.2732876 -0.3844886 0.4252085
1403636706.413555384 1.1677220 5.4662761 -1.5585683 0.7745033 -0.2704824 -0.3806836 0.4266895
1403636706.463555574 1.1871349 5.5069879 -1.5785649 0.7766313 -0.2685262 -0.3773303 0.4270355
1403636706.513555527 1.2078470 5.5343755 -1.5803170 0.7779699 -0.2671184 -0.3750463 0.4274938
1403636706.563555479 1.2356942 5.5685690 -1.5995606 0.7791734 -0.2666836 -0.3728823 0.4274663
1403636706.613555431 1.2571375 5.5881212 -1.5939682 0.7797652 -0.2665720 -0.3723701 0.4269029
1403636706.663555622 1.2654234 5.6001905 -1.5964334 0.7805205 -0.2666623 -0.3709193 0.4267292
1403636706.713555574 1.3022431 5.6555797 -1.5957012 0.7817928 -0.2670084 -0.3692672 0.4256152
1403636706.763555527 1.3243793 5.6767933 -1.5923004 0.7829702 -0.2686645 -0.3682354 0.4232963
1403636706.813555479 1.3297912 5.6901394 -1.6019522 0.7844360 -0.2694027 -0.3658772 0.4221567
1403636706.863555670 1.3332311 5.6987356 -1.5959090 0.7852197 -0.2705106 -0.3642945 0.4213592
1403636706.913555384 1.3694446 5.7407984 -1.5923421 0.7851481 -0.2719663 -0.3641015 0.4207220
1403636706.963555574 1.3769508 5.7461049 -1.5813489 0.7847574 -0.2727332 -0.3633773 0.4215797
1403636707.013555527 1.4044441 5.7573742 -1.5756905 0.7828844 -0.2735389 -0.3648472 0.4232671
1403636707.063555479 1.4086213 5.8080004 -1.5803005 0.7810976 -0.2736600 -0.3656660 0.4257759
1403636707.113555431 1.4326433 5.8342006 -1.5765356 0.7793559 -0.2744805 -0.3666634 0.4275778
1403636707.163555622 1.4855074 5.8438926 -1.5654288 0.7787385 -0.2755922 -0.3661940 0.4283892
1403636707.213555574 1.4844944 5.9003151 -1.5655389 0.7784895 -0.2770114 -0.3649551 0.4289833
1403636707.263555527 1.5052187 5.9203123 -1.5650697 0.7782729 -0.2780912 -0.3637636 0.4296891
1403636707.313555479 1.5029811 5.9449178 -1.5529542 0.7785786 -0.2787166 -0.3617348 0.4304420
1403636707.363555670 1.5208703 6.0112089 -1.5394663 0.7786519 -0.2797518 -0.3606120 0.4305800
1403636707.413555384 1.5311413 6.0409897 -1.5308236 0.7787743 -0.2808542 -0.3598277 0.4302969
1403636707.463555574 1.5436367 6.1008833 -1.5218808 0.7791848 -0.2810419 -0.3585601 0.4304894
1403636707.513555527 1.5453016 6.1222542 -1.5098210 0.7790133 -0.2823145 -0.3588715 0.4297070
1403636707.563555479 1.5606301 6.1453291 -1.4959896 0.7787492 -0.2835761 -0.3594783 0.4288468
1403636707.613555431 1.5860821 6.1893465 -1.4889311 0.7790807 -0.2854083 -0.3598049 0.4267504
1403636707.663555622 1.6052754 6.2271113 -1.4752080 0.7788249 -0.2896761 -0.3630427 0.4215679
1403636707.713555574 1.6092978 6.2626556 -1.4708429 0.7786216 -0.2920549 -0.3651206 0.4184964
1403636707.763555527 1.6537352 6.3118906 -1.4524389 0.7786481 -0.2940763 -0.3668965 0.4154675
1403636707.813555479 1.6528704 6.3456436 -1.4592131 0.7778976 -0.2949337 -0.3685336 0.4148160
1403636707.863555670 1.6568214 6.3681535 -1.4545800 0.7771434 -0.2947144 -0.3703675 0.4147523
1403636707.913555384 1.6679792 6.4315793 -1.4585995 0.7761038 -0.2940989 -0.3725039 0.4152222
1403636707.963555574 1.6783730 6.4545293 -1.4590197 0.7756961 -0.2924460 -0.3734744 0.4162785
1403636708.013555527 1.7170390 6.4946326 -1.4774870 0.7754184 -0.2903627 -0.3741638 0.4176330
1403636708.063555479 1.7434329 6.5327354 -1.4870804 0.7753376 -0.2877878 -0.3743864 0.4193622
1403636708.113555431 1.7593673 6.5568813 -1.4913213 0.7749537 -0.2849688 -0.3750543 0.4213951
1403636708.163555622 1.7800585 6.5815685 -1.5061397 0.7746482 -0.2824318 -0.3755147 0.4232507
1403636708.213555574 1.7951962 6.6387278 -1.5081710 0.7739709 -0.2818574 -0.3776484 0.4229741
1403636708.263555527 1.8074256 6.6816029 -1.5212202 0.7727186 -0.2826922 -0.3809625 0.4217330
1403636708.313555479 1.8551699 6.7014810 -1.5319136 0.7704141 -0.2852524 -0.3864797 0.4191976
1403636708.363555670 1.8571318 6.7498779 -1.5410624 0.7680244 -0.2893619 -0.3928316 0.4148392
1403636708.413555384 1.8754630 6.7899074 -1.5524528 0.7659864 -0.2923778 -0.3977786 0.4117673
1403636708.463555574 1.8989570 6.8030334 -1.5657883 0.7643117 -0.2945077 -0.4016511 0.4095965
1403636708.513555527 1.9078421 6.8397818 -1.5686128 0.7633018 -0.2953125 -0.4034298 0.4091518
1403636708.563555479 1.9465657 6.8927637 -1.5757739 0.7625271 -0.2944535 -0.4040369 0.4106138
1403636708.613555431 1.9741536 6.9221023 -1.5794824 0.7625003 -0.2919036 -0.4018951 0.4145671
1403636708.663555622 1.9948222 6.9534172 -1.5793928 0.7638607 -0.2881241 -0.3972132 0.4191933
1403636708.713555574 2.0113558 7.0052948 -1.5982607 0.7640527 -0.2836510 -0.3930567 0.4257605
1403636708.763555527 2.0276763 7.0271266 -1.6086804 0.7649528 -0.2793946 -0.3881303 0.4314403
1403636708.813555479 2.0595673 7.0710584 -1.6080869 0.7646055 -0.2754943 -0.3846134 0.4376687
1403636708.863555670 2.0852923 7.0988686 -1.6279043 0.7648672 -0.2745591 -0.3818767 0.4401883
1403636708.913555384 2.0967468 7.1229877 -1.6291092 0.7635823 -0.2741306 -0.3808118 0.4435953
1403636708.963555574 2.1123462 7.1520983 -1.6250480 0.7625826 -0.2741387 -0.3792949 0.4465995
1403636709.013555527 2.1426731 7.1684288 -1.6429763 0.7605776 -0.2750514 -0.3803572 0.4485498
1403636709.063555479 2.1388297 7.2060078 -1.6410251 0.7592064 -0.2744826 -0.3790260 0.4523320
1403636709.113555431 2.1653644 7.2319063 -1.6536480 0.7579967 -0.2758687 -0.3791660 0.4533989
1403636709.163555622 2.1891663 7.2576814 -1.6504719 0.7582694 -0.2767311 -0.3770597 0.4541734
1403636709.213555574 2.1840530 7.2830219 -1.6568768 0.7594469 -0.2789033 -0.3749811 0.4525953
1403636709.263555527 2.2061415 7.3083433 -1.6486496 0.7614556 -0.2797299 -0.3715535 0.4515358
1403636709.313555479 2.2060799 7.3165504 -1.6499489 0.7632438 -0.2811101 -0.3693134 0.4494927
1403636709.363555670 2.2395704 7.3519140 -1.6474470 0.7649283 -0.2822613 -0.3675131 0.4473783
1403636709.413555384 2.2098250 7.3870802 -1.6505383 0.7661325 -0.2815681 -0.3648551 0.4479298
1403636709.463555574 2.2218567 7.4028396 -1.6520456 0.7664641 -0.2822199 -0.3649303 0.4468900
1403636709.513555527 2.2182751 7.4038227 -1.6365832 0.7673386 -0.2816097 -0.3632644 0.4471314
1403636709.563555479 2.2513618 7.4310569 -1.6415719 0.7679636 -0.2818584 -0.3628837 0.4462098
1403636709.613555431 2.2597003 7.4625557 -1.6484080 0.7690145 -0.2819053 -0.3616995 0.4453309
1403636709.663555622 2.2523871 7.4927892 -1.6638843 0.7697107 -0.2816933 -0.3612102 0.4446589
1403636709.713555574 2.2482076 7.5123534 -1.6595796 0.7703161 -0.2808661 -0.3608102 0.4444586
1403636709.763555527 2.2201173 7.5492015 -1.6681672 0.7707228 -0.2808384 -0.3616389 0.4430953
1403636709.813555479 2.2524575 7.5804387 -1.6667312 0.7709258 -0.2793673 -0.3616226 0.4436851
1403636709.863555670 2.2577109 7.6005921 -1.6816056 0.7708443 -0.2794322 -0.3629496 0.4427012
1403636709.913555384 2.2552438 7.6227038 -1.6801690 0.7708468 -0.2783144 -0.3630900 0.4432853
1403636709.963555574 2.2509182 7.6492753 -1.6841162 0.7707224 -0.2772509 -0.3638641 0.4435334
1403636710.013555527 2.2429702 7.6945542 -1.6815796 0.7707972 -0.2769685 -0.3648989 0.4427290
1403636710.063555479 2.2493066 7.7274462 -1.6798514 0.7707141 -0.2760553 -0.3656565 0.4428190
1403636710.113555431 2.2784899 7.7478383 -1.6927448 0.7705689 -0.2749612 -0.3667311 0.4428635
1403636710.163555622 2.2532445 7.7798878 -1.6703352 0.7707204 -0.2737091 -0.3672799 0.4429208
1403636710.213555574 2.2572095 7.8059207 -1.6913417 0.7707967 -0.2723998 -0.3681921 0.4428378
1403636710.263555527 2.2187580 7.8376087 -1.6731296 0.7706722 -0.2721710 -0.3703498 0.4413936
1403636710.313555479 2.2179988 7.8533020 -1.6851553 0.7694449 -0.2742523 -0.3757305 0.4376835
1403636710.363555670 2.2151473 7.8804856 -1.6976846 0.7687161 -0.2770416 -0.3817908 0.4319250
1403636710.413555384 2.2106689 7.9194958 -1.6969066 0.7684935 -0.2780768 -0.3878113 0.4262551
1403636710.463555574 2.1932685 7.9388129 -1.7022920 0.7691896 -0.2777989 -0.3933065 0.4201014
1403636710.513555527 2.1984882 7.9600979 -1.7256836 0.7700055 -0.2761864 -0.3991313 0.4141339
1403636710.563555479 2.1887199 7.9909930 -1.7225189 0.7711793 -0.2731456 -0.4038908 0.4093241
1403636710.613555431 2.1766036 8.0340069 -1.7341263 0.7721825 -0.2692686 -0.4081721 0.4057389
1403636710.663555622 2.1486046 8.0670006 -1.7465910 0.7737915 -0.2638758 -0.4120732 0.4022585
1403636710.713555574 2.1440985 8.1029869 -1.7688577 0.7754820 -0.2567642 -0.4153200 0.4002613
1403636710.763555527 2.1482793 8.0945054 -1.7817347 0.7773820 -0.2488860 -0.4187804 0.3979397
1403636710.813555479 2.1412466 8.1393754 -1.7955225 0.7798930 -0.2378296 -0.4202236 0.3982664
1403636710.863555670 2.1344525 8.1560123 -1.8127223 0.7831510 -0.2264264 -0.4211000 0.3975932
1403636710.913555384 2.1325482 8.1734795 -1.8074796 0.7863492 -0.2153120 -0.4220363 0.3964605
1403636710.963555574 2.1452735 8.1897006 -1.8190746 0.7886701 -0.2050180 -0.4233306 0.3959272
1403636711.013555527 2.1288692 8.2038729 -1.8251151 0.7920366 -0.1941883 -0.4217335 0.3963708
1403636711.063555479 2.1296694 8.2133668 -1.8313457 0.7934266 -0.1874180 -0.4234753 0.3949904
1403636711.113555431 2.1245576 8.2282521 -1.8362318 0.7947981 -0.1803848 -0.4235258 0.3954531
1403636711.163555622 2.1236063 8.2742270 -1.8349175 0.7951741 -0.1755298 -0.4247970 0.3955186
1403636711.213555574 2.1170980 8.2811287 -1.8336362 0.7955019 -0.1718172 -0.4257758 0.3954371
1403636711.263555527 2.0893061 8.3146466 -1.8470966 0.7957143 -0.1693361 -0.4266403 0.3951483
1403636711.313555479 2.0862963 8.3278284 -1.8522808 0.7951520 -0.1690344 -0.4295376 0.3932661
1403636711.363555670 2.0785260 8.3268968 -1.8530039 0.7943576 -0.1695285 -0.4321827 0.3917579
1403636711.413555384 2.0587806 8.3491566 -1.8544769 0.7912571 -0.1703423 -0.4372763 0.3920270
1403636711.463555574 2.0604738 8.3905364 -1.8449189 0.7867829 -0.1710804 -0.4434087 0.3938183
1403636711.513555527 2.0587005 8.4087599 -1.8487169 0.7827310 -0.1715150 -0.4481652 0.3963114
1403636711.563555479 2.0315025 8.4235786 -1.8535809 0.7795353 -0.1706984 -0.4502622 0.4005630
1403636711.613555431 2.0106621 8.4331209 -1.8290100 0.7776137 -0.1701741 -0.4509292 0.4037580
1403636711.663555622 2.0068226 8.4325594 -1.8398767 0.7767374 -0.1699238 -0.4503955 0.4061389
1403636711.713555574 2.0038322 8.4298459 -1.8344227 0.7772258 -0.1696491 -0.4479838 0.4079826
1403636711.763555527 1.9948750 8.4539616 -1.8394772 0.7776084 -0.1707604 -0.4468474 0.4080362
1403636711.813555479 1.9838593 8.4544813 -1.8311421 0.7787965 -0.1731053 -0.4458415 0.4058767
1403636711.863555670 1.9536336 8.4597753 -1.8254160 0.7806425 -0.1765172 -0.4451320 0.4016174
1403636711.913555384 1.9234992 8.4806553 -1.8292756 0.7826939 -0.1809497 -0.4448650 0.3959073
1403636711.963555574 1.9306371 8.5071817 -1.8113550 0.7845024 -0.1853421 -0.4448519 0.3902705
1403636712.013555527 1.9132615 8.4915669 -1.8055879 0.7856522 -0.1899688 -0.4458114 0.3845967
1403636712.063555479 1.8593513 8.5116572 -1.8115416 0.7863374 -0.1940655 -0.4471485 0.3795661
1403636712.113555431 1.8368855 8.5047813 -1.7991757 0.7860508 -0.1963834 -0.4486785 0.3771543
1403636712.163555622 1.8565177 8.4888228 -1.7892564 0.7855915 -0.1969222 -0.4499891 0.3762677
1403636712.213555574 1.8341952 8.4911119 -1.7805707 0.7864148 -0.1922453 -0.4489246 0.3782330
1403636712.263555527 1.8150284 8.5046804 -1.7696231 0.7877643 -0.1849607 -0.4478064 0.3803766
1403636712.313555479 1.8018776 8.5067502 -1.7458316 0.7885696 -0.1762134 -0.4481436 0.3824580
1403636712.363555670 1.7653952 8.5075196 -1.7437669 0.7898904 -0.1668906 -0.4484473 0.3835566
1403636712.413555384 1.7314039 8.5079863 -1.7359486 0.7907339 -0.1591176 -0.4496283 0.3837392
1403636712.463555574 1.7069090 8.4989888 -1.7249332 0.7910369 -0.1517068 -0.4515310 0.3838821
1403636712.513555527 1.6912378 8.4962234 -1.7096838 0.7915907 -0.1453282 -0.4536258 0.3827369
1403636712.563555479 1.6985808 8.4940706 -1.6998342 0.7918370 -0.1405198 -0.4563013 0.3808378
1403636712.613555431 1.6372847 8.4884666 -1.6884485 0.7909145 -0.1364850 -0.4606429 0.3789910
1403636712.663555622 1.6449336 8.4827056 -1.6734022 0.7894244 -0.1338098 -0.4659547 0.3765505
1403636712.713555574 1.6246551 8.4832625 -1.6514772 0.7880842 -0.1315650 -0.4705127 0.3744753
1403636712.763555527 1.5877714 8.4996495 -1.6450168 0.7878147 -0.1294091 -0.4735176 0.3719977
1403636712.813555479 1.5572665 8.4766683 -1.6262019 0.7885197 -0.1278362 -0.4746582 0.3695864
1403636712.863555670 1.5647407 8.4702126 -1.6241850 0.7901551 -0.1266834 -0.4741248 0.3671674
1403636712.913555384 1.5345395 8.4607984 -1.6172757 0.7918051 -0.1257781 -0.4731645 0.3651573
1403636712.963555574 1.5075222 8.4371093 -1.6214757 0.7938585 -0.1248062 -0.4710352 0.3637830
1403636713.013555527 1.4851568 8.4262988 -1.6044404 0.7951315 -0.1233959 -0.4689218 0.3642138
1403636713.063555479 1.4810893 8.3963801 -1.6080135 0.7949282 -0.1237122 -0.4698612 0.3633385
1403636713.113555431 1.4543066 8.3823745 -1.5887669 0.7948624 -0.1241105 -0.4713290 0.3614406
1403636713.163555622 1.4373463 8.3718099 -1.5904645 0.7957214 -0.1240596 -0.4712741 0.3596351
1403636713.213555574 1.4085449 8.3510968 -1.5789601 0.7966571 -0.1247364 -0.4708748 0.3578480
1403636713.263555527 1.3988292 8.3478841 -1.5867888 0.7982303 -0.1250531 -0.4694957 0.3560392
1403636713.313555479 1.3556771 8.3099115 -1.5619452 0.7990019 -0.1249951 -0.4683593 0.3558254
1403636713.363555670 1.3355864 8.2934201 -1.5432401 0.8002860 -0.1253087 -0.4668650 0.3547917
1403636713.413555384 1.3294465 8.3051378 -1.5309869 0.8004566 -0.1267849 -0.4674472 0.3531117
1403636713.463555574 1.3062495 8.2727952 -1.5141703 0.8008339 -0.1280675 -0.4674430 0.3517966
1403636713.513555527 1.2754390 8.2788653 -1.4993163 0.8012983 -0.1296841 -0.4676196 0.3499070
1403636713.563555479 1.2193821 8.2286580 -1.4770968 0.8012363 -0.1315977 -0.4684508 0.3482186
1403636713.613555431 1.2157769 8.2191726 -1.4595433 0.8022713 -0.1345089 -0.4681950 0.3450529
1403636713.663555622 1.1760611 8.2068433 -1.4608330 0.8031332 -0.1369128 -0.4678569 0.3425520
1403636713.713555574 1.1546073 8.1848746 -1.4403135 0.8035853 -0.1394903 -0.4680955 0.3401172
1403636713.763555527 1.1200468 8.1798276 -1.4103034 0.8039414 -0.1421061 -0.4681936 0.3380515
1403636713.813555479 1.1081260 8.1520351 -1.4140376 0.8043250 -0.1439120 -0.4680441 0.3365790
1403636713.863555670 1.1039857 8.1229720 -1.4050074 0.8042755 -0.1448807 -0.4676309 0.3368559
1403636713.913555384 1.1026111 8.1119956 -1.4045511 0.8045500 -0.1446155 -0.4659848 0.3385910
1403636713.963555574 1.0369611 8.0992659 -1.3923227 0.8048005 -0.1440025 -0.4643347 0.3405184
1403636714.013555527 1.0319661 8.0664600 -1.3834052 0.8053831 -0.1440216 -0.4623942 0.3417712
1403636714.063555479 1.0147481 8.0313299 -1.3752676 0.8050320 -0.1420615 -0.4601769 0.3463802
1403636714.113555431 0.9984283 8.0107188 -1.3647385 0.8051274 -0.1424079 -0.4589494 0.3476424
1403636714.163555622 0.9791052 7.9855509 -1.3604593 0.8049765 -0.1424977 -0.4578666 0.3493786
1403636714.213555574 0.9386178 7.9740253 -1.3487460 0.8039441 -0.1433623 -0.4585019 0.3505669
1403636714.263555527 0.9264782 7.9635509 -1.3531112 0.8030452 -0.1455431 -0.4600024 0.3497620
1403636714.313555479 0.9252776 7.9333017 -1.3550565 0.8025897 -0.1477043 -0.4608988 0.3487198
1403636714.363555670 0.9092313 7.9226801 -1.3461217 0.8030105 -0.1490147 -0.4601503 0.3481816
1403636714.413555384 0.8907851 7.8893594 -1.3400569 0.8050221 -0.1496611 -0.4571783 0.3471730
1403636714.463555574 0.8682293 7.8734863 -1.3528211 0.8078120 -0.1492223 -0.4542886 0.3446656
1403636714.513555527 0.8807138 7.8423283 -1.3387180 0.8107822 -0.1474611 -0.4519235 0.3415444
1403636714.563555479 0.8701425 7.8328699 -1.3413350 0.8135819 -0.1450390 -0.4510502 0.3370489
1403636714.613555431 0.8554679 7.8286004 -1.3483223 0.8163946 -0.1405052 -0.4506540 0.3326696
1403636714.663555622 0.8493285 7.7944907 -1.3531905 0.8186694 -0.1339405 -0.4510540 0.3292274
1403636714.713555574 0.8488731 7.7719249 -1.3483337 0.8208616 -0.1262672 -0.4525139 0.3247676
1403636714.763555527 0.8238870 7.7305063 -1.3483395 0.8229089 -0.1167601 -0.4543323 0.3205777
1403636714.813555479 0.8251060 7.6996355 -1.3490762 0.8242984 -0.1050233 -0.4569163 0.3173795
1403636714.863555670 0.8251901 7.6713072 -1.3431483 0.8253525 -0.0923425 -0.4598620 0.3143136
1403636714.913555384 0.7892405 7.6534805 -1.3447652 0.8266227 -0.0799300 -0.4628584 0.3099488
1403636714.963555574 0.7975243 7.6585978 -1.3305846 0.8280975 -0.0682447 -0.4658330 0.3042973
1403636715.013555527 0.7812353 7.6227990 -1.3322228 0.8290553 -0.0575114 -0.4685693 0.2996708
1403636715.063555479 0.7803377 7.6165445 -1.3287758 0.8299705 -0.0478283 -0.4709049 0.2951440
1403636715.113555431 0.7434074 7.6000035 -1.3140401 0.8310001 -0.0388176 -0.4718011 0.2921228
1403636715.163555622 0.7311142 7.5709864 -1.3041655 0.8315844 -0.0325433 -0.4736885 0.2881451
1403636715.213555574 0.7374843 7.5846858 -1.3009227 0.8318316 -0.0269567 -0.4749167 0.2859785
1403636715.263555527 0.7199606 7.5754622 -1.2807354 0.8314341 -0.0233392 -0.4773506 0.2833885
1403636715.313555479 0.6960593 7.5701376 -1.2708904 0.8304020 -0.0213008 -0.4806481 0.2809915
1403636715.363555670 0.6949464 7.5281283 -1.2634276 0.8295445 -0.0194304 -0.4829711 0.2796736
1403636715.413555384 0.6983515 7.5405757 -1.2603318 0.8276066 -0.0202320 -0.4877478 0.2770561
1403636715.463555574 0.6772545 7.5210810 -1.2471269 0.8257245 -0.0214431 -0.4920026 0.2750503
1403636715.513555527 0.6633037 7.5336329 -1.2435817 0.8239726 -0.0245802 -0.4969964 0.2710343
1403636715.563555479 0.6591946 7.5450577 -1.2299210 0.8226469 -0.0291717 -0.5019071 0.2655004
1403636715.613555431 0.6611610 7.5289794 -1.2308243 0.8223701 -0.0310618 -0.5034485 0.2632151
1403636715.663555622 0.6624793 7.4983643 -1.2285460 0.8199577 -0.0311419 -0.5061438 0.2655524
1403636715.713555574 0.6702980 7.4908063 -1.2246099 0.8162412 -0.0292798 -0.5089932 0.2716963
1403636715.763555527 0.6627718 7.4891845 -1.2279303 0.8129884 -0.0272687 -0.5108418 0.2781131
1403636715.813555479 0.6388894 7.4906574 -1.2447367 0.8100643 -0.0258030 -0.5124117 0.2838383
1403636715.863555670 0.6543142 7.4756198 -1.2359736 0.8073633 -0.0249900 -0.5144041 0.2879730
1403636715.913555384 0.6409295 7.4638566 -1.2315588 0.8047449 -0.0237787 -0.5157388 0.2929740
1403636715.963555574 0.6767773 7.4558804 -1.2336218 0.8030590 -0.0243583 -0.5169581 0.2953933
1403636716.013555527 0.6500151 7.4460256 -1.2101147 0.8022346 -0.0250347 -0.5174677 0.2966818
1403636716.063555479 0.6266160 7.3947462 -1.2130788 0.8024862 -0.0259658 -0.5166302 0.2973802
1403636716.113555431 0.6411503 7.4076481 -1.2180427 0.8032944 -0.0281181 -0.5160143 0.2960687
1403636716.163555622 0.6452865 7.3754212 -1.2037265 0.8063145 -0.0301234 -0.5124879 0.2937783
1403636716.213555574 0.6466596 7.3808107 -1.2056613 0.8101662 -0.0325569 -0.5079943 0.2907104
1403636716.263555527 0.6494911 7.3756517 -1.2031917 0.8124764 -0.0342599 -0.5046117 0.2899575
1403636716.313555479 0.6238895 7.3580863 -1.1800580 0.8146250 -0.0357977 -0.5014795 0.2891763
1403636716.363555670 0.6519058 7.3449940 -1.1898376 0.8161423 -0.0374795 -0.4991534 0.2887089
1403636716.413555384 0.6454707 7.3376871 -1.1853335 0.8163855 -0.0387743 -0.4983872 0.2891737
1403636716.463555574 0.6509340 7.3189188 -1.1758900 0.8169424 -0.0395630 -0.4970465 0.2898012
1403636716.513555527 0.6434100 7.3265571 -1.1823127 0.8166730 -0.0406525 -0.4968531 0.2907396
1403636716.563555479 0.6356599 7.2811641 -1.1702728 0.8162297 -0.0392529 -0.4966435 0.2925294
1403636716.613555431 0.6546354 7.2366624 -1.1999032 0.8163211 -0.0371519 -0.4965450 0.2927159
1403636716.663555622 0.6444709 7.2300242 -1.1809011 0.8160873 -0.0340817 -0.4977375 0.2917145
1403636716.713555574 0.6720428 7.2033310 -1.1876825 0.8162278 -0.0298406 -0.4988935 0.2898051
1403636716.763555527 0.6373611 7.1737088 -1.1918609 0.8160347 -0.0255255 -0.5010774 0.2869794
1403636716.813555479 0.6541131 7.1826244 -1.1837763 0.8161814 -0.0197114 -0.5032795 0.2831416
1403636716.863555670 0.6533973 7.1495986 -1.1903803 0.8165282 -0.0131896 -0.5055476 0.2784408
1403636716.913555384 0.6690501 7.1343458 -1.1900887 0.8167507 -0.0053968 -0.5082858 0.2730104
1403636716.963555574 0.6658725 7.0857467 -1.2081868 0.8174398 0.0044764 -0.5102187 0.2672996
1403636717.013555527 0.6565853 7.0738669 -1.1998023 0.8171156 0.0141836 -0.5135281 0.2615526
1403636717.063555479 0.6638603 7.0435825 -1.1984842 0.8172921 0.0245946 -0.5158775 0.2555369
1403636717.113555431 0.6661746 7.0330634 -1.2029383 0.8169187 0.0344781 -0.5186252 0.2499658
1403636717.163555622 0.6385552 7.0054479 -1.1981327 0.8165589 0.0432240 -0.5203894 0.2460854
1403636717.213555574 0.6503793 6.9856039 -1.1987610 0.8162428 0.0509469 -0.5218557 0.2425258
1403636717.263555527 0.6539987 6.9660398 -1.2049254 0.8156864 0.0585926 -0.5224573 0.2413732
1403636717.313555479 0.6510807 6.9451902 -1.2025679 0.8152807 0.0662204 -0.5218266 0.2421347
1403636717.363555670 0.6387542 6.9090737 -1.1954954 0.8141086 0.0737762 -0.5212542 0.2451089
1403636717.413555384 0.6700421 6.8930339 -1.1940784 0.8130784 0.0800692 -0.5206909 0.2477365
1403636717.463555574 0.6578438 6.8728561 -1.1790469 0.8123499 0.0841820 -0.5206290 0.2488905
1403636717.513555527 0.6460659 6.8706967 -1.1870856 0.8123021 0.0860849 -0.5206334 0.2483860
1403636717.563555479 0.6146633 6.8538648 -1.1878000 0.8120969 0.0859149 -0.5220420 0.2461491
1403636717.613555431 0.6275289 6.8145662 -1.1817838 0.8126844 0.0844203 -0.5230315 0.2426011
1403636717.663555622 0.5938963 6.8038879 -1.1947706 0.8123857 0.0835389 -0.5241647 0.2414583
1403636717.713555574 0.5991320 6.7637429 -1.1879996 0.8121858 0.0824341 -0.5251657 0.2403327
1403636717.763555527 0.6131790 6.7652677 -1.1830267 0.8122001 0.0849662 -0.5239415 0.2420683
1403636717.813555479 0.6025833 6.7333255 -1.1969266 0.8121921 0.0873902 -0.5237594 0.2416258
1403636717.863555670 0.5969363 6.6845379 -1.1898513 0.8120504 0.0917556 -0.5235371 0.2409646
1403636717.913555384 0.5672960 6.6800077 -1.1895587 0.8115934 0.0969811 -0.5240818 0.2392678
1403636717.963555574 0.5911697 6.6685230 -1.1962114 0.8107468 0.1030271 -0.5250986 0.2373741
1403636718.013555527 0.5652187 6.6526462 -1.1921902 0.8098818 0.1095888 -0.5268658 0.2334398
1403636718.063555479 0.5596830 6.6207260 -1.1952969 0.8092752 0.1162826 -0.5286511 0.2282105
1403636718.113555431 0.5480372 6.6159617 -1.1928090 0.8084604 0.1220995 -0.5320768 0.2199494
1403636718.163555622 0.5106530 6.5943173 -1.1834832 0.8080436 0.1279996 -0.5348450 0.2112404
1403636718.213555574 0.4920268 6.5585203 -1.1880932 0.8074788 0.1332628 -0.5374823 0.2033024
1403636718.263555527 0.4561418 6.5246468 -1.1881794 0.8071835 0.1380515 -0.5393016 0.1963424
1403636718.313555479 0.4612860 6.5085178 -1.1793833 0.8070478 0.1420622 -0.5409053 0.1895088
1403636718.363555670 0.4387463 6.5003026 -1.1946091 0.8063382 0.1470980 -0.5426638 0.1835672
1403636718.413555384 0.4102908 6.4666858 -1.1876176 0.8060826 0.1521930 -0.5438092 0.1770305
1403636718.463555574 0.4139509 6.4309390 -1.1904864 0.8053552 0.1567759 -0.5459313 0.1696565
1403636718.513555527 0.3743488 6.4293034 -1.1983402 0.8041071 0.1625689 -0.5479968 0.1633480
1403636718.563555479 0.3572503 6.4163200 -1.2019408 0.8034071 0.1665212 -0.5498680 0.1563741
1403636718.613555431 0.3555870 6.3785316 -1.2145926 0.8031003 0.1699049 -0.5511586 0.1496211
1403636718.663555622 0.3180440 6.3645652 -1.2258727 0.8031479 0.1714979 -0.5527148 0.1415921
1403636718.713555574 0.3046358 6.3323729 -1.2352705 0.8033996 0.1736129 -0.5533259 0.1350484
1403636718.763555527 0.3164510 6.3084421 -1.2436134 0.8025297 0.1764435 -0.5545755 0.1313764
1403636718.813555479 0.2750230 6.2764974 -1.2542929 0.8015930 0.1812267 -0.5543148 0.1316837
1403636718.863555670 0.2698098 6.2816732 -1.2721491 0.8001558 0.1869745 -0.5537571 0.1347008
1403636718.913555384 0.2483008 6.2450812 -1.2687965 0.7985523 0.1916999 -0.5537351 0.1376332
1403636718.963555574 0.2403225 6.2419311 -1.2846838 0.7968256 0.1957885 -0.5539728 0.1408903
1403636719.013555527 0.2304263 6.2033974 -1.2942854 0.7955746 0.1988084 -0.5541523 0.1430089
1403636719.063555479 0.1992955 6.2031821 -1.2839440 0.7939652 0.2003574 -0.5555917 0.1442011
1403636719.113555431 0.1787595 6.2085656 -1.2883944 0.7921687 0.2013427 -0.5574232 0.1456339
1403636719.163555622 0.1794331 6.1796679 -1.2982267 0.7901978 0.2010221 -0.5602271 0.1460241
1403636719.213555574 0.1619381 6.1697962 -1.2818645 0.7884193 0.2001108 -0.5629807 0.1462991
1403636719.263555527 0.1453901 6.1683392 -1.2987347 0.7866840 0.1990553 -0.5656472 0.1467944
1403636719.313555479 0.1418073 6.1580975 -1.3002034 0.7858387 0.1966686 -0.5680476 0.1452617
1403636719.363555670 0.1079372 6.1268036 -1.2935678 0.7846213 0.1954249 -0.5700820 0.1455505
1403636719.413555384 0.1136186 6.1135111 -1.3141615 0.7841147 0.1940298 -0.5713358 0.1452309
1403636719.463555574 0.0932033 6.1080271 -1.3171717 0.7840109 0.1924641 -0.5721227 0.1447761
1403636719.513555527 0.0712144 6.0865539 -1.3203694 0.7843531 0.1911178 -0.5722092 0.1443638
1403636719.563555479 0.0875093 6.0490072 -1.3279228 0.7862548 0.1905418 -0.5698544 0.1440946
1403636719.613555431 0.0718950 6.0549162 -1.3409934 0.7882391 0.1890724 -0.5679900 0.1425419
1403636719.663555622 0.0495630 6.0467958 -1.3336367 0.7905037 0.1888320 -0.5648032 0.1429814
1403636719.713555574 0.0423804 5.9966385 -1.3515546 0.7928659 0.1879661 -0.5617960 0.1428903
1403636719.763555527 0.0266510 5.9847576 -1.3550938 0.7945970 0.1868144 -0.5596761 0.1431039
1403636719.813555479 0.0317939 5.9720145 -1.3473383 0.7961925 0.1855474 -0.5577834 0.1432738
1403636719.863555670 0.0239508 5.9498102 -1.3514246 0.7968843 0.1840883 -0.5571711 0.1436915
1403636719.913555384 0.0093585 5.9474723 -1.3405478 0.7976110 0.1826527 -0.5565346 0.1439583
1403636719.963555574 -0.0127456 5.9037262 -1.3437634 0.7988838 0.1816729 -0.5550402 0.1439097
1403636720.013555527 -0.0035309 5.8680577 -1.3528669 0.7992378 0.1810158 -0.5544116 0.1451898
1403636720.063555479 -0.0379531 5.8499905 -1.3595035 0.7997477 0.1804186 -0.5539204 0.1449999
1403636720.113555431 -0.0347403 5.8332727 -1.3470648 0.8000097 0.1802726 -0.5534140 0.1456679
1403636720.163555622 -0.0333640 5.8167787 -1.3595129 0.8007169 0.1801752 -0.5524081 0.1457209
1403636720.213555574 -0.0284773 5.8160059 -1.3612838 0.8009188 0.1797058 -0.5524502 0.1450298
1403636720.263555527 -0.0327735 5.7855031 -1.3576664 0.8008319 0.1796065 -0.5526487 0.1448767
1403636720.313555479 -0.0470893 5.7533933 -1.3621080 0.8008629 0.1792051 -0.5529091 0.1442069
1403636720.363555670 -0.0450039 5.7485030 -1.3719217 0.8007375 0.1796596 -0.5529425 0.1442100
1403636720.413555384 -0.0510735 5.7507921 -1.3866204 0.8007039 0.1799062 -0.5530999 0.1434833
1403636720.463555574 -0.0591880 5.7260218 -1.3899974 0.8009765 0.1800669 -0.5529530 0.1423215
1403636720.513555527 -0.0614312 5.7145017 -1.3798794 0.8011993 0.1802925 -0.5527629 0.1415182
1403636720.563555479 -0.0491830 5.7113646 -1.4005145 0.8011694 0.1804638 -0.5530545 0.1403250
1403636720.613555431 -0.0715457 5.6863132 -1.3959201 0.8012897 0.1817508 -0.5523230 0.1408573
1403636720.663555622 -0.0497414 5.6609356 -1.4052863 0.8012374 0.1820077 -0.5526415 0.1395681
1403636720.713555574 -0.0669947 5.6359507 -1.4014752 0.8004176 0.1818217 -0.5537467 0.1401329
1403636720.763555527 -0.0565176 5.6185295 -1.4000071 0.8010080 0.1803395 -0.5533467 0.1402541
1403636720.813555479 -0.0480360 5.6228116 -1.4058614 0.8017508 0.1779214 -0.5525281 0.1423111
1403636720.863555670 -0.0825455 5.6127679 -1.3918967 0.8025364 0.1750445 -0.5513424 0.1460009
1403636720.913555384 -0.0493762 5.6038577 -1.3992630 0.8036510 0.1701631 -0.5502841 0.1495897
1403636720.963555574 -0.0583201 5.5932974 -1.3989593 0.8042290 0.1645588 -0.5500684 0.1534953
1403636721.013555527 -0.0511010 5.5726336 -1.4023348 0.8046887 0.1584040 -0.5504706 0.1560975
1403636721.063555479 -0.0518186 5.5453242 -1.3946601 0.8048820 0.1520153 -0.5509968 0.1595586
1403636721.113555431 -0.0567582 5.5386647 -1.4024045 0.8056374 0.1451545 -0.5506566 0.1632665
1403636721.163555622 -0.0367451 5.5334154 -1.4045020 0.8056582 0.1379152 -0.5507407 0.1690529
1403636721.213555574 -0.0477754 5.5199896 -1.4075130 0.8062676 0.1304874 -0.5502269 0.1736545
1403636721.263555527 -0.0300632 5.4908552 -1.4099888 0.8058358 0.1233468 -0.5511497 0.1778994
1403636721.313555479 -0.0435695 5.5142220 -1.4074255 0.8066651 0.1179065 -0.5498514 0.1818045
1403636721.363555670 -0.0344920 5.5005495 -1.4054069 0.8072588 0.1129961 -0.5486769 0.1857922
1403636721.413555384 -0.0363633 5.4823485 -1.4080350 0.8072698 0.1092688 -0.5480903 0.1896650
1403636721.463555574 -0.0099082 5.4810297 -1.4011888 0.8079620 0.1057594 -0.5468720 0.1922064
1403636721.513555527 -0.0281303 5.4492361 -1.3997886 0.8088458 0.1024747 -0.5448354 0.1960147
1403636721.563555479 -0.0262608 5.4574982 -1.3891167 0.8098961 0.0983354 -0.5427878 0.1994488
1403636721.613555431 -0.0266725 5.4354662 -1.3942313 0.8108818 0.0947121 -0.5403984 0.2036415
1403636721.663555622 -0.0399255 5.4305094 -1.3896690 0.8119804 0.0916137 -0.5380636 0.2068387
1403636721.713555574 -0.0124413 5.4238185 -1.3878700 0.8117794 0.0892804 -0.5375063 0.2100721
1403636721.763555527 -0.0232976 5.3951148 -1.3900825 0.8121910 0.0881127 -0.5358157 0.2132684
1403636721.813555479 0.0147027 5.3704248 -1.3906397 0.8121854 0.0865896 -0.5355255 0.2146384
1403636721.863555670 0.0187736 5.3618421 -1.3944264 0.8120074 0.0851718 -0.5358482 0.2150731
1403636721.913555384 0.0117440 5.3607099 -1.3897036 0.8119671 0.0847446 -0.5356867 0.2157953
1403636721.963555574 0.0099829 5.3546667 -1.4046759 0.8115757 0.0863954 -0.5350384 0.2182077
1403636722.013555527 0.0387761 5.3449651 -1.4097197 0.8112080 0.0885201 -0.5341129 0.2209732
1403636722.063555479 0.0478016 5.3190323 -1.4201797 0.8108653 0.0907119 -0.5333369 0.2232053
1403636722.113555431 0.0201926 5.2868723 -1.4216830 0.8108863 0.0918907 -0.5331401 0.2231171
1403636722.163555622 0.0091505 5.2690180 -1.4065896 0.8112645 0.0916659 -0.5333387 0.2213529
1403636722.213555574 0.0481285 5.2619551 -1.4197074 0.8114826 0.0916825 -0.5336755 0.2197291
1403636722.263555527 0.0276236 5.2348827 -1.4250928 0.8119479 0.0915559 -0.5338060 0.2177369
1403636722.313555479 0.0459864 5.2345025 -1.4008260 0.8118445 0.0912895 -0.5348233 0.2157287
1403636722.363555670 0.0138178 5.2231559 -1.4130766 0.8121695 0.0911102 -0.5346988 0.2148878
1403636722.413555384 0.0242832 5.2071361 -1.4085014 0.8124357 0.0902117 -0.5341196 0.2156995
1403636722.463555574 0.0338148 5.1937910 -1.4125114 0.8123187 0.0883229 -0.5339769 0.2172697
1403636722.513555527 0.0329871 5.1851833 -1.4082696 0.8124940 0.0859258 -0.5337132 0.2182213
1403636722.563555479 0.0236497 5.1642684 -1.4058829 0.8128131 0.0841054 -0.5329961 0.2194908
1403636722.613555431 0.0383376 5.1380615 -1.4107913 0.8128938 0.0835347 -0.5320733 0.2216386
1403636722.663555622 0.0226338 5.1159193 -1.4264608 0.8132097 0.0825539 -0.5311882 0.2229662
1403636722.713555574 0.0285704 5.1022312 -1.4272582 0.8130004 0.0818512 -0.5309710 0.2245007
1403636722.763555527 0.0312837 5.1011561 -1.4257415 0.8132243 0.0817161 -0.5299473 0.2261516
1403636722.813555479 0.0341988 5.0940259 -1.4350074 0.8136333 0.0817478 -0.5289153 0.2270829
1403636722.863555670 0.0216751 5.0704748 -1.4318832 0.8135333 0.0818034 -0.5285385 0.2282957
1403636722.913555384 0.0303858 5.0706147 -1.4301562 0.8138275 0.0808885 -0.5285093 0.2276398
1403636722.963555574 0.0154323 5.0582583 -1.4310279 0.8142471 0.0802098 -0.5284330 0.2265538
1403636723.013555527 0.0200571 5.0389053 -1.4292105 0.8141604 0.0791496 -0.5293760 0.2250317
1403636723.063555479 0.0275832 5.0196843 -1.4321713 0.8138818 0.0777670 -0.5307353 0.2233132
1403636723.113555431 0.0176336 5.0292964 -1.4148747 0.8138468 0.0772153 -0.5312051 0.2225136
1403636723.163555622 0.0297904 5.0123770 -1.4055200 0.8137905 0.0769662 -0.5313493 0.2224616
1403636723.213555574 0.0065529 4.9957124 -1.4010226 0.8139423 0.0765264 -0.5313230 0.2221204
1403636723.263555527 0.0209539 4.9808016 -1.4063303 0.8143167 0.0772262 -0.5302886 0.2229762
1403636723.313555479 -0.0155687 4.9939586 -1.4110350 0.8139622 0.0782428 -0.5297430 0.2252018
1403636723.363555670 -0.0090455 4.9421955 -1.3953215 0.8139832 0.0773808 -0.5290765 0.2269835
1403636723.413555384 -0.0063506 4.9332482 -1.3942326 0.8136478 0.0758376 -0.5281199 0.2309009
1403636723.463555574 -0.0084262 4.9264814 -1.4048054 0.8125359 0.0734243 -0.5278226 0.2362153
1403636723.513555527 -0.0025408 4.9191300 -1.3961950 0.8106722 0.0682810 -0.5294655 0.2404464
1403636723.563555479 -0.0017122 4.9034921 -1.3971179 0.8075377 0.0617158 -0.5337019 0.2433852
1403636723.613555431 -0.0017018 4.9012477 -1.3929271 0.8042978 0.0557332 -0.5379519 0.2461841
1403636723.663555622 0.0189664 4.8564610 -1.3943558 0.8040129 0.0509398 -0.5380508 0.2479308
1403636723.713555574 -0.0118443 4.8449477 -1.3872320 0.8063802 0.0478541 -0.5343224 0.2489187
1403636723.763555527 -0.0151268 4.8080882 -1.3877461 0.8092770 0.0445250 -0.5299792 0.2494200
1403636723.813555479 0.0021558 4.8199345 -1.3787938 0.8123615 0.0411859 -0.5259847 0.2484204
1403636723.863555670 -0.0265908 4.7996848 -1.3667278 0.8146172 0.0384766 -0.5228419 0.2481021
1403636723.913555384 -0.0190171 4.7868187 -1.3758955 0.8168603 0.0359919 -0.5198034 0.2474840
1403636723.963555574 -0.0032500 4.7634482 -1.3764695 0.8195298 0.0336516 -0.5162075 0.2465124
1403636724.013555527 -0.0284134 4.7470717 -1.3768886 0.8220468 0.0313570 -0.5120914 0.2470185
1403636724.063555479 -0.0360478 4.7048711 -1.3860903 0.8241729 0.0276648 -0.5082955 0.2482123
1403636724.113555431 -0.0163069 4.7069367 -1.3789791 0.8264171 0.0232023 -0.5037982 0.2503675
1403636724.163555622 -0.0167133 4.6816776 -1.3937029 0.8265858 0.0180441 -0.5015329 0.2547449
1403636724.213555574 -0.0294504 4.6621721 -1.4023817 0.8274755 0.0111581 -0.4987082 0.2577790
1403636724.263555527 -0.0126420 4.6706075 -1.3946634 0.8274622 0.0039149 -0.4962989 0.2626372
1403636724.313555479 -0.0246037 4.6388415 -1.4056687 0.8267156 -0.0032517 -0.4942673 0.2687574
1403636724.363555670 -0.0376401 4.6200099 -1.4111784 0.8254238 -0.0110893 -0.4930494 0.2746905
1403636724.413555384 -0.0234063 4.6109166 -1.4189177 0.8234856 -0.0188252 -0.4923923 0.2811883
1403636724.463555574 -0.0573942 4.5958249 -1.3993189 0.8221343 -0.0257262 -0.4915831 0.2859710
1403636724.513555527 -0.0500115 4.5776833 -1.4099652 0.8202042 -0.0308534 -0.4912762 0.2914804
1403636724.563555479 -0.0372593 4.5896166 -1.4145371 0.8185981 -0.0355324 -0.4912966 0.2954020
1403636724.613555431 -0.0551942 4.5706066 -1.4099902 0.8180931 -0.0394126 -0.4900325 0.2983931
1403636724.663555622 -0.0645803 4.5637853 -1.4055165 0.8174681 -0.0423315 -0.4894145 0.3007114
1403636724.713555574 -0.0592639 4.5468672 -1.4057789 0.8173664 -0.0449039 -0.4885659 0.3019920
1403636724.763555527 -0.0816519 4.5053069 -1.4024099 0.8175798 -0.0468423 -0.4875683 0.3027312
1403636724.813555479 -0.0714740 4.5057039 -1.3928163 0.8180419 -0.0480113 -0.4865610 0.3029205
1403636724.863555670 -0.0929274 4.5051581 -1.3812219 0.8186221 -0.0489785 -0.4859534 0.3021725
1403636724.913555384 -0.0935581 4.5111796 -1.3677518 0.8191515 -0.0500186 -0.4860873 0.3003465
1403636724.963555574 -0.1126389 4.4941670 -1.3434479 0.8197199 -0.0510883 -0.4865342 0.2978820
1403636725.013555527 -0.1252685 4.4840236 -1.3282439 0.8199498 -0.0520946 -0.4877331 0.2951016
1403636725.063555479 -0.1124017 4.4760535 -1.3207265 0.8197945 -0.0528307 -0.4891528 0.2930450
1403636725.113555431 -0.1112739 4.4457381 -1.2921795 0.8201167 -0.0532041 -0.4897853 0.2910126
1403636725.163555622 -0.1176403 4.4476537 -1.2769745 0.8207718 -0.0536007 -0.4899058 0.2888821
1403636725.213555574 -0.1216859 4.4350910 -1.2652491 0.8207192 -0.0526714 -0.4899393 0.2891457
1403636725.263555527 -0.1247146 4.4065650 -1.2466778 0.8210257 -0.0522132 -0.4899920 0.2882680
1403636725.313555479 -0.1212322 4.4009679 -1.2352236 0.8213022 -0.0507264 -0.4888286 0.2897174
1403636725.363555670 -0.1248415 4.4161796 -1.2149643 0.8213773 -0.0497897 -0.4883979 0.2903925
1403636725.413555384 -0.1153307 4.4028706 -1.1911838 0.8211401 -0.0485302 -0.4880267 0.2918968
1403636725.463555574 -0.1324513 4.3886344 -1.1941328 0.8210977 -0.0480315 -0.4877752 0.2925183
1403636725.513555527 -0.1298550 4.3658375 -1.1820499 0.8211297 -0.0470275 -0.4871212 0.2936791
1403636725.563555479 -0.1251288 4.3796411 -1.1733375 0.8215323 -0.0466995 -0.4861301 0.2942471
1403636725.613555431 -0.1292327 4.3622751 -1.1678834 0.8214008 -0.0459377 -0.4856714 0.2954889
1403636725.663555622 -0.0943008 4.3523009 -1.1525146 0.8204331 -0.0460094 -0.4868306 0.2962577
1403636725.713555574 -0.1261898 4.3213428 -1.1707860 0.8202706 -0.0465057 -0.4871690 0.2960739
1403636725.763555527 -0.1397944 4.3224191 -1.1604573 0.8205386 -0.0463553 -0.4868344 0.2959052
1403636725.813555479 -0.1270946 4.3078216 -1.1539779 0.8203284 -0.0460746 -0.4870802 0.2961273
1403636725.863555670 -0.1259137 4.2815970 -1.1450239 0.8212456 -0.0461702 -0.4862856 0.2948734
1403636725.913555384 -0.1390976 4.2785417 -1.1386498 0.8212259 -0.0470542 -0.4872710 0.2931568
1403636725.963555574 -0.1286238 4.2733175 -1.1548918 0.8215932 -0.0469791 -0.4872313 0.2922041
1403636726.013555527 -0.1369223 4.2605371 -1.1536841 0.8211022 -0.0471027 -0.4883517 0.2916935
1403636726.063555479 -0.1407025 4.2929819 -1.1554609 0.8208732 -0.0461320 -0.4885528 0.2921559
1403636726.113555431 -0.1430389 4.2823570 -1.1637417 0.8206375 -0.0450704 -0.4885719 0.2929509
1403636726.163555622 -0.1501087 4.2465839 -1.1598470 0.8195252 -0.0441486 -0.4898897 0.2940025
1403636726.213555574 -0.1451580 4.2460581 -1.1760087 0.8190934 -0.0435098 -0.4905719 0.2941635
1403636726.263555527 -0.1462522 4.2535106 -1.1749481 0.8189660 -0.0423724 -0.4905674 0.2946911
1403636726.313555479 -0.1280380 4.2274085 -1.1752137 0.8187488 -0.0417304 -0.4911575 0.2944033
1403636726.363555670 -0.1367147 4.1836837 -1.1903032 0.8180361 -0.0407915 -0.4919879 0.2951285
1403636726.413555384 -0.1720508 4.2127057 -1.1718881 0.8177731 -0.0399898 -0.4926137 0.2949233
1403636726.463555574 -0.1314941 4.1954367 -1.1634661 0.8173512 -0.0396610 -0.4937449 0.2942449
1403636726.513555527 -0.1310063 4.2006130 -1.1616422 0.8171399 -0.0405778 -0.4952600 0.2921531
1403636726.563555479 -0.1169596 4.1841121 -1.1663009 0.8165462 -0.0439646 -0.4989886 0.2869317
1403636726.613555431 -0.1160607 4.1831752 -1.1587868 0.8161335 -0.0485551 -0.5030574 0.2801816
1403636726.663555622 -0.1343485 4.1818765 -1.1465415 0.8147485 -0.0525298 -0.5077857 0.2749167
1403636726.713555574 -0.0959586 4.1551663 -1.1457001 0.8147285 -0.0527962 -0.5082448 0.2740754
1403636726.763555527 -0.0883324 4.1597670 -1.1226328 0.8141671 -0.0505447 -0.5077417 0.2770841
1403636726.813555479 -0.0925882 4.1656150 -1.1244196 0.8139927 -0.0467472 -0.5060842 0.2812640
1403636726.863555670 -0.1133209 4.1628803 -1.1093619 0.8136812 -0.0416344 -0.5049584 0.2849675
1403636726.913555384 -0.0978595 4.1255677 -1.1004293 0.8137495 -0.0372337 -0.5038763 0.2872873
1403636726.963555574 -0.1069935 4.1539337 -1.0774997 0.8138231 -0.0336792 -0.5033144 0.2885000
1403636727.013555527 -0.0800434 4.1438635 -1.0654957 0.8137095 -0.0315194 -0.5034623 0.2888062
1403636727.063555479 -0.0824135 4.1157955 -1.0560483 0.8135189 -0.0291325 -0.5032226 0.2900093
1403636727.113555431 -0.0878297 4.1037795 -1.0486897 0.8137847 -0.0268279 -0.5024660 0.2907966
1403636727.163555622 -0.0671773 4.1021942 -1.0227832 0.8142203 -0.0242834 -0.5010175 0.2922964
1403636727.213555574 -0.0729832 4.0839007 -1.0097288 0.8145249 -0.0220085 -0.4997240 0.2938379
1403636727.263555527 -0.0839681 4.0836812 -1.0001694 0.8148025 -0.0199096 -0.4984380 0.2953980
1403636727.313555479 -0.0958677 4.0581362 -0.9831003 0.8150763 -0.0179167 -0.4969509 0.2972699
1403636727.363555670 -0.0837668 4.0410929 -0.9831524 0.8160729 -0.0170623 -0.4953511 0.2972561
1403636727.413555384 -0.1016080 4.0458504 -0.9701501 0.8161615 -0.0162681 -0.4948685 0.2978606
1403636727.463555574 -0.0887729 4.0190089 -0.9588619 0.8160504 -0.0155534 -0.4945543 0.2987237
1403636727.513555527 -0.0874902 4.0060078 -0.9522227 0.8152487 -0.0167184 -0.4964500 0.2977035
1403636727.563555479 -0.0923303 4.0159213 -0.9371401 0.8145827 -0.0189113 -0.4988720 0.2953372
1403636727.613555431 -0.1051035 4.0121605 -0.9197816 0.8137559 -0.0196735 -0.5004235 0.2949417
1403636727.663555622 -0.0991690 3.9896807 -0.9120991 0.8136841 -0.0209382 -0.5014610 0.2932860
1403636727.713555574 -0.0976160 4.0072839 -0.9097887 0.8146000 -0.0207535 -0.5000877 0.2931014
1403636727.763555527 -0.1281888 3.9817494 -0.8950859 0.8149346 -0.0200681 -0.4992177 0.2937014
1403636727.813555479 -0.1184623 3.9699187 -0.8807423 0.8152369 -0.0189815 -0.4982784 0.2945287
1403636727.863555670 -0.1226916 3.9424104 -0.8646705 0.8155617 -0.0161846 -0.4955843 0.2983175
1403636727.913555384 -0.1410593 3.9551085 -0.8396175 0.8153339 -0.0135253 -0.4937847 0.3020339
1403636727.963555574 -0.1531980 3.9068926 -0.8235580 0.8153134 -0.0128207 -0.4932764 0.3029491
1403636728.013555527 -0.1571444 3.9208725 -0.8127086 0.8155855 -0.0137479 -0.4934470 0.3018962
1403636728.063555479 -0.1691668 3.8979187 -0.8075172 0.8158017 -0.0148620 -0.4939193 0.3004837
1403636728.113555431 -0.1968385 3.8756719 -0.7848159 0.8150655 -0.0170767 -0.4964013 0.2982656
1403636728.163555622 -0.1966021 3.8591499 -0.7856769 0.8144790 -0.0184557 -0.4977227 0.2975825
1403636728.213555574 -0.2254737 3.8585059 -0.7711421 0.8139308 -0.0196434 -0.4992460 0.2964528
1403636728.263555527 -0.2092519 3.8470630 -0.7531968 0.8136099 -0.0204896 -0.5001078 0.2958232
1403636728.313555479 -0.2364552 3.8484999 -0.7644582 0.8137909 -0.0215058 -0.5004736 0.2946320
1403636728.363555670 -0.2576023 3.8148227 -0.7569097 0.8139846 -0.0214680 -0.5000101 0.2948866
1403636728.413555384 -0.2595221 3.7962334 -0.7436993 0.8144393 -0.0237787 -0.5011664 0.2914710
1403636728.463555574 -0.2652189 3.7730517 -0.7481801 0.8143494 -0.0276595 -0.5037772 0.2868424
1403636728.513555527 -0.2802434 3.7643564 -0.7389943 0.8148015 -0.0321057 -0.5060522 0.2810320
1403636728.563555479 -0.2808465 3.7439377 -0.7484728 0.8152069 -0.0336821 -0.5071701 0.2776362
1403636728.613555431 -0.3047852 3.7266256 -0.7378187 0.8150295 -0.0336027 -0.5087972 0.2751785
1403636728.663555622 -0.3103936 3.6893160 -0.7379851 0.8154300 -0.0286367 -0.5078665 0.2762708
1403636728.713555574 -0.3195201 3.6779635 -0.7396015 0.8152507 -0.0216704 -0.5076626 0.2778044
1403636728.763555527 -0.3077616 3.6568504 -0.7431691 0.8153160 -0.0136007 -0.5077886 0.2778949
1403636728.813555479 -0.3130754 3.6479803 -0.7322417 0.8154082 -0.0045445 -0.5080763 0.2773938
1403636728.863555670 -0.3273780 3.6403947 -0.7314789 0.8152451 0.0032679 -0.5092063 0.2758147
1403636728.913555384 -0.3423651 3.6224334 -0.7230887 0.8142930 0.0105595 -0.5112920 0.2745831
1403636728.963555574 -0.3379732 3.5940324 -0.7091000 0.8136193 0.0159754 -0.5133745 0.2724245
1403636729.013555527 -0.3650825 3.5844677 -0.7064434 0.8126822 0.0209226 -0.5156878 0.2705105
1403636729.063555479 -0.3632587 3.5483362 -0.7103168 0.8115249 0.0254335 -0.5178850 0.2693987
1403636729.113555431 -0.3717175 3.5599807 -0.7014726 0.8108197 0.0288818 -0.5197571 0.2675627
1403636729.163555622 -0.3879945 3.5366680 -0.7003615 0.8108135 0.0318686 -0.5202611 0.2662598
1403636729.213555574 -0.3852893 3.5226376 -0.6962996 0.8120119 0.0338330 -0.5194711 0.2638972
1403636729.263555527 -0.3785769 3.4978666 -0.7024832 0.8126777 0.0344840 -0.5199838 0.2607349
1403636729.313555479 -0.4059704 3.4951937 -0.6956907 0.8128057 0.0357805 -0.5201191 0.2598900
1403636729.363555670 -0.4211900 3.4631050 -0.6968653 0.8127920 0.0361764 -0.5207844 0.2585421
1403636729.413555384 -0.4219174 3.4441363 -0.6947979 0.8122914 0.0369827 -0.5214695 0.2586205
1403636729.463555574 -0.4257495 3.4193976 -0.7081450 0.8121358 0.0374625 -0.5217745 0.2584246
1403636729.513555527 -0.4370325 3.4030894 -0.7147644 0.8121344 0.0377306 -0.5220151 0.2579038
1403636729.563555479 -0.4630541 3.3713013 -0.7046951 0.8124901 0.0376878 -0.5218786 0.2570646
1403636729.613555431 -0.4770727 3.3590851 -0.6859440 0.8129927 0.0378802 -0.5213076 0.2566057
1403636729.663555622 -0.4517365 3.3482718 -0.6808967 0.8133399 0.0377398 -0.5209880 0.2561745
1403636729.713555574 -0.4914409 3.3095933 -0.6775908 0.8132803 0.0369901 -0.5216576 0.2551084
1403636729.763555527 -0.5003781 3.2976365 -0.6637571 0.8143721 0.0371470 -0.5199439 0.2551009
1403636729.813555479 -0.4844516 3.2899038 -0.6597929 0.8156488 0.0366209 -0.5183740 0.2542919
1403636729.863555670 -0.5128062 3.2747353 -0.6712409 0.8172082 0.0368478 -0.5160279 0.2540241
1403636729.913555384 -0.5075352 3.2216800 -0.6611275 0.8183826 0.0355081 -0.5152190 0.2520685
1403636729.963555574 -0.5280070 3.2054850 -0.6664610 0.8193234 0.0361892 -0.5135179 0.2523865
1403636730.013555527 -0.5315402 3.2003005 -0.6573866 0.8203082 0.0355969 -0.5125514 0.2512336
1403636730.063555479 -0.5387143 3.1873969 -0.6633397 0.8207977 0.0357665 -0.5120136 0.2507069
1403636730.113555431 -0.5578824 3.1725028 -0.6717405 0.8211541 0.0361874 -0.5116880 0.2501436
1403636730.163555622 -0.5660172 3.1373974 -0.6707969 0.8211136 0.0355624 -0.5121923 0.2493327
1403636730.213555574 -0.5756606 3.1284234 -0.6656980 0.8217211 0.0362476 -0.5110652 0.2495454
1403636730.263555527 -0.5854004 3.1026707 -0.6495669 0.8217179 0.0366747 -0.5110995 0.2494232
1403636730.313555479 -0.5943824 3.0938481 -0.6744547 0.8215344 0.0356664 -0.5121979 0.2479162
1403636730.363555670 -0.5909331 3.0937795 -0.6630707 0.8218136 0.0359100 -0.5119874 0.2473900
1403636730.413555384 -0.6242622 3.0868420 -0.6724419 0.8224755 0.0366592 -0.5108738 0.2473828
1403636730.463555574 -0.5989856 3.0472116 -0.6755067 0.8245451 0.0369203 -0.5083528 0.2456415
1403636730.513555527 -0.6248953 3.0230197 -0.6662737 0.8266053 0.0380347 -0.5050717 0.2453155
1403636730.563555479 -0.6313574 3.0059386 -0.6736017 0.8289885 0.0379664 -0.5021920 0.2431868
1403636730.613555431 -0.6399778 2.9934257 -0.6691174 0.8306297 0.0379898 -0.5001887 0.2417069
1403636730.663555622 -0.6712245 2.9593445 -0.6702622 0.8315175 0.0377865 -0.4991758 0.2407786
1403636730.713555574 -0.6773179 2.9710455 -0.6753789 0.8320643 0.0380118 -0.4985996 0.2400471
1403636730.763555527 -0.6911637 2.9477793 -0.6559530 0.8326799 0.0383941 -0.4974440 0.2402491
1403636730.813555479 -0.7126189 2.9370582 -0.6544546 0.8328560 0.0389132 -0.4971452 0.2401735
1403636730.863555670 -0.7107721 2.9447674 -0.6462790 0.8334047 0.0375948 -0.4972237 0.2383104
1403636730.913555384 -0.7308510 2.9530585 -0.6252360 0.8340297 0.0353245 -0.4977617 0.2353293
1403636730.963555574 -0.7410050 2.9554209 -0.6286725 0.8336247 0.0320703 -0.5003402 0.2317349
1403636731.013555527 -0.7539377 2.9266209 -0.6236642 0.8331688 0.0285287 -0.5029214 0.2282235
1403636731.063555479 -0.7667769 2.9339836 -0.6114642 0.8304652 0.0238874 -0.5091892 0.2246849
1403636731.113555431 -0.7881223 2.9461761 -0.6219368 0.8269643 0.0206947 -0.5153109 0.2239564
1403636731.163555622 -0.7803224 2.9282660 -0.6147385 0.8240858 0.0188807 -0.5198781 0.2241715
1403636731.213555574 -0.8187873 2.9358211 -0.6004770 0.8218116 0.0193046 -0.5221988 0.2270714
1403636731.263555527 -0.8351238 2.9296628 -0.5903628 0.8196797 0.0211951 -0.5234820 0.2316088
1403636731.313555479 -0.8024329 2.9233599 -0.5895851 0.8183506 0.0237805 -0.5231507 0.2367493
1403636731.363555670 -0.8134509 2.9012530 -0.5920262 0.8177958 0.0258987 -0.5222377 0.2404311
1403636731.413555384 -0.7977174 2.9009126 -0.5934966 0.8180746 0.0288342 -0.5198116 0.2443733
1403636731.463555574 -0.8078701 2.8815142 -0.5880952 0.8176345 0.0296591 -0.5197580 0.2458572
1403636731.513555527 -0.8095474 2.8820854 -0.5992439 0.8182193 0.0289879 -0.5194323 0.2446772
1403636731.563555479 -0.8205950 2.8735143 -0.5921771 0.8187631 0.0267555 -0.5204241 0.2409770
1403636731.613555431 -0.8552871 2.8732710 -0.6014770 0.8187976 0.0249073 -0.5215240 0.2386690
1403636731.663555622 -0.8297897 2.8633670 -0.6076211 0.8190116 0.0235202 -0.5222396 0.2365008
1403636731.713555574 -0.8451582 2.8434215 -0.6165251 0.8188595 0.0237125 -0.5221921 0.2371124
1403636731.763555527 -0.8435898 2.8484709 -0.6266619 0.8188733 0.0256002 -0.5209860 0.2395095
1403636731.813555479 -0.8345041 2.8317836 -0.6154270 0.8187037 0.0268279 -0.5204725 0.2410663
1403636731.863555670 -0.8465189 2.8424702 -0.6349958 0.8186622 0.0285030 -0.5196057 0.2428778
1403636731.913555384 -0.8467371 2.8131087 -0.6489205 0.8183394 0.0299227 -0.5194964 0.2440264
1403636731.963555574 -0.8353630 2.8507901 -0.6504156 0.8178619 0.0302454 -0.5200698 0.2443656
1403636732.013555527 -0.8313461 2.8085899 -0.6489970 0.8176701 0.0308968 -0.5201724 0.2447074
1403636732.063555479 -0.8312095 2.8194388 -0.6646232 0.8167016 0.0316122 -0.5211699 0.2457256
1403636732.113555431 -0.8405417 2.8128227 -0.6826804 0.8166567 0.0314016 -0.5215113 0.2451768
1403636732.163555622 -0.8478603 2.7942619 -0.6949438 0.8164659 0.0324104 -0.5214601 0.2457895
1403636732.213555574 -0.8205182 2.7751970 -0.7138879 0.8154970 0.0328234 -0.5226048 0.2465185
1403636732.263555527 -0.8287007 2.7781438 -0.7242805 0.8148812 0.0342159 -0.5227631 0.2480254
1403636732.313555479 -0.8265750 2.7665163 -0.7427902 0.8144015 0.0338746 -0.5239332 0.2471773
1403636732.363555670 -0.8121734 2.7604004 -0.7481180 0.8145336 0.0355896 -0.5227403 0.2490199
1403636732.413555384 -0.8186721 2.7449021 -0.7474189 0.8133041 0.0381354 -0.5225417 0.2530458
1403636732.463555574 -0.8284715 2.7418521 -0.7542655 0.8113418 0.0423588 -0.5221322 0.2594383
1403636732.513555527 -0.8181228 2.7577850 -0.7505029 0.8089469 0.0474346 -0.5215953 0.2670079
1403636732.563555479 -0.8263554 2.7462450 -0.7545032 0.8066417 0.0511046 -0.5218954 0.2726587
1403636732.613555431 -0.8211630 2.7273276 -0.7545948 0.8043722 0.0541053 -0.5226358 0.2773262
1403636732.663555622 -0.8233805 2.7287040 -0.7555598 0.8029077 0.0541038 -0.5248217 0.2774421
1403636732.713555574 -0.8239360 2.7067840 -0.7529019 0.8021423 0.0519827 -0.5276536 0.2746765
1403636732.763555527 -0.8264506 2.6868373 -0.7486248 0.8024124 0.0494706 -0.5295286 0.2707146
1403636732.813555479 -0.8253383 2.6844057 -0.7342555 0.8023105 0.0467777 -0.5319790 0.2666611
1403636732.863555670 -0.8354640 2.6772182 -0.7367157 0.8023752 0.0457524 -0.5327863 0.2650274
1403636732.913555384 -0.8357959 2.6720835 -0.7422566 0.8030607 0.0453561 -0.5325078 0.2635749
1403636732.963555574 -0.8525275 2.6343529 -0.7317578 0.8043929 0.0451113 -0.5313522 0.2618816
1403636733.013555527 -0.8790402 2.6305049 -0.7328737 0.8060961 0.0453906 -0.5294577 0.2604291
1403636733.063555479 -0.8610591 2.6049510 -0.7337196 0.8076994 0.0457537 -0.5274549 0.2594602
1403636733.113555431 -0.8679859 2.5926357 -0.7241235 0.8100186 0.0460232 -0.5247203 0.2577215
1403636733.163555622 -0.8733002 2.5622820 -0.7259431 0.8098650 0.0478255 -0.5236958 0.2599502
1403636733.213555574 -0.8936076 2.5467066 -0.7176606 0.8106304 0.0482839 -0.5227569 0.2593691
1403636733.263555527 -0.8863863 2.5472032 -0.7112003 0.8109441 0.0493584 -0.5220761 0.2595573
1403636733.313555479 -0.8938216 2.5396683 -0.7026634 0.8114071 0.0487046 -0.5223155 0.2577456
1403636733.363555670 -0.9037018 2.5101887 -0.6849293 0.8128155 0.0480590 -0.5213957 0.2552801
1403636733.413555384 -0.8950315 2.4979357 -0.6594705 0.8144046 0.0477608 -0.5201751 0.2527487
1403636733.463555574 -0.9251980 2.4751093 -0.6534533 0.8156529 0.0463167 -0.5196217 0.2501169
1403636733.513555527 -0.9192294 2.4623230 -0.6560257 0.8169022 0.0464274 -0.5181839 0.2489995
1403636733.563555479 -0.9401705 2.4172559 -0.6408394 0.8178433 0.0460616 -0.5173187 0.2477740
1403636733.613555431 -0.9599352 2.3740272 -0.6282301 0.8185312 0.0471074 -0.5161287 0.2477877
1403636733.663555622 -0.9520925 2.3516496 -0.6291606 0.8193811 0.0461331 -0.5157127 0.2460220
1403636733.713555574 -0.9709813 2.3488106 -0.6099112 0.8200263 0.0465395 -0.5148159 0.2456736
1403636733.763555527 -0.9696962 2.3152962 -0.6096917 0.8201375 0.0472405 -0.5143763 0.2460892
1403636733.813555479 -0.9878584 2.3102374 -0.5961169 0.8213148 0.0471909 -0.5130429 0.2449529
1403636733.863555670 -0.9953934 2.2867858 -0.5933999 0.8218295 0.0474147 -0.5123917 0.2445461
1403636733.913555384 -1.0086926 2.2427119 -0.5814553 0.8210520 0.0483714 -0.5128012 0.2461072
1403636733.963555574 -1.0258073 2.2485231 -0.5946899 0.8195787 0.0500699 -0.5134374 0.2493305
1403636734.013555527 -1.0410848 2.2191712 -0.5983538 0.8176256 0.0506028 -0.5155410 0.2512871
1403636734.063555479 -1.0295940 2.1998981 -0.5872797 0.8162056 0.0501819 -0.5172894 0.2523922
1403636734.113555431 -1.0582847 2.1932255 -0.5775115 0.8151585 0.0487318 -0.5191691 0.2522007
1403636734.163555622 -1.0333066 2.1759338 -0.5882677 0.8147948 0.0482597 -0.5197362 0.2522988
1403636734.213555574 -1.0579685 2.1421610 -0.5811292 0.8147660 0.0474449 -0.5205087 0.2509500
1403636734.263555527 -1.0769425 2.1549178 -0.5698162 0.8144515 0.0471267 -0.5216269 0.2497062
1403636734.313555479 -1.0839271 2.1100804 -0.5672510 0.8152504 0.0465304 -0.5213535 0.2477746
1403636734.363555670 -1.0728246 2.0899011 -0.5734430 0.8161583 0.0463151 -0.5206987 0.2461979
1403636734.413555384 -1.1036488 2.0858822 -0.5637362 0.8171557 0.0459130 -0.5201344 0.2441491
1403636734.463555574 -1.1219154 2.0698708 -0.5523718 0.8182512 0.0463512 -0.5188866 0.2430498
1403636734.513555527 -1.1119007 2.0395315 -0.5586532 0.8191834 0.0465901 -0.5179846 0.2417847
1403636734.563555479 -1.1131909 2.0208863 -0.5275493 0.8204817 0.0470000 -0.5164508 0.2405810
1403636734.613555431 -1.1119433 2.0232935 -0.5336192 0.8216218 0.0473691 -0.5152056 0.2392841
1403636734.663555622 -1.1357900 1.9950736 -0.5268198 0.8225921 0.0483695 -0.5136177 0.2391641
1403636734.713555574 -1.1336786 1.9921486 -0.5187420 0.8229525 0.0494144 -0.5129627 0.2391164
1403636734.763555527 -1.1455734 1.9641549 -0.5181283 0.8226098 0.0507196 -0.5130818 0.2397659
1403636734.813555479 -1.1748727 1.9558199 -0.5158956 0.8231939 0.0511206 -0.5125100 0.2388976
1403636734.863555670 -1.1765481 1.9477259 -0.5244779 0.8232200 0.0516524 -0.5126817 0.2383239
1403636734.913555384 -1.1793651 1.9306358 -0.5114956 0.8233543 0.0518766 -0.5128528 0.2374415
1403636734.963555574 -1.2041122 1.9268129 -0.5199126 0.8235042 0.0517018 -0.5129847 0.2366736
1403636735.013555527 -1.2109208 1.9074619 -0.5180735 0.8233041 0.0525251 -0.5128759 0.2374230
1403636735.063555479 -1.1965111 1.8686352 -0.5222103 0.8230158 0.0521833 -0.5136044 0.2369228
1403636735.113555431 -1.2201037 1.8483772 -0.5235315 0.8230533 0.0515824 -0.5138673 0.2363533
1403636735.163555622 -1.2206881 1.8252160 -0.5390808 0.8232412 0.0508287 -0.5141299 0.2352887
1403636735.213555574 -1.1962339 1.8232884 -0.5419196 0.8238760 0.0500922 -0.5135394 0.2345131
1403636735.263555527 -1.2128109 1.8187639 -0.5332509 0.8247083 0.0489399 -0.5129156 0.2331925
1403636735.313555479 -1.2268693 1.8188170 -0.5338667 0.8256468 0.0476589 -0.5120123 0.2321191
1403636735.363555670 -1.2450150 1.8135625 -0.5254481 0.8263723 0.0463917 -0.5112416 0.2314923
1403636735.413555384 -1.2770128 1.7910908 -0.5196083 0.8255068 0.0454594 -0.5121166 0.2328274
1403636735.463555574 -1.2847407 1.6817591 -0.4952770 0.8250242 0.0434335 -0.5129280 0.2331382
1403636735.513555527 -1.2879167 1.6740075 -0.4871469 0.8244458 0.0424207 -0.5130323 0.2351328
1403636735.563555479 -1.2959205 1.6580581 -0.4858952 0.8236358 0.0411926 -0.5136097 0.2369226
1403636735.613555431 -1.3081283 1.6476287 -0.4810703 0.8229713 0.0403275 -0.5138886 0.2387688
1403636735.663555622 -1.3010771 1.6172834 -0.4602992 0.8227559 0.0392671 -0.5135528 0.2404045
1403636735.713555574 -1.3298899 1.6310151 -0.4328726 0.8233130 0.0379371 -0.5127618 0.2403993
1403636735.763555527 -1.3395317 1.5905639 -0.4345300 0.8235386 0.0376225 -0.5117733 0.2417785
1403636735.813555479 -1.3305321 1.5823911 -0.4209307 0.8234872 0.0362554 -0.5120057 0.2416702
1403636735.863555670 -1.3499802 1.5858103 -0.4186122 0.8230918 0.0359397 -0.5123150 0.2424078
1403636735.913555384 -1.3507854 1.5892867 -0.4113384 0.8228285 0.0357052 -0.5126905 0.2425424
1403636735.963555574 -1.3636262 1.5618451 -0.4009188 0.8226562 0.0359056 -0.5126085 0.2432696
1403636736.013555527 -1.3658029 1.5521969 -0.3989148 0.8219949 0.0377843 -0.5134597 0.2434252
1403636736.063555479 -1.3948428 1.5628269 -0.3965272 0.8213782 0.0408838 -0.5146181 0.2425583
1403636736.113555431 -1.3897423 1.5484429 -0.3805856 0.8200022 0.0441477 -0.5176542 0.2401697
1403636736.163555622 -1.4148283 1.5345374 -0.3839177 0.8185472 0.0491446 -0.5206488 0.2376763
1403636736.213555574 -1.4208250 1.5367517 -0.3658115 0.8171332 0.0541956 -0.5238157 0.2344638
1403636736.263555527 -1.4037496 1.5334196 -0.3615747 0.8162682 0.0594276 -0.5258888 0.2315503
1403636736.313555479 -1.4085456 1.5268348 -0.3524436 0.8155370 0.0645160 -0.5273993 0.2293187
1403636736.363555670 -1.4198966 1.5337115 -0.3335076 0.8149606 0.0692256 -0.5284337 0.2276068
1403636736.413555384 -1.4417474 1.5283786 -0.3307008 0.8146385 0.0731678 -0.5291511 0.2258532
1403636736.463555574 -1.4624847 1.4997152 -0.3166706 0.8138468 0.0782938 -0.5291524 0.2269828
1403636736.513555527 -1.4526611 1.4772726 -0.3211531 0.8126817 0.0833647 -0.5292194 0.2291848
1403636736.563555479 -1.4753971 1.4757763 -0.3277549 0.8117253 0.0877964 -0.5291355 0.2311048
1403636736.613555431 -1.4656049 1.4601695 -0.3168321 0.8109677 0.0913086 -0.5289502 0.2328215
1403636736.663555622 -1.4735679 1.4541033 -0.3134194 0.8102664 0.0931215 -0.5296147 0.2330345
1403636736.713555574 -1.4897881 1.4486202 -0.3173947 0.8096624 0.0947559 -0.5300570 0.2334689
1403636736.763555527 -1.4899673 1.4377842 -0.3129014 0.8099739 0.0959757 -0.5294718 0.2332178
1403636736.813555479 -1.5295804 1.4374705 -0.3187839 0.8092225 0.0972714 -0.5302224 0.2335839
1403636736.863555670 -1.5263411 1.4254559 -0.3167561 0.8091393 0.0971311 -0.5311159 0.2318946
1403636736.913555384 -1.5316741 1.4187512 -0.3141813 0.8095668 0.0984903 -0.5303341 0.2316181
1403636736.963555574 -1.5354856 1.4336049 -0.3141193 0.8097605 0.0980620 -0.5311601 0.2292175
1403636737.013555527 -1.5617889 1.3975868 -0.3244822 0.8102736 0.0969028 -0.5321989 0.2254570
1403636737.063555479 -1.5655506 1.3817315 -0.3258501 0.8102749 0.0961249 -0.5337236 0.2221572
1403636737.113555431 -1.5559465 1.3654251 -0.3362657 0.8101288 0.0947124 -0.5358805 0.2180664
1403636737.163555622 -1.5758524 1.3458130 -0.3204947 0.8102823 0.0951901 -0.5363271 0.2161819
1403636737.213555574 -1.5884085 1.3464145 -0.3392195 0.8103680 0.0955687 -0.5368951 0.2142753
1403636737.263555527 -1.5822695 1.3386614 -0.3431419 0.8109150 0.0952140 -0.5373531 0.2111937
1403636737.313555479 -1.5933668 1.3166606 -0.3347445 0.8119959 0.0968005 -0.5357619 0.2103605
1403636737.363555670 -1.6240550 1.3210607 -0.3413001 0.8130829 0.0972695 -0.5348959 0.2081373
1403636737.413555384 -1.6197734 1.3058908 -0.3577352 0.8142078 0.0986835 -0.5333818 0.2069564
1403636737.463555574 -1.6528540 1.2876121 -0.3418306 0.8154660 0.0998004 -0.5317998 0.2055336
1403636737.513555527 -1.6635123 1.2818181 -0.3441865 0.8162975 0.1014040 -0.5302897 0.2053496
1403636737.563555479 -1.6773889 1.2582567 -0.3477670 0.8169495 0.1010797 -0.5301439 0.2032826
1403636737.613555431 -1.6954619 1.2264981 -0.3425062 0.8177529 0.1002948 -0.5299798 0.2008544
1403636737.663555622 -1.6792370 1.2180891 -0.3330072 0.8188316 0.0987466 -0.5299900 0.1971664
1403636737.713555574 -1.7112212 1.2110208 -0.3344379 0.8200105 0.0971383 -0.5296080 0.1940677
1403636737.763555527 -1.7044547 1.1981387 -0.3217953 0.8205636 0.0958925 -0.5298058 0.1917962
1403636737.813555479 -1.7023429 1.1791657 -0.3151584 0.8212097 0.0942591 -0.5299116 0.1895349
1403636737.863555670 -1.7089713 1.1599604 -0.3134118 0.8214425 0.0931502 -0.5301438 0.1884217
1403636737.913555384 -1.7442419 1.1642115 -0.3019385 0.8215549 0.0927323 -0.5301540 0.1881091
1403636737.963555574 -1.7374153 1.1802703 -0.2967554 0.8214591 0.0920693 -0.5304836 0.1879239
1403636738.013555527 -1.7368119 1.1786901 -0.2877880 0.8212560 0.0915872 -0.5306134 0.1886790
1403636738.063555479 -1.7687035 1.1599080 -0.2551888 0.8214244 0.0914724 -0.5300060 0.1897061
1403636738.113555431 -1.7632698 1.1705128 -0.2493488 0.8204256 0.0927120 -0.5301283 0.1930551
1403636738.163555622 -1.7720221 1.1703802 -0.2357491 0.8196796 0.0926295 -0.5306720 0.1947623
1403636738.213555574 -1.7724293 1.1624353 -0.2281815 0.8189205 0.0928135 -0.5309965 0.1969710
1403636738.263555527 -1.8070650 1.1534332 -0.2163254 0.8188887 0.0921757 -0.5308860 0.1976992
1403636738.313555479 -1.8223102 1.1405827 -0.2064233 0.8189345 0.0920351 -0.5304634 0.1987068
1403636738.363555670 -1.8156159 1.1570552 -0.1984042 0.8192046 0.0910985 -0.5300521 0.1991225
1403636738.413555384 -1.8036834 1.1638184 -0.2007433 0.8194640 0.0904913 -0.5296288 0.1994578
1403636738.463555574 -1.7981802 1.1504496 -0.1861515 0.8198099 0.0892835 -0.5287863 0.2008113
1403636738.513555527 -1.8167567 1.1521976 -0.1782199 0.8207834 0.0861485 -0.5272940 0.2021237
1403636738.563555479 -1.8167982 1.1284940 -0.1778266 0.8222170 0.0818325 -0.5249633 0.2041474
1403636738.613555431 -1.7982513 1.1293623 -0.1713527 0.8238328 0.0758759 -0.5225489 0.2061190
1403636738.663555622 -1.7944771 1.1361939 -0.1757070 0.8246940 0.0688724 -0.5206662 0.2098646
1403636738.713555574 -1.8050853 1.1535568 -0.1704970 0.8251424 0.0602362 -0.5194147 0.2138224
1403636738.763555527 -1.7846000 1.1332835 -0.1835545 0.8242896 0.0506020 -0.5195776 0.2191467
1403636738.813555479 -1.7956920 1.1386708 -0.1891906 0.8235463 0.0396377 -0.5195504 0.2242047
1403636738.863555670 -1.7797736 1.1549574 -0.1840624 0.8223478 0.0277726 -0.5200102 0.2292642
1403636738.913555384 -1.7810191 1.1527233 -0.1879163 0.8218668 0.0158576 -0.5188064 0.2347838
1403636738.963555574 -1.7659408 1.1396807 -0.1951558 0.8215148 0.0028218 -0.5175035 0.2393649
1403636739.013555527 -1.7739026 1.1393134 -0.1992722 0.8209204 -0.0108729 -0.5161154 0.2441236
1403636739.063555479 -1.7716336 1.1728752 -0.2051488 0.8207276 -0.0244908 -0.5134699 0.2493091
1403636739.113555431 -1.7647402 1.1688299 -0.2116802 0.8201700 -0.0362211 -0.5095759 0.2575686
1403636739.163555622 -1.7746146 1.1501410 -0.2141718 0.8200494 -0.0462663 -0.5038408 0.2674374
1403636739.213555574 -1.7590154 1.2079611 -0.2291520 0.8190250 -0.0567306 -0.4988590 0.2777037
1403636739.263555527 -1.7336302 1.1976954 -0.2332117 0.8182773 -0.0663856 -0.4925975 0.2887262
1403636739.313555479 -1.7320234 1.2053098 -0.2589514 0.8170456 -0.0755113 -0.4864584 0.3001544
1403636739.363555670 -1.7136706 1.1947971 -0.2625674 0.8159023 -0.0840837 -0.4795977 0.3118002
1403636739.413555384 -1.6961741 1.1988899 -0.2794259 0.8148811 -0.0932149 -0.4733429 0.3212886
1403636739.463555574 -1.6560168 1.1682333 -0.2697915 0.8135575 -0.1026789 -0.4676026 0.3300441
1403636739.513555527 -1.6819402 1.1853431 -0.2938656 0.8124598 -0.1132806 -0.4626419 0.3362128
1403636739.563555479 -1.6804886 1.1736670 -0.3098805 0.8104555 -0.1237733 -0.4601605 0.3407261
1403636739.613555431 -1.6551409 1.1683870 -0.3006993 0.8090891 -0.1328562 -0.4578439 0.3436611
1403636739.663555622 -1.6480037 1.1670157 -0.3232040 0.8086553 -0.1392445 -0.4541846 0.3469926
1403636739.713555574 -1.6326916 1.1822240 -0.3156210 0.8074173 -0.1444519 -0.4526743 0.3497097
1403636739.763555527 -1.6370491 1.1907422 -0.3063078 0.8066804 -0.1501763 -0.4522311 0.3495725
1403636739.813555479 -1.6389933 1.2057334 -0.3206309 0.8060183 -0.1538793 -0.4517995 0.3500468
1403636739.863555670 -1.6547742 1.2110285 -0.3133190 0.8058620 -0.1564466 -0.4508717 0.3504650
1403636739.913555384 -1.6182228 1.1911285 -0.3298640 0.8056855 -0.1576843 -0.4502934 0.3510590
1403636739.963555574 -1.6358457 1.1837820 -0.3541956 0.8054748 -0.1580310 -0.4498670 0.3519321
1403636740.013555527 -1.6239076 1.1897389 -0.3434596 0.8058941 -0.1575822 -0.4488368 0.3524884
1403636740.063555479 -1.6352683 1.2044000 -0.3582694 0.8063071 -0.1561246 -0.4479171 0.3533612
1403636740.113555431 -1.6027722 1.1818556 -0.3736754 0.8062184 -0.1536916 -0.4472175 0.3555100
1403636740.163555622 -1.6074394 1.1650807 -0.3830830 0.8065497 -0.1505887 -0.4457333 0.3579420
1403636740.213555574 -1.5992877 1.1981762 -0.3768828 0.8064216 -0.1470339 -0.4448984 0.3607363
1403636740.263555527 -1.5762873 1.2139455 -0.3960902 0.8066605 -0.1440593 -0.4439044 0.3626218
1403636740.313555479 -1.5642632 1.2139081 -0.4043526 0.8058179 -0.1435559 -0.4459539 0.3621800
1403636740.363555670 -1.5675471 1.2197530 -0.4123148 0.8055742 -0.1434360 -0.4480484 0.3601791
1403636740.413555384 -1.5602031 1.2326261 -0.4228526 0.8051518 -0.1446248 -0.4506393 0.3574051
1403636740.463555574 -1.5586964 1.2043446 -0.4343617 0.8055502 -0.1451104 -0.4517721 0.3548715
1403636740.513555527 -1.5547034 1.2063721 -0.4447444 0.8044096 -0.1454720 -0.4549273 0.3532764
1403636740.563555479 -1.5436561 1.1848364 -0.4446248 0.8042284 -0.1446600 -0.4558302 0.3528583
1403636740.613555431 -1.5483577 1.1863716 -0.4686743 0.8041787 -0.1437265 -0.4566850 0.3522472
1403636740.663555622 -1.5224684 1.2011708 -0.4762180 0.8049224 -0.1440152 -0.4570277 0.3499790
1403636740.713555574 -1.5280185 1.1875073 -0.4853610 0.8062678 -0.1440864 -0.4563270 0.3477600
1403636740.763555527 -1.5226185 1.1676674 -0.4958855 0.8079429 -0.1427599 -0.4545289 0.3467729
1403636740.813555479 -1.5098166 1.1952493 -0.4976296 0.8083582 -0.1423632 -0.4547019 0.3457396
1403636740.863555670 -1.5173424 1.1826200 -0.5070563 0.8079512 -0.1419101 -0.4556525 0.3456257
1403636740.913555384 -1.5089937 1.1685768 -0.5159476 0.8073755 -0.1394336 -0.4555946 0.3480470
1403636740.963555574 -1.4930269 1.1715103 -0.5395912 0.8064025 -0.1362748 -0.4551447 0.3521186
1403636741.013555527 -1.4839639 1.1596849 -0.5445242 0.8060722 -0.1315327 -0.4527558 0.3577134
1403636741.063555479 -1.4902058 1.1801100 -0.5722926 0.8050651 -0.1281702 -0.4506495 0.3638099
1403636741.113555431 -1.4786641 1.1612295 -0.5786305 0.8038260 -0.1285606 -0.4500628 0.3671230
1403636741.163555622 -1.4748673 1.1559490 -0.5953324 0.8022490 -0.1319360 -0.4501545 0.3692565
1403636741.213555574 -1.4585541 1.1675655 -0.6144865 0.8007082 -0.1377259 -0.4512854 0.3691062
1403636741.263555527 -1.4864120 1.1710215 -0.6470233 0.7996982 -0.1443067 -0.4526989 0.3670450
1403636741.313555479 -1.4597928 1.1751513 -0.6592657 0.7996250 -0.1496605 -0.4531374 0.3645107
1403636741.363555670 -1.4613396 1.1550872 -0.6686633 0.8014164 -0.1551033 -0.4512372 0.3606379
1403636741.413555384 -1.4612490 1.1538959 -0.6977549 0.8031846 -0.1591425 -0.4486246 0.3581955
1403636741.463555574 -1.4469811 1.1399426 -0.7119204 0.8053491 -0.1620346 -0.4452435 0.3562525
1403636741.513555527 -1.4616577 1.1353053 -0.7263338 0.8092398 -0.1642885 -0.4396449 0.3533448
1403636741.563555479 -1.4739787 1.1188559 -0.7359207 0.8111080 -0.1682699 -0.4382390 0.3489063
1403636741.613555431 -1.4584959 1.1293581 -0.7536675 0.8132171 -0.1676319 -0.4339043 0.3497208
1403636741.663555622 -1.4504618 1.1126187 -0.7621588 0.8141689 -0.1679359 -0.4322769 0.3493754
1403636741.713555574 -1.4876180 1.1050262 -0.7730598 0.8139220 -0.1675594 -0.4321167 0.3503285
1403636741.763555527 -1.4486494 1.1077849 -0.7816921 0.8126722 -0.1663033 -0.4332043 0.3524785
1403636741.813555479 -1.4552622 1.1098466 -0.7970931 0.8114474 -0.1644053 -0.4342757 0.3548643
1403636741.863555670 -1.4640483 1.1077422 -0.8023877 0.8100471 -0.1617015 -0.4353431 0.3579843
1403636741.913555384 -1.4347669 1.1175913 -0.8090843 0.8094588 -0.1586199 -0.4353600 0.3606631
1403636741.963555574 -1.4387909 1.0927534 -0.8243162 0.8090418 -0.1543089 -0.4346919 0.3642570
1403636742.013555527 -1.4410252 1.1087429 -0.8373042 0.8100387 -0.1506308 -0.4325022 0.3661823
1403636742.063555479 -1.4388275 1.0761360 -0.8453622 0.8118977 -0.1484060 -0.4306027 0.3652110
1403636742.113555431 -1.4387198 1.0865919 -0.8675718 0.8149303 -0.1479136 -0.4283403 0.3612960
1403636742.163555622 -1.4222611 1.0826826 -0.8736107 0.8169500 -0.1486401 -0.4279168 0.3569118
1403636742.213555574 -1.4383869 1.0630214 -0.8711589 0.8179287 -0.1489064 -0.4285380 0.3538004
1403636742.263555527 -1.4096448 1.0799444 -0.8904882 0.8183815 -0.1502218 -0.4305884 0.3496838
1403636742.313555479 -1.4214782 1.0728807 -0.9008702 0.8173393 -0.1496120 -0.4336069 0.3486514
1403636742.363555670 -1.4008780 1.0635921 -0.9035527 0.8152145 -0.1498239 -0.4375562 0.3486011
1403636742.413555384 -1.3754397 1.0741414 -0.9055064 0.8129524 -0.1487539 -0.4414012 0.3494934
1403636742.463555574 -1.3621893 1.0703387 -0.9102687 0.8114934 -0.1483032 -0.4440290 0.3497469
1403636742.513555527 -1.3739127 1.0737509 -0.9072795 0.8104698 -0.1473142 -0.4458201 0.3502594
1403636742.563555479 -1.3539017 1.0494397 -0.9126769 0.8100187 -0.1465917 -0.4470024 0.3500991
1403636742.613555431 -1.3383247 1.0854476 -0.9302262 0.8089026 -0.1455972 -0.4485839 0.3510707
1403636742.663555622 -1.3463775 1.0669115 -0.9210909 0.8074055 -0.1450114 -0.4506589 0.3521002
1403636742.713555574 -1.3503217 1.0852600 -0.9168821 0.8060392 -0.1443036 -0.4529635 0.3525638
1403636742.763555527 -1.3424837 1.1053275 -0.9261706 0.8049577 -0.1434761 -0.4546995 0.3531374
1403636742.813555479 -1.3569033 1.1184071 -0.9344541 0.8042173 -0.1430407 -0.4558836 0.3534743
1403636742.863555670 -1.3524116 1.1302226 -0.9311330 0.8036031 -0.1428672 -0.4574854 0.3528712
1403636742.913555384 -1.3445741 1.1051030 -0.9535808 0.8033657 -0.1428091 -0.4584079 0.3522375
1403636742.963555574 -1.3281249 1.1025459 -0.9541415 0.8032541 -0.1438784 -0.4583206 0.3521706
1403636743.013555527 -1.3237892 1.1035449 -0.9672127 0.8042190 -0.1456077 -0.4559515 0.3523328
1403636743.063555479 -1.3177964 1.1035483 -0.9830358 0.8069762 -0.1490410 -0.4512553 0.3506349
1403636743.113555431 -1.3250853 1.1331854 -0.9980855 0.8114348 -0.1533195 -0.4444082 0.3472290
1403636743.163555622 -1.3440681 1.1272738 -1.0139803 0.8172998 -0.1571709 -0.4357401 0.3427081
1403636743.213555574 -1.3321099 1.1321952 -1.0289896 0.8214654 -0.1599679 -0.4290515 0.3398817
1403636743.263555527 -1.3301897 1.1620249 -1.0465522 0.8258688 -0.1617272 -0.4213483 0.3380098
1403636743.313555479 -1.3065451 1.1640771 -1.0433241 0.8274527 -0.1643370 -0.4186118 0.3362729
1403636743.363555670 -1.3197909 1.1637468 -1.0429970 0.8282164 -0.1666764 -0.4173696 0.3347822
1403636743.413555384 -1.3166345 1.1969658 -1.0568462 0.8279428 -0.1683237 -0.4173509 0.3346581
1403636743.463555574 -1.3198233 1.1788459 -1.0565776 0.8257813 -0.1689331 -0.4197266 0.3367140
1403636743.513555527 -1.2973179 1.1934439 -1.0703180 0.8236782 -0.1691152 -0.4218055 0.3391672
1403636743.563555479 -1.2986340 1.1803705 -1.0753188 0.8207492 -0.1689867 -0.4250213 0.3423026
1403636743.613555431 -1.2723304 1.1966322 -1.0740926 0.8179987 -0.1671284 -0.4274435 0.3467539
1403636743.663555622 -1.2516556 1.2102684 -1.0993056 0.8160809 -0.1656778 -0.4289584 0.3500821
1403636743.713555574 -1.2594741 1.2289233 -1.1163659 0.8132576 -0.1643109 -0.4314122 0.3542563
1403636743.763555527 -1.2279663 1.2605036 -1.1118795 0.8099410 -0.1643064 -0.4336253 0.3591211
1403636743.813555479 -1.2200035 1.2767587 -1.1299368 0.8077182 -0.1668417 -0.4346151 0.3617526
1403636743.863555670 -1.2067481 1.2912504 -1.1451361 0.8050769 -0.1711635 -0.4369565 0.3627993
1403636743.913555384 -1.2173389 1.2991876 -1.1524029 0.8027818 -0.1725595 -0.4372739 0.3668190
1403636743.963555574 -1.2039829 1.3171252 -1.1747000 0.8007175 -0.1738643 -0.4378657 0.3699949
1403636744.013555527 -1.2033195 1.3236152 -1.1945376 0.7994800 -0.1758073 -0.4381964 0.3713590
1403636744.063555479 -1.1737384 1.3411266 -1.2035302 0.7981199 -0.1772631 -0.4368579 0.3751500
1403636744.113555431 -1.1655286 1.3328256 -1.2275382 0.7969530 -0.1805860 -0.4355325 0.3775792
1403636744.163555622 -1.1488149 1.3553331 -1.2505622 0.7954948 -0.1841602 -0.4346136 0.3799791
1403636744.213555574 -1.1444192 1.3627534 -1.2720000 0.7938788 -0.1881433 -0.4349803 0.3809865
1403636744.263555527 -1.1212747 1.3698856 -1.2900377 0.7919492 -0.1922155 -0.4363715 0.3813786
1403636744.313555479 -1.1112294 1.3885839 -1.3110043 0.7911344 -0.1951651 -0.4362434 0.3817181
1403636744.363555670 -1.0905544 1.4022945 -1.3429394 0.7903915 -0.1987467 -0.4369826 0.3805618
1403636744.413555384 -1.0916428 1.4080013 -1.3556430 0.7896988 -0.2017317 -0.4383821 0.3788157
1403636744.463555574 -1.0868087 1.4304290 -1.3941338 0.7890290 -0.2047390 -0.4400976 0.3766023
1403636744.513555527 -1.0540051 1.4264671 -1.4237723 0.7882267 -0.2080699 -0.4432845 0.3726988
1403636744.563555479 -1.0459013 1.4326283 -1.4519829 0.7870736 -0.2086526 -0.4453109 0.3723943
1403636744.613555431 -1.0519032 1.4311384 -1.4676759 0.7860258 -0.2100234 -0.4479514 0.3706657
1403636744.663555622 -1.0272942 1.4213812 -1.5091711 0.7850403 -0.2099951 -0.4495889 0.3707878
1403636744.713555574 -1.0195307 1.4574008 -1.5347817 0.7841209 -0.2080991 -0.4498157 0.3735170
1403636744.763555527 -0.9999013 1.4315386 -1.5617724 0.7841795 -0.2048535 -0.4477089 0.3776961
1403636744.813555479 -1.0022191 1.4597768 -1.6066500 0.7848038 -0.2025022 -0.4453876 0.3804021
1403636744.863555670 -0.9919773 1.4561949 -1.6287921 0.7862504 -0.2003198 -0.4423475 0.3821138
1403636744.913555384 -0.9770245 1.4579301 -1.6545996 0.7889185 -0.1983511 -0.4380318 0.3826129
1403636744.963555574 -0.9649093 1.4640548 -1.6898836 0.7908624 -0.1971197 -0.4358241 0.3817561
1403636745.013555527 -0.9505606 1.4650611 -1.7099047 0.7936593 -0.1965173 -0.4331511 0.3792968
1403636745.063555479 -0.9346110 1.4879756 -1.7371756 0.7961457 -0.1951305 -0.4308603 0.3774063
1403636745.113555431 -0.9478925 1.4809903 -1.7528594 0.7992428 -0.1941318 -0.4284421 0.3741139
1403636745.163555622 -0.9374490 1.4704249 -1.7757685 0.8004934 -0.1941698 -0.4290888 0.3706633
1403636745.213555574 -0.9115347 1.4922460 -1.7939714 0.8014765 -0.1914986 -0.4287623 0.3703061
1403636745.263555527 -0.9176872 1.4919280 -1.8148377 0.8025337 -0.1892820 -0.4288542 0.3690476
1403636745.313555479 -0.8628737 1.4910816 -1.8344926 0.8026267 -0.1865221 -0.4297679 0.3691875
1403636745.363555670 -0.8901394 1.5005878 -1.8400834 0.8007079 -0.1832896 -0.4330809 0.3710966
1403636745.413555384 -0.8677157 1.5134921 -1.8547197 0.7981793 -0.1808880 -0.4366907 0.3734843
1403636745.463555574 -0.8809757 1.5152581 -1.8607616 0.7961013 -0.1786766 -0.4389773 0.3762930
1403636745.513555527 -0.8621821 1.5221849 -1.8602391 0.7942805 -0.1787477 -0.4413702 0.3773062
1403636745.563555479 -0.8416653 1.5062714 -1.8760935 0.7932398 -0.1793207 -0.4422543 0.3781877
1403636745.613555431 -0.8099502 1.5322929 -1.8878688 0.7921988 -0.1807255 -0.4424516 0.3794679
1403636745.663555622 -0.8305646 1.5443441 -1.8877873 0.7913857 -0.1824301 -0.4419244 0.3809603
1403636745.713555574 -0.8219176 1.5273451 -1.8852187 0.7905805 -0.1839317 -0.4409016 0.3830893
1403636745.763555527 -0.8020628 1.5330936 -1.8826885 0.7902102 -0.1853665 -0.4386239 0.3857670
1403636745.813555479 -0.7958085 1.5338025 -1.8818520 0.7904317 -0.1871857 -0.4359530 0.3874588
1403636745.863555670 -0.8152480 1.5575829 -1.8838112 0.7902292 -0.1885666 -0.4330893 0.3904026
1403636745.913555384 -0.8056769 1.5720089 -1.8725166 0.7895605 -0.1905151 -0.4308709 0.3932538
1403636745.963555574 -0.7883462 1.5605917 -1.8717922 0.7893534 -0.1912387 -0.4273360 0.3971561
1403636746.013555527 -0.7945323 1.5754383 -1.8554313 0.7892017 -0.1924001 -0.4242984 0.4001422
1403636746.063555479 -0.8004819 1.5906467 -1.8651140 0.7890949 -0.1933594 -0.4214047 0.4029385
1403636746.113555431 -0.7748852 1.5833254 -1.8516512 0.7895488 -0.1939819 -0.4178505 0.4054438
1403636746.163555622 -0.7852929 1.5783424 -1.8313517 0.7887474 -0.1950541 -0.4169043 0.4074582
1403636746.213555574 -0.7707646 1.6304058 -1.8337526 0.7873568 -0.1957260 -0.4170687 0.4096513
1403636746.263555527 -0.8102513 1.6237885 -1.8144628 0.7843788 -0.1968307 -0.4196032 0.4122386
1403636746.313555479 -0.7960209 1.6286611 -1.8107392 0.7791686 -0.1966781 -0.4246198 0.4170278
1403636746.363555670 -0.8053705 1.6456964 -1.7907759 0.7753805 -0.1975752 -0.4290295 0.4191454
1403636746.413555384 -0.7853364 1.6418839 -1.7811382 0.7735071 -0.1978140 -0.4310303 0.4204393
1403636746.463555574 -0.8043883 1.6192573 -1.7638658 0.7747660 -0.1997384 -0.4311094 0.4171175
1403636746.513555527 -0.8066377 1.6346920 -1.7790207 0.7779273 -0.2012906 -0.4291271 0.4125059
1403636746.563555479 -0.8197095 1.6690076 -1.7744641 0.7832855 -0.2034758 -0.4255468 0.4049339
1403636746.613555431 -0.8259534 1.6739104 -1.7684280 0.7899638 -0.2053600 -0.4203108 0.3963879
1403636746.663555622 -0.8536634 1.6683054 -1.7788077 0.7966791 -0.2076799 -0.4156760 0.3865035
1403636746.713555574 -0.8492215 1.6585315 -1.7776901 0.8025467 -0.2108220 -0.4124089 0.3760209
1403636746.763555527 -0.8529701 1.6717571 -1.7920119 0.8061556 -0.2134142 -0.4114985 0.3677452
1403636746.813555479 -0.8819612 1.6690212 -1.7968471 0.8072781 -0.2154194 -0.4132411 0.3621166
1403636746.863555670 -0.8875965 1.6724082 -1.7921242 0.8073867 -0.2168434 -0.4156074 0.3582961
1403636746.913555384 -0.8896159 1.6720008 -1.7896454 0.8067642 -0.2169028 -0.4181247 0.3567301
1403636746.963555574 -0.9026624 1.6754803 -1.7907384 0.8062848 -0.2155233 -0.4194479 0.3570966
1403636747.013555527 -0.8976856 1.6623567 -1.7877567 0.8051498 -0.2143599 -0.4214166 0.3580387
1403636747.063555479 -0.9202521 1.6846695 -1.7990613 0.8035914 -0.2100987 -0.4218311 0.3635353
1403636747.113555431 -0.9078844 1.6640683 -1.7881605 0.8018051 -0.2059646 -0.4217944 0.3698333
1403636747.163555622 -0.9053214 1.6711382 -1.7709228 0.7995253 -0.2035014 -0.4231669 0.3745348
1403636747.213555574 -0.9063431 1.6709288 -1.7662261 0.7979646 -0.1998380 -0.4225775 0.3804543
1403636747.263555527 -0.9317526 1.6982834 -1.7599082 0.7965033 -0.1977380 -0.4225411 0.3846314
1403636747.313555479 -0.8898308 1.7240619 -1.7522477 0.7960360 -0.1964286 -0.4216101 0.3872821
1403636747.363555670 -0.9150607 1.7025716 -1.7460176 0.7954362 -0.1962116 -0.4214972 0.3887447
1403636747.413555384 -0.9199006 1.7329790 -1.7309715 0.7947654 -0.1964662 -0.4213009 0.3901981
1403636747.463555574 -0.9345963 1.7534475 -1.7204999 0.7944282 -0.1969441 -0.4205468 0.3914554
1403636747.513555527 -0.9183147 1.7401087 -1.7164191 0.7947981 -0.1988345 -0.4196898 0.3906679
1403636747.563555479 -0.9352710 1.7548320 -1.6919476 0.7953207 -0.1999360 -0.4185956 0.3902157
1403636747.613555431 -0.9305530 1.7556516 -1.6952508 0.7955332 -0.2017731 -0.4180745 0.3893949
1403636747.663555622 -0.9324693 1.7966026 -1.6844498 0.7957504 -0.2028085 -0.4170930 0.3894656
1403636747.713555574 -0.9560202 1.7769964 -1.6839592 0.7955564 -0.2042077 -0.4165989 0.3896596
1403636747.763555527 -0.9524804 1.8051125 -1.6641430 0.7957592 -0.2052665 -0.4153708 0.3900000
1403636747.813555479 -0.9655075 1.8064700 -1.6566814 0.7956130 -0.2065760 -0.4149629 0.3900412
1403636747.863555670 -0.9720102 1.8272353 -1.6453489 0.7947386 -0.2084178 -0.4157716 0.3899828
1403636747.913555384 -0.9751538 1.8358600 -1.6302887 0.7934862 -0.2135579 -0.4192553 0.3860022
1403636747.963555574 -0.9857465 1.8447198 -1.6061041 0.7907313 -0.2193013 -0.4249221 0.3822201
1403636748.013555527 -0.9744861 1.8482355 -1.5984456 0.7891029 -0.2247957 -0.4290399 0.3777674
1403636748.063555479 -0.9970099 1.8533302 -1.5776180 0.7878929 -0.2290641 -0.4316459 0.3747483
1403636748.113555431 -1.0058257 1.8587361 -1.5704950 0.7876581 -0.2311596 -0.4321221 0.3734039
1403636748.163555622 -0.9980280 1.9142337 -1.5519039 0.7875451 -0.2339058 -0.4327554 0.3711920
1403636748.213555574 -1.0093912 1.8844178 -1.5568646 0.7880303 -0.2336473 -0.4310337 0.3723266
1403636748.263555527 -0.9914552 1.8973223 -1.5345055 0.7892889 -0.2304069 -0.4272483 0.3760248
1403636748.313555479 -0.9856180 1.9158227 -1.5263366 0.7904267 -0.2262330 -0.4228516 0.3811047
1403636748.363555670 -0.9752789 1.8938595 -1.5127516 0.7915431 -0.2213372 -0.4183250 0.3866181
1403636748.413555384 -0.9817560 1.9256922 -1.5254773 0.7922440 -0.2168106 -0.4149513 0.3913542
1403636748.463555574 -0.9761656 1.9260353 -1.5201896 0.7920383 -0.2149611 -0.4141352 0.3936483
1403636748.513555527 -0.9845837 1.9440028 -1.4969084 0.7917960 -0.2127171 -0.4133468 0.3961754
1403636748.563555479 -0.9772075 1.9647942 -1.4910228 0.7916000 -0.2126792 -0.4134356 0.3964948
1403636748.613555431 -0.9785361 1.9851228 -1.4864184 0.7905950 -0.2150772 -0.4161378 0.3943737
1403636748.663555622 -0.9744533 1.9971696 -1.4760421 0.7896337 -0.2174709 -0.4186749 0.3922963
1403636748.713555574 -0.9783149 1.9767535 -1.4625332 0.7884741 -0.2208934 -0.4218799 0.3892713
1403636748.763555527 -0.9795948 1.9798313 -1.4532225 0.7876459 -0.2240064 -0.4243848 0.3864358
1403636748.813555479 -1.0115036 2.0028955 -1.4546944 0.7870249 -0.2268467 -0.4260710 0.3841821
1403636748.863555670 -0.9993664 2.0157780 -1.4413169 0.7861990 -0.2289388 -0.4272304 0.3833436
1403636748.913555384 -0.9850652 2.0382946 -1.4260695 0.7852246 -0.2315204 -0.4283016 0.3825943
1403636748.963555574 -0.9976026 2.0260987 -1.4196661 0.7845139 -0.2334585 -0.4283384 0.3828333
1403636749.013555527 -1.0074023 2.0274331 -1.4146086 0.7837730 -0.2353211 -0.4283998 0.3831416
1403636749.063555479 -1.0026934 2.0296061 -1.4154129 0.7828200 -0.2383427 -0.4297690 0.3816860
1403636749.113555431 -0.9883754 2.0433852 -1.4136112 0.7815097 -0.2416891 -0.4319271 0.3798262
1403636749.163555622 -0.9818248 2.0562100 -1.4116874 0.7806934 -0.2433799 -0.4326695 0.3795803
1403636749.213555574 -0.9798354 2.0548235 -1.3960920 0.7805260 -0.2433857 -0.4314744 0.3812774
1403636749.263555527 -0.9662928 2.0626068 -1.3949445 0.7807418 -0.2405832 -0.4279710 0.3865265
1403636749.313555479 -0.9667338 2.0449952 -1.3885037 0.7808004 -0.2378398 -0.4250401 0.3913103
1403636749.363555670 -0.9553707 2.0840366 -1.3729074 0.7814767 -0.2353750 -0.4217533 0.3949899
1403636749.413555384 -0.9652540 2.0653969 -1.3587286 0.7818932 -0.2329605 -0.4191261 0.3983788
1403636749.463555574 -0.9631133 2.0622517 -1.3487312 0.7821892 -0.2302752 -0.4166483 0.4019423
1403636749.513555527 -0.9493440 2.0597925 -1.3340849 0.7829149 -0.2277518 -0.4140440 0.4046492
1403636749.563555479 -0.9441531 2.0760867 -1.3252712 0.7839524 -0.2246061 -0.4109502 0.4075423
1403636749.613555431 -0.9363074 2.0855838 -1.3149143 0.7839571 -0.2216761 -0.4093303 0.4107550
1403636749.663555622 -0.9481925 2.0957599 -1.3046282 0.7842528 -0.2204332 -0.4088138 0.4113733
1403636749.713555574 -0.9332551 2.0809772 -1.3058693 0.7837412 -0.2201419 -0.4101789 0.4111454
1403636749.763555527 -0.9369700 2.0641329 -1.2928065 0.7821668 -0.2198342 -0.4130165 0.4114673
1403636749.813555479 -0.9448064 2.0750949 -1.2759589 0.7798008 -0.2193480 -0.4168898 0.4123108
1403636749.863555670 -0.9274296 2.0776181 -1.2735612 0.7771486 -0.2192697 -0.4214137 0.4127607
1403636749.913555384 -0.9292381 2.0898930 -1.2755891 0.7755336 -0.2183677 -0.4244510 0.4131640
1403636749.963555574 -0.9310214 2.0653638 -1.2660039 0.7740497 -0.2172149 -0.4274774 0.4134342
1403636750.013555527 -0.9288953 2.0684191 -1.2662597 0.7735128 -0.2160050 -0.4295117 0.4129644
1403636750.063555479 -0.9340664 2.0644851 -1.2564531 0.7735079 -0.2151293 -0.4308508 0.4120345
1403636750.113555431 -0.9067026 2.0702093 -1.2476458 0.7748029 -0.2143301 -0.4307742 0.4100935
1403636750.163555622 -0.9417315 2.0610160 -1.2548550 0.7763782 -0.2135568 -0.4300219 0.4083032
1403636750.213555574 -0.9242271 2.0740867 -1.2441662 0.7776948 -0.2131201 -0.4299441 0.4061018
1403636750.263555527 -0.9127076 2.0545166 -1.2402813 0.7800669 -0.2120245 -0.4280007 0.4041740
1403636750.313555479 -0.9228580 2.0464285 -1.2288656 0.7817614 -0.2115377 -0.4275635 0.4016099
1403636750.363555670 -0.9099188 2.0453926 -1.2245978 0.7839553 -0.2098806 -0.4257010 0.4001786
1403636750.413555384 -0.9279841 2.0275181 -1.2195012 0.7850601 -0.2100968 -0.4261065 0.3974583
1403636750.463555574 -0.9388264 2.0293302 -1.2011371 0.7862876 -0.2082306 -0.4256243 0.3965297
1403636750.513555527 -0.9433353 2.0168601 -1.1876948 0.7865565 -0.2065905 -0.4266354 0.3957669
1403636750.563555479 -0.9511287 1.9909557 -1.1805438 0.7874853 -0.2047831 -0.4266322 0.3948617
1403636750.613555431 -0.9640138 1.9947775 -1.1536681 0.7883521 -0.2034319 -0.4269084 0.3935296
1403636750.663555622 -0.9728279 1.9961890 -1.1481423 0.7888380 -0.2012364 -0.4265133 0.3941128
1403636750.713555574 -0.9618631 2.0101040 -1.1211977 0.7897112 -0.2001156 -0.4263414 0.3931196
1403636750.763555527 -0.9949269 1.9789536 -1.1051158 0.7907070 -0.1990951 -0.4259656 0.3920420
1403636750.813555479 -1.0033742 1.9787895 -1.0924171 0.7914300 -0.1979194 -0.4253130 0.3918868
1403636750.863555670 -0.9946177 1.9721948 -1.0662208 0.7920324 -0.1971219 -0.4250878 0.3913156
1403636750.913555384 -1.0111012 1.9620221 -1.0389250 0.7934021 -0.1958341 -0.4230379 0.3914091
1403636750.963555574 -1.0225854 1.9674909 -1.0178238 0.7942406 -0.1945001 -0.4215224 0.3920083
1403636751.013555527 -0.9968308 1.9437086 -1.0151781 0.7950892 -0.1939886 -0.4199622 0.3922160
1403636751.063555479 -1.0114716 1.9431997 -0.9900232 0.7952526 -0.1939376 -0.4194885 0.3924169
1403636751.113555431 -1.0228029 1.9182990 -0.9630666 0.7953199 -0.1945163 -0.4194927 0.3919893
1403636751.163555622 -1.0222830 1.9072323 -0.9396701 0.7965538 -0.1960324 -0.4182437 0.3900584
1403636751.213555574 -1.0342571 1.9255397 -0.9176397 0.7991482 -0.1963166 -0.4144226 0.3886848
1403636751.263555527 -1.0579713 1.9148932 -0.9003399 0.8016534 -0.1981478 -0.4117257 0.3854493
1403636751.313555479 -1.0844519 1.9089576 -0.8760173 0.8027370 -0.2001002 -0.4109190 0.3830390
1403636751.363555670 -1.0622867 1.9249754 -0.8519494 0.8024176 -0.2031432 -0.4124855 0.3804137
1403636751.413555384 -1.0764868 1.9221794 -0.8454205 0.8006681 -0.2060576 -0.4157972 0.3789241
1403636751.463555574 -1.0954975 1.9225544 -0.8185705 0.7983449 -0.2096773 -0.4202960 0.3768716
1403636751.513555527 -1.1105680 1.9111001 -0.8016905 0.7961318 -0.2116445 -0.4247060 0.3755071
1403636751.563555479 -1.1306034 1.9000087 -0.7847709 0.7940545 -0.2116417 -0.4295292 0.3744195
1403636751.613555431 -1.1178456 1.8911676 -0.7667393 0.7936309 -0.2112695 -0.4329584 0.3715672
1403636751.663555622 -1.1502009 1.9016533 -0.7616980 0.7940607 -0.2103278 -0.4350616 0.3687157
1403636751.713555574 -1.1541811 1.9137348 -0.7362973 0.7962996 -0.2091399 -0.4348061 0.3648440
1403636751.763555527 -1.1513694 1.9080183 -0.7191928 0.7991822 -0.2079905 -0.4333876 0.3608642
1403636751.813555479 -1.1586867 1.9182088 -0.7014276 0.8022627 -0.2069049 -0.4315361 0.3568495
1403636751.863555670 -1.1556896 1.8821936 -0.6867657 0.8057610 -0.2039907 -0.4273136 0.3557248
1403636751.913555384 -1.1807934 1.9014702 -0.6764565 0.8080328 -0.1998782 -0.4239912 0.3568797
1403636751.963555574 -1.1683415 1.8867079 -0.6559482 0.8097838 -0.1957535 -0.4209141 0.3588343
1403636752.013555527 -1.1716637 1.8835657 -0.6535406 0.8109544 -0.1922596 -0.4184021 0.3610111
1403636752.063555479 -1.1853627 1.8827269 -0.6456778 0.8108307 -0.1900130 -0.4180008 0.3629379
1403636752.113555431 -1.1996523 1.8824284 -0.6349235 0.8098547 -0.1884259 -0.4190238 0.3647602
1403636752.163555622 -1.1736263 1.9069539 -0.6166220 0.8076063 -0.1860289 -0.4223958 0.3670791
1403636752.213555574 -1.1804322 1.8787613 -0.6133066 0.8052188 -0.1828249 -0.4267057 0.3689445
1403636752.263555527 -1.1773963 1.8836981 -0.5920262 0.8033609 -0.1789109 -0.4316097 0.3692089
1403636752.313555479 -1.1648919 1.8837931 -0.5739034 0.8011042 -0.1740773 -0.4376799 0.3692770
1403636752.363555670 -1.1738689 1.8825264 -0.5606059 0.7995760 -0.1681791 -0.4435765 0.3682849
1403636752.413555384 -1.1567520 1.8758624 -0.5330774 0.7993989 -0.1614791 -0.4484572 0.3657486
1403636752.463555574 -1.1817200 1.8726911 -0.5203213 0.8006371 -0.1540385 -0.4523155 0.3614734
1403636752.513555527 -1.1599685 1.8830402 -0.5066716 0.8021113 -0.1452702 -0.4557127 0.3575471
1403636752.563555479 -1.1586542 1.8881877 -0.4944760 0.8044565 -0.1363526 -0.4582563 0.3525038
1403636752.613555431 -1.1711318 1.8857212 -0.4773935 0.8066361 -0.1268818 -0.4609894 0.3474594
1403636752.663555622 -1.1477427 1.8748350 -0.4594140 0.8095551 -0.1173878 -0.4627421 0.3416291
1403636752.713555574 -1.1548896 1.8661405 -0.4433422 0.8110179 -0.1081813 -0.4664899 0.3360566
1403636752.763555527 -1.1436584 1.8816613 -0.4343998 0.8127639 -0.0985508 -0.4697710 0.3301784
1403636752.813555479 -1.1477554 1.8796323 -0.4224494 0.8143372 -0.0876762 -0.4722380 0.3258207
1403636752.863555670 -1.1588069 1.8804195 -0.4021819 0.8162183 -0.0771050 -0.4747051 0.3201525
1403636752.913555384 -1.1619444 1.8745233 -0.3985747 0.8165418 -0.0650533 -0.4779477 0.3171647
1403636752.963555574 -1.1699533 1.8662039 -0.3893476 0.8174258 -0.0527537 -0.4803699 0.3134914
1403636753.013555527 -1.1540385 1.8605915 -0.4009136 0.8183495 -0.0405968 -0.4827234 0.3092475
1403636753.063555479 -1.1700596 1.8699125 -0.3901481 0.8191390 -0.0283892 -0.4852168 0.3045816
1403636753.113555431 -1.1620671 1.8536827 -0.3837617 0.8196373 -0.0164169 -0.4882133 0.2992875
1403636753.163555622 -1.1561438 1.8482234 -0.3804184 0.8200101 -0.0046009 -0.4913591 0.2934765
1403636753.213555574 -1.1628048 1.8506787 -0.3798810 0.8201766 0.0073816 -0.4944664 0.2876785
1403636753.263555527 -1.1607541 1.8528920 -0.3822454 0.8200656 0.0200069 -0.4971134 0.2827903
1403636753.313555479 -1.1621055 1.8618612 -0.3935718 0.8193866 0.0333617 -0.4996130 0.2790689
1403636753.363555670 -1.1824623 1.8534453 -0.3978399 0.8181664 0.0436203 -0.5037236 0.2737947
1403636753.413555384 -1.1804973 1.8453650 -0.3877221 0.8172210 0.0511774 -0.5077723 0.2677647
1403636753.463555574 -1.1747083 1.8434158 -0.4027510 0.8167212 0.0557967 -0.5118012 0.2606006
1403636753.513555527 -1.1939138 1.8548372 -0.4071233 0.8164263 0.0590286 -0.5149543 0.2545305
1403636753.563555479 -1.1985017 1.8423527 -0.3991836 0.8162027 0.0611043 -0.5178294 0.2488615
1403636753.613555431 -1.2223136 1.8362529 -0.3884748 0.8152075 0.0626869 -0.5208315 0.2454415
1403636753.663555622 -1.2295368 1.8403946 -0.3811777 0.8149686 0.0634664 -0.5224124 0.2426593
1403636753.713555574 -1.2353503 1.7981360 -0.3819211 0.8149849 0.0636160 -0.5233318 0.2405752
1403636753.763555527 -1.2272974 1.8114480 -0.3777748 0.8142566 0.0642779 -0.5243008 0.2407556
1403636753.813555479 -1.2500592 1.8144513 -0.3744299 0.8138330 0.0647672 -0.5246041 0.2413950
1403636753.863555670 -1.2561431 1.8278358 -0.3790956 0.8134737 0.0644206 -0.5248735 0.2421122
1403636753.913555384 -1.2862632 1.8331870 -0.3863155 0.8138100 0.0630750 -0.5247535 0.2415959
1403636753.963555574 -1.2936610 1.8144205 -0.3721343 0.8135623 0.0624366 -0.5247574 0.2425855
1403636754.013555527 -1.2889325 1.7922879 -0.3814689 0.8132060 0.0616834 -0.5246932 0.2441071
1403636754.063555479 -1.2945947 1.7898243 -0.3834497 0.8114625 0.0600102 -0.5269464 0.2454687
1403636754.113555431 -1.3143193 1.8136475 -0.3803959 0.8095084 0.0585287 -0.5294355 0.2469182
1403636754.163555622 -1.3158334 1.8099456 -0.3667819 0.8080231 0.0574157 -0.5309145 0.2488614
1403636754.213555574 -1.3591836 1.7980958 -0.3804415 0.8065085 0.0570107 -0.5318692 0.2518113
1403636754.263555527 -1.3733828 1.8076116 -0.3759166 0.8058354 0.0564612 -0.5319449 0.2539216
1403636754.313555479 -1.3676488 1.8041073 -0.3764497 0.8057567 0.0558847 -0.5313974 0.2554405
1403636754.363555670 -1.3906245 1.8034626 -0.3604234 0.8056060 0.0563352 -0.5307723 0.2571111
1403636754.413555384 -1.3891312 1.7786523 -0.3518100 0.8057146 0.0566756 -0.5308632 0.2565074
1403636754.463555574 -1.3999192 1.7790634 -0.3272388 0.8059056 0.0581659 -0.5311252 0.2550272
1403636754.513555527 -1.4151810 1.7557189 -0.3366960 0.8061909 0.0608978 -0.5310807 0.2535763
1403636754.563555479 -1.4163184 1.7560354 -0.3236875 0.8068822 0.0654838 -0.5302923 0.2518791
1403636754.613555431 -1.4386264 1.7378803 -0.3247824 0.8074542 0.0708026 -0.5300496 0.2491025
1403636754.663555622 -1.4537365 1.7252218 -0.3254296 0.8072003 0.0765181 -0.5314049 0.2453191
1403636754.713555574 -1.4713506 1.7026939 -0.3223971 0.8073084 0.0824802 -0.5326717 0.2402311
1403636754.763555527 -1.4943641 1.6923976 -0.3253903 0.8064151 0.0892754 -0.5351650 0.2352087
1403636754.813555479 -1.5081583 1.6749161 -0.3095687 0.8057714 0.0962883 -0.5367756 0.2309393
1403636754.863555670 -1.5148829 1.6750900 -0.3164585 0.8052613 0.1016460 -0.5387511 0.2257642
1403636754.913555384 -1.5561332 1.6531158 -0.3280289 0.8042272 0.1071854 -0.5403573 0.2230335
1403636754.963555574 -1.5726346 1.6020264 -0.3262512 0.8039484 0.1113615 -0.5416086 0.2189192
1403636755.013555527 -1.6043511 1.6067657 -0.3283518 0.8034562 0.1164926 -0.5418134 0.2175450
1403636755.063555479 -1.6106381 1.5973932 -0.3151159 0.8030312 0.1187473 -0.5431334 0.2145837
1403636755.113555431 -1.6447574 1.5590565 -0.3182064 0.8028330 0.1215705 -0.5435153 0.2127697
1403636755.163555622 -1.6792030 1.5638239 -0.3208331 0.8030980 0.1230376 -0.5438165 0.2101404
1403636755.213555574 -1.6875354 1.5419329 -0.3143899 0.8030356 0.1243565 -0.5443082 0.2083217
1403636755.263555527 -1.7153850 1.5253630 -0.3218029 0.8044514 0.1255241 -0.5425438 0.2067555
1403636755.313555479 -1.7216670 1.4789921 -0.3088380 0.8072866 0.1266771 -0.5388974 0.2045261
1403636755.363555670 -1.7347446 1.4711890 -0.3136917 0.8108026 0.1274572 -0.5343252 0.2021146
1403636755.413555384 -1.7498814 1.4440340 -0.2998937 0.8136529 0.1286231 -0.5300326 0.2012224
1403636755.463555574 -1.7587237 1.4327495 -0.2933564 0.8156547 0.1286165 -0.5274016 0.2000319
1403636755.513555527 -1.7686008 1.4221517 -0.2916039 0.8161625 0.1287912 -0.5262969 0.2007566
1403636755.563555479 -1.8071568 1.3907482 -0.2892309 0.8161327 0.1292490 -0.5256017 0.2023982
1403636755.613555431 -1.8088574 1.3898881 -0.2891144 0.8151075 0.1292104 -0.5265569 0.2040643
1403636755.663555622 -1.8130676 1.3681410 -0.2738048 0.8145808 0.1274914 -0.5279607 0.2036212
1403636755.713555574 -1.8472047 1.3472507 -0.2768106 0.8142406 0.1265614 -0.5286307 0.2038238
1403636755.763555527 -1.8523982 1.3480227 -0.2828000 0.8135585 0.1249821 -0.5302044 0.2034338
1403636755.813555479 -1.8668038 1.3338036 -0.2681131 0.8120887 0.1236326 -0.5326558 0.2037272
1403636755.863555670 -1.9074501 1.3217656 -0.2647882 0.8112225 0.1226492 -0.5342408 0.2036222
1403636755.913555384 -1.9366421 1.2998549 -0.2784240 0.8097139 0.1221253 -0.5363647 0.2043567
1403636755.963555574 -1.9692753 1.2872036 -0.2629367 0.8093626 0.1211901 -0.5373937 0.2036003
1403636756.013555527 -1.9705920 1.2868549 -0.2709387 0.8087107 0.1206521 -0.5385678 0.2034079
1403636756.063555479 -2.0199667 1.2519314 -0.2580054 0.8082204 0.1202274 -0.5394743 0.2032058
1403636756.113555431 -2.0142002 1.2518383 -0.2621557 0.8075912 0.1209397 -0.5397698 0.2044962
1403636756.163555622 -2.0365197 1.2255035 -0.2703296 0.8068401 0.1212727 -0.5405841 0.2051118
1403636756.213555574 -2.0576490 1.2200260 -0.2666141 0.8061594 0.1210001 -0.5416841 0.2050471
1403636756.263555527 -2.0714189 1.1910300 -0.2513215 0.8060251 0.1209434 -0.5420783 0.2045661
1403636756.313555479 -2.0937159 1.1607398 -0.2460815 0.8059275 0.1211260 -0.5422946 0.2042692
1403636756.363555670 -2.1260289 1.1570855 -0.2422296 0.8054460 0.1217681 -0.5428031 0.2044358
1403636756.413555384 -2.1538298 1.1252364 -0.2454756 0.8049608 0.1225234 -0.5431107 0.2050778
1403636756.463555574 -2.1605210 1.1126849 -0.2398895 0.8047457 0.1226715 -0.5436016 0.2045321
1403636756.513555527 -2.1777204 1.1215338 -0.2384377 0.8046661 0.1228322 -0.5439533 0.2038123
1403636756.563555479 -2.2003187 1.0618185 -0.2368211 0.8044489 0.1234452 -0.5441189 0.2038573
1403636756.613555431 -2.2202464 1.0458032 -0.2419486 0.8040661 0.1235114 -0.5447995 0.2035095
1403636756.663555622 -2.2476975 1.0236852 -0.2483230 0.8039204 0.1237090 -0.5452327 0.2028040
1403636756.713555574 -2.2782828 1.0315874 -0.2451070 0.8031256 0.1240383 -0.5463623 0.2027116
1403636756.763555527 -2.2768931 0.9945389 -0.2652186 0.8026662 0.1243383 -0.5470419 0.2025146
1403636756.813555479 -2.3121833 0.9845365 -0.2509729 0.8023400 0.1243824 -0.5477820 0.2017780
1403636756.863555670 -2.3356245 0.9614004 -0.2525259 0.8024359 0.1246343 -0.5478540 0.2010446
1403636756.913555384 -2.3720966 0.9415585 -0.2264668 0.8025196 0.1251156 -0.5476080 0.2010817
1403636756.963555574 -2.3809397 0.9141732 -0.2315446 0.8027486 0.1250803 -0.5476880 0.1999684
1403636757.013555527 -2.4059937 0.8909245 -0.2183778 0.8025476 0.1257020 -0.5477760 0.2001443
1403636757.063555479 -2.4508181 0.8524521 -0.2153193 0.8030268 0.1248143 -0.5480635 0.1979794
1403636757.113555431 -2.4425105 0.8540646 -0.2152797 0.8026950 0.1251194 -0.5484268 0.1981261
1403636757.163555622 -2.4864978 0.8410599 -0.2027335 0.8031954 0.1252016 -0.5478421 0.1976633
1403636757.213555574 -2.5118171 0.8371327 -0.2037208 0.8029509 0.1250216 -0.5483088 0.1974763
1403636757.263555527 -2.5284316 0.7947963 -0.1992731 0.8030057 0.1257717 -0.5479334 0.1978191
1403636757.313555479 -2.5663602 0.7753949 -0.1993484 0.8031528 0.1274819 -0.5466715 0.1996100
1403636757.363555670 -2.5659860 0.7388795 -0.1947070 0.8037778 0.1276184 -0.5459940 0.1988601
1403636757.413555384 -2.5882031 0.6996750 -0.2049796 0.8045471 0.1290660 -0.5442409 0.1996192
1403636757.463555574 -2.6438693 0.7042216 -0.2064009 0.8054996 0.1306486 -0.5421065 0.2005537
1403636757.513555527 -2.6383968 0.6585520 -0.2024422 0.8064602 0.1334642 -0.5400590 0.2003637
1403636757.563555479 -2.6718058 0.6614128 -0.2092051 0.8083075 0.1367207 -0.5372278 0.1983248
1403636757.613555431 -2.6747706 0.6242759 -0.1949763 0.8110328 0.1408452 -0.5332044 0.1951448
1403636757.663555622 -2.7057857 0.6040522 -0.1916277 0.8140032 0.1447545 -0.5288086 0.1918496
1403636757.713555574 -2.7284689 0.5838166 -0.2029073 0.8169035 0.1483987 -0.5247530 0.1878317
1403636757.763555527 -2.7387003 0.5429011 -0.1845424 0.8192400 0.1513885 -0.5216269 0.1839368
1403636757.813555479 -2.7587335 0.5445041 -0.1800883 0.8209250 0.1543659 -0.5192348 0.1806889
1403636757.863555670 -2.7945142 0.5149384 -0.1782772 0.8218657 0.1560582 -0.5184551 0.1771634
1403636757.913555384 -2.8127070 0.4981601 -0.1562691 0.8216259 0.1575591 -0.5191571 0.1748771
1403636757.963555574 -2.8309704 0.4835826 -0.1606495 0.8200636 0.1578314 -0.5223744 0.1723660
1403636758.013555527 -2.8567393 0.4727384 -0.1426714 0.8154239 0.1581667 -0.5292423 0.1731174
1403636758.063555479 -2.9030809 0.4520333 -0.1254435 0.8113626 0.1581419 -0.5355010 0.1729754
1403636758.113555431 -2.9117515 0.4504325 -0.1074035 0.8077201 0.1573735 -0.5413655 0.1724681
1403636758.163555622 -2.9468998 0.4172375 -0.1076230 0.8045963 0.1569915 -0.5460841 0.1725415
1403636758.213555574 -2.9557878 0.4076287 -0.1059517 0.8018659 0.1567268 -0.5501323 0.1726331
1403636758.263555527 -2.9802733 0.3835662 -0.0926611 0.8006987 0.1560842 -0.5522713 0.1718010
1403636758.313555479 -3.0195668 0.3618889 -0.0815640 0.7997182 0.1551174 -0.5542704 0.1708033
1403636758.363555670 -3.0187893 0.3635809 -0.0969623 0.8007345 0.1547486 -0.5533628 0.1693122
1403636758.413555384 -3.0378456 0.3464473 -0.0840914 0.8046791 0.1540524 -0.5489490 0.1655728
1403636758.463555574 -3.0618848 0.3426667 -0.0815683 0.8101811 0.1529957 -0.5426504 0.1604039
1403636758.513555527 -3.0936925 0.2863450 -0.0899373 0.8169761 0.1509147 -0.5351274 0.1530145
1403636758.563555479 -3.1368149 0.3058960 -0.0862107 0.8235834 0.1481491 -0.5279948 0.1448577
1403636758.613555431 -3.1574626 0.2899484 -0.0858129 0.8287694 0.1457385 -0.5223370 0.1380784
1403636758.663555622 -3.1614284 0.2722851 -0.0831795 0.8299367 0.1448161 -0.5210887 0.1367476
1403636758.713555574 -3.2017054 0.2813246 -0.0901442 0.8265477 0.1440935 -0.5259986 0.1392171
1403636758.763555527 -3.2091142 0.2834034 -0.0793350 0.8215330 0.1445975 -0.5321273 0.1449676
1403636758.813555479 -3.2166598 0.2627288 -0.0899945 0.8169527 0.1439634 -0.5385426 0.1477658
1403636758.863555670 -3.2593362 0.2555304 -0.0930430 0.8118723 0.1449139 -0.5445666 0.1526778
1403636758.913555384 -3.2727598 0.2723875 -0.0989632 0.8082055 0.1474437 -0.5475264 0.1589936
1403636758.963555574 -3.2872043 0.2688247 -0.0998576 0.8053666 0.1482834 -0.5505173 0.1622570
1403636759.013555527 -3.2724978 0.2433999 -0.0911096 0.8038815 0.1492579 -0.5517550 0.1645086
1403636759.063555479 -3.2719291 0.2529920 -0.1030046 0.8026880 0.1477803 -0.5542971 0.1631189
1403636759.113555431 -3.3187328 0.2615188 -0.1017068 0.8027695 0.1434644 -0.5569616 0.1573938
1403636759.163555622 -3.3144443 0.2521566 -0.1133365 0.8035679 0.1372648 -0.5598752 0.1482457
1403636759.213555574 -3.3464073 0.2455328 -0.1292885 0.8044184 0.1313064 -0.5623567 0.1393726
1403636759.263555527 -3.3402372 0.2448382 -0.1338035 0.8051172 0.1262665 -0.5643167 0.1318706
1403636759.313555479 -3.3483462 0.2459191 -0.1331780 0.8052406 0.1252224 -0.5648406 0.1298540
1403636759.363555670 -3.3540494 0.2380194 -0.1537233 0.8040092 0.1292688 -0.5643351 0.1355903
1403636759.413555384 -3.3490802 0.2394090 -0.1694556 0.8033118 0.1343203 -0.5624693 0.1423956
1403636759.463555574 -3.3591161 0.2461313 -0.1764886 0.8018144 0.1390771 -0.5617066 0.1491207
1403636759.513555527 -3.3717570 0.2227974 -0.1923493 0.8008747 0.1438720 -0.5600238 0.1558007
1403636759.563555479 -3.3797970 0.2273624 -0.1819453 0.7997978 0.1474930 -0.5594508 0.1599502
1403636759.613555431 -3.4128886 0.2207648 -0.2095548 0.7987797 0.1514908 -0.5584219 0.1648228
1403636759.663555622 -3.3710506 0.2070378 -0.2217546 0.7983917 0.1539753 -0.5575239 0.1674198
1403636759.713555574 -3.3670255 0.1888316 -0.2264659 0.7983763 0.1557469 -0.5566117 0.1688833
1403636759.763555527 -3.3810842 0.1986532 -0.2183669 0.7980198 0.1557126 -0.5573719 0.1680910
1403636759.813555479 -3.3784560 0.1862050 -0.2221371 0.7971766 0.1566928 -0.5578193 0.1696895
1403636759.863555670 -3.3660592 0.2067191 -0.2278195 0.7978313 0.1564096 -0.5571659 0.1690193
1403636759.913555384 -3.3905013 0.1794874 -0.2321779 0.8007262 0.1572427 -0.5531055 0.1678883
1403636759.963555574 -3.3572506 0.1520773 -0.2409220 0.8038697 0.1581886 -0.5485063 0.1670650
1403636760.013555527 -3.3910148 0.1506691 -0.2535250 0.8065613 0.1583301 -0.5449201 0.1656880
1403636760.063555479 -3.3581256 0.1460650 -0.2527133 0.8091657 0.1575963 -0.5419634 0.1633708
1403636760.113555431 -3.3685148 0.1541166 -0.2526510 0.8116920 0.1584180 -0.5380026 0.1631348
1403636760.163555622 -3.3838539 0.1415584 -0.2617583 0.8136693 0.1588755 -0.5350316 0.1626100
1403636760.213555574 -3.3869970 0.1380870 -0.2640791 0.8114807 0.1577398 -0.5386201 0.1628053
1403636760.263555527 -3.3891315 0.1461398 -0.2765965 0.8074796 0.1563817 -0.5445193 0.1643781
1403636760.313555479 -3.3922817 0.1366202 -0.2738943 0.8036877 0.1545908 -0.5505308 0.1646320
1403636760.363555670 -3.3683117 0.1352758 -0.2738682 0.8011957 0.1547671 -0.5534762 0.1667233
1403636760.413555384 -3.3936527 0.1274398 -0.2893709 0.7987171 0.1554233 -0.5561918 0.1689535
1403636760.463555574 -3.3633133 0.1109897 -0.2858722 0.7977975 0.1561967 -0.5568012 0.1705702
1403636760.513555527 -3.3613408 0.1024617 -0.2911036 0.7985121 0.1574848 -0.5550714 0.1716764
1403636760.563555479 -3.3917010 0.1158972 -0.3126033 0.8012558 0.1589322 -0.5508645 0.1711082
1403636760.613555431 -3.3652155 0.0862277 -0.3139248 0.8042005 0.1603973 -0.5462728 0.1706469
1403636760.663555622 -3.3686782 0.0800301 -0.3190484 0.8061206 0.1624381 -0.5425538 0.1715192
1403636760.713555574 -3.3749317 0.0823419 -0.3205424 0.8077216 0.1642216 -0.5394731 0.1720053
1403636760.763555527 -3.3620983 0.0817383 -0.3321934 0.8072884 0.1656293 -0.5391753 0.1736154
1403636760.813555479 -3.3629154 0.0629830 -0.3346110 0.8056915 0.1660922 -0.5410508 0.1747534
1403636760.863555670 -3.3595239 0.0425241 -0.3452168 0.8033345 0.1669281 -0.5435679 0.1769821
1403636760.913555384 -3.3769538 0.0173203 -0.3525481 0.8012995 0.1677347 -0.5458327 0.1784683
1403636760.963555574 -3.3629960 0.0443973 -0.3531228 0.8014225 0.1679194 -0.5456396 0.1783323
1403636761.013555527 -3.3742414 0.0319268 -0.3576024 0.8036509 0.1675556 -0.5432855 0.1758160
1403636761.063555479 -3.3683452 0.0275640 -0.3577653 0.8066046 0.1669225 -0.5400422 0.1728595
1403636761.113555431 -3.3785401 0.0055481 -0.3641267 0.8104631 0.1666081 -0.5354676 0.1693097
1403636761.163555622 -3.3965497 -0.0068225 -0.3671556 0.8147906 0.1670311 -0.5296080 0.1665300
1403636761.213555574 -3.4133226 0.0042742 -0.3826579 0.8183113 0.1687345 -0.5239487 0.1654479
1403636761.263555527 -3.3962487 -0.0005042 -0.3742093 0.8209285 0.1685525 -0.5205860 0.1632686
1403636761.313555479 -3.4024873 -0.0147803 -0.3863459 0.8214787 0.1691214 -0.5194553 0.1635143
1403636761.363555670 -3.4049776 -0.0023064 -0.3847772 0.8199831 0.1686436 -0.5219363 0.1636140
1403636761.413555384 -3.4389977 -0.0059309 -0.3917163 0.8161378 0.1677416 -0.5277129 0.1652300
1403636761.463555574 -3.4336716 0.0036857 -0.3823503 0.8117207 0.1669673 -0.5339718 0.1676470
1403636761.513555527 -3.4401684 0.0180562 -0.3884696 0.8077678 0.1655073 -0.5399964 0.1688860
1403636761.563555479 -3.4362867 -0.0078021 -0.4018019 0.8043797 0.1642382 -0.5449763 0.1702936
1403636761.613555431 -3.4446369 -0.0051414 -0.3896608 0.8018550 0.1627699 -0.5489557 0.1708278
1403636761.663555622 -3.4535037 -0.0139847 -0.3848591 0.8011839 0.1597804 -0.5516463 0.1681100
1403636761.713555574 -3.4872731 -0.0168745 -0.4027190 0.8011318 0.1553668 -0.5544316 0.1632620
1403636761.763555527 -3.4957139 -0.0093446 -0.3960767 0.8016973 0.1516827 -0.5560162 0.1584921
1403636761.813555479 -3.4925548 -0.0065638 -0.3987223 0.8022363 0.1484510 -0.5572136 0.1545708
1403636761.863555670 -3.4966301 -0.0124230 -0.3924193 0.8026401 0.1465996 -0.5577922 0.1521361
1403636761.913555384 -3.5145157 0.0041758 -0.3928910 0.8030095 0.1472028 -0.5568337 0.1531120
1403636761.963555574 -3.5031638 0.0048945 -0.3744962 0.8029483 0.1491295 -0.5555433 0.1562244
1403636762.013555527 -3.5354649 0.0031263 -0.3703529 0.8014284 0.1541582 -0.5540819 0.1641370
1403636762.063555479 -3.5134711 -0.0144447 -0.3846330 0.7998867 0.1590641 -0.5524243 0.1723579
1403636762.113555431 -3.5191800 -0.0202609 -0.3864823 0.7979511 0.1659466 -0.5498249 0.1828342
1403636762.163555622 -3.5301702 0.0067135 -0.3804885 0.7974661 0.1708311 -0.5466340 0.1898836
1403636762.213555574 -3.5154209 0.0032072 -0.3760203 0.7998790 0.1729639 -0.5417895 0.1916799
1403636762.263555527 -3.5361693 0.0058240 -0.3550918 0.8044056 0.1731127 -0.5358491 0.1892865
1403636762.313555479 -3.5484304 0.0001771 -0.3694939 0.8093112 0.1722281 -0.5300831 0.1853775
1403636762.363555670 -3.5398185 0.0066871 -0.3721954 0.8137067 0.1709750 -0.5252218 0.1810829
1403636762.413555384 -3.5696370 -0.0114586 -0.3678465 0.8163623 0.1687187 -0.5233174 0.1767073
1403636762.463555574 -3.5624663 -0.0022524 -0.3749048 0.8182227 0.1641020 -0.5242019 0.1696895
1403636762.513555527 -3.5636912 -0.0171970 -0.3864400 0.8177786 0.1551406 -0.5310001 0.1587717
1403636762.563555479 -3.5679757 -0.0179129 -0.3906129 0.8162350 0.1464571 -0.5386376 0.1489305
1403636762.613555431 -3.5952948 -0.0234975 -0.3939051 0.8142875 0.1380407 -0.5462856 0.1394725
1403636762.663555622 -3.6094159 -0.0128910 -0.3971151 0.8114003 0.1329934 -0.5529774 0.1347530
1403636762.713555574 -3.6265154 0.0124956 -0.4179617 0.8083045 0.1347851 -0.5560535 0.1388574
